number_of_siblings,direct_admission,CCA,learning_style,tuition,final_test,hours_per_week,attendance_rate,class_size,sleep_hours
0,1,Sports,1,0,69.0,10.0,91.0,16.0,8.0
2,0,Sports,0,0,47.0,7.0,94.0,23.0,8.0
0,1,No CCA,1,0,85.0,8.0,92.0,16.0,8.0
1,0,Clubs,0,1,64.0,18.0,,22.0,8.0
0,0,Sports,0,0,66.0,7.0,95.0,27.0,8.0
0,0,Arts,1,0,57.0,11.0,96.0,21.0,8.0
2,1,No CCA,1,0,69.0,15.0,93.0,15.0,8.0
0,0,Sports,1,0,76.0,3.0,97.0,22.0,8.0
0,0,Arts,0,0,57.0,15.0,98.0,27.0,8.0
2,0,Arts,0,1,60.0,16.0,,22.0,8.0
2,1,Arts,1,0,72.0,10.0,92.0,20.0,8.0
2,0,Sports,0,0,52.0,11.0,91.0,22.0,8.0
0,0,Sports,1,1,85.0,8.0,95.0,18.0,8.0
2,0,Sports,1,1,83.0,6.0,90.0,17.0,8.0
0,1,Arts,0,1,75.0,15.0,98.0,16.0,8.0
0,0,Clubs,0,0,63.0,9.0,100.0,21.0,8.0
2,0,Clubs,0,0,42.0,13.0,96.0,24.0,8.0
1,0,No CCA,0,1,70.0,10.0,100.0,28.0,8.0
1,0,Clubs,0,1,56.0,5.0,93.0,24.0,8.0
1,0,Arts,1,1,79.0,8.0,96.0,25.0,8.0
1,0,Arts,1,1,59.0,9.0,92.0,28.0,7.0
0,0,No CCA,1,1,86.0,8.0,91.0,23.0,7.0
0,1,Clubs,1,0,69.0,12.0,95.0,19.0,8.0
0,0,Clubs,0,1,95.0,9.0,97.0,25.0,8.0
0,0,Arts,1,0,77.0,6.0,93.0,27.0,8.0
1,0,Clubs,0,0,54.0,18.0,95.0,25.0,8.0
2,1,Arts,1,0,74.0,11.0,96.0,15.0,8.0
2,0,Clubs,0,0,39.0,12.0,81.0,24.0,7.0
1,0,Arts,1,1,70.0,17.0,95.0,24.0,8.0
1,1,No CCA,0,1,88.0,6.0,94.0,17.0,8.0
2,0,No CCA,1,1,69.0,14.0,92.0,19.0,8.0
1,0,Clubs,1,0,78.0,8.0,98.0,25.0,8.0
1,0,Arts,1,1,60.0,9.0,91.0,28.0,8.0
0,1,Sports,1,0,78.0,5.0,97.0,20.0,8.0
1,0,Clubs,1,0,66.0,7.0,96.0,22.0,8.0
2,0,Arts,0,1,58.0,9.0,92.0,18.0,8.0
2,0,Sports,1,0,45.0,5.0,87.0,24.0,8.0
1,0,Arts,0,0,53.0,10.0,97.0,30.0,8.0
2,0,Arts,0,0,42.0,11.0,55.0,22.0,5.0
1,0,Arts,1,1,71.0,15.0,91.0,25.0,7.0
1,1,No CCA,1,1,92.0,10.0,95.0,21.0,8.0
1,0,No CCA,0,1,62.0,5.0,97.0,28.0,8.0
0,0,Arts,0,1,75.0,8.0,97.0,23.0,8.0
0,0,Clubs,1,1,81.0,10.0,98.0,27.0,8.0
1,1,Arts,1,1,49.0,1.0,64.0,30.0,6.0
0,1,No CCA,1,0,82.0,5.0,93.0,17.0,8.0
2,0,Sports,0,1,79.0,9.0,99.0,21.0,8.0
0,1,Sports,1,0,77.0,9.0,96.0,18.0,8.0
1,0,Arts,1,0,45.0,14.0,94.0,30.0,8.0
1,0,Arts,0,0,48.0,8.0,74.0,24.0,7.0
2,0,Sports,0,1,58.0,19.0,91.0,20.0,8.0
0,0,Arts,0,1,63.0,8.0,98.0,27.0,8.0
2,1,Arts,1,0,78.0,7.0,98.0,14.0,8.0
2,0,No CCA,1,0,69.0,5.0,96.0,22.0,8.0
2,0,Sports,0,1,54.0,16.0,95.0,18.0,8.0
1,1,No CCA,1,1,95.0,9.0,92.0,21.0,8.0
1,0,Clubs,1,0,51.0,18.0,,30.0,8.0
2,0,Sports,0,1,60.0,16.0,94.0,20.0,8.0
2,0,Arts,0,1,40.0,5.0,98.0,22.0,8.0
1,0,Sports,0,1,57.0,11.0,95.0,30.0,8.0
0,1,No CCA,0,1,85.0,8.0,,21.0,8.0
1,1,No CCA,0,1,65.0,16.0,99.0,19.0,8.0
1,1,Sports,0,1,55.0,8.0,91.0,25.0,8.0
1,1,No CCA,1,1,92.0,9.0,91.0,21.0,8.0
1,0,Clubs,0,0,50.0,5.0,92.0,30.0,8.0
0,0,Sports,0,1,55.0,7.0,96.0,22.0,8.0
0,0,No CCA,0,1,94.0,7.0,92.0,25.0,8.0
1,0,Sports,0,1,60.0,17.0,91.0,24.0,8.0
1,1,Clubs,0,0,56.0,7.0,91.0,25.0,8.0
1,1,No CCA,0,0,76.0,3.0,93.0,17.0,8.0
0,1,No CCA,0,0,79.0,6.0,91.0,20.0,8.0
1,0,Clubs,1,0,53.0,7.0,96.0,30.0,8.0
1,0,Clubs,0,1,48.0,6.0,97.0,30.0,8.0
2,1,Sports,1,0,72.0,8.0,90.0,20.0,8.0
0,1,Sports,1,0,49.0,14.0,55.0,20.0,5.0
1,0,Arts,0,1,58.0,15.0,98.0,22.0,8.0
2,0,Arts,0,1,76.0,8.0,92.0,21.0,8.0
2,1,No CCA,1,0,83.0,8.0,95.0,18.0,8.0
0,0,Clubs,1,1,53.0,14.0,97.0,20.0,8.0
0,0,Clubs,0,0,57.0,6.0,96.0,27.0,8.0
0,1,No CCA,1,1,70.0,10.0,96.0,16.0,8.0
1,0,Arts,0,1,52.0,8.0,95.0,24.0,8.0
1,0,Arts,1,0,50.0,18.0,95.0,30.0,8.0
0,0,Arts,0,1,94.0,8.0,,21.0,8.0
1,0,Sports,0,0,48.0,14.0,92.0,25.0,8.0
0,1,No CCA,1,0,82.0,9.0,93.0,17.0,8.0
1,1,Sports,1,1,67.0,7.0,,21.0,8.0
0,0,Clubs,0,1,66.0,17.0,92.0,27.0,8.0
0,0,No CCA,1,1,89.0,7.0,,23.0,8.0
2,0,Arts,0,1,71.0,8.0,92.0,19.0,8.0
2,0,No CCA,1,1,60.0,15.0,91.0,22.0,8.0
1,1,No CCA,1,1,93.0,5.0,96.0,21.0,8.0
0,0,No CCA,0,1,87.0,7.0,96.0,22.0,8.0
0,0,No CCA,0,0,88.0,7.0,97.0,22.0,8.0
1,0,Sports,0,1,63.0,13.0,100.0,22.0,8.0
0,0,No CCA,1,0,79.0,5.0,94.0,27.0,8.0
1,0,Clubs,0,1,56.0,8.0,99.0,27.0,8.0
0,0,No CCA,1,1,94.0,9.0,95.0,23.0,8.0
1,0,Clubs,0,0,47.0,9.0,61.0,25.0,4.0
1,0,Sports,0,0,54.0,15.0,93.0,30.0,8.0
1,0,Clubs,0,1,64.0,6.0,99.0,28.0,8.0
2,0,Clubs,0,1,51.0,6.0,95.0,18.0,8.0
1,0,Arts,0,0,55.0,7.0,93.0,29.0,8.0
1,0,Clubs,0,1,74.0,9.0,96.0,28.0,8.0
2,0,Sports,0,1,46.0,9.0,81.0,24.0,7.0
1,0,Sports,1,1,53.0,10.0,91.0,30.0,8.0
0,0,No CCA,1,0,65.0,19.0,99.0,27.0,8.0
2,0,Clubs,0,0,52.0,15.0,95.0,19.0,8.0
1,0,Sports,1,0,46.0,11.0,77.0,30.0,7.0
0,1,Sports,1,0,83.0,7.0,95.0,16.0,8.0
2,0,Sports,0,0,46.0,4.0,52.0,23.0,5.0
1,0,Clubs,0,1,52.0,17.0,93.0,29.0,8.0
0,1,Clubs,0,0,72.0,10.0,97.0,19.0,8.0
1,0,Arts,0,1,66.0,14.0,97.0,28.0,8.0
0,0,Sports,0,0,69.0,18.0,99.0,21.0,8.0
1,1,No CCA,0,1,78.0,9.0,95.0,21.0,8.0
0,0,No CCA,1,1,84.0,9.0,98.0,23.0,8.0
1,0,Arts,0,0,63.0,18.0,93.0,27.0,8.0
0,0,Sports,1,0,73.0,18.0,99.0,28.0,8.0
0,1,No CCA,1,1,85.0,9.0,96.0,16.0,8.0
1,0,Arts,0,1,71.0,9.0,97.0,22.0,8.0
1,0,Sports,1,1,46.0,13.0,90.0,30.0,8.0
2,0,Sports,0,1,62.0,9.0,92.0,22.0,8.0
2,0,Sports,0,1,76.0,10.0,94.0,21.0,8.0
1,0,Sports,1,1,65.0,19.0,94.0,28.0,8.0
1,1,No CCA,1,1,91.0,9.0,91.0,21.0,7.0
1,0,Sports,0,0,38.0,3.0,51.0,28.0,5.0
0,0,Sports,1,1,96.0,8.0,98.0,23.0,8.0
0,0,Clubs,0,1,93.0,6.0,91.0,25.0,8.0
2,0,Sports,0,1,55.0,12.0,92.0,18.0,8.0
1,0,Sports,0,1,58.0,17.0,94.0,22.0,8.0
1,0,Sports,0,1,64.0,10.0,92.0,27.0,8.0
0,0,Sports,0,0,65.0,14.0,95.0,21.0,8.0
0,0,Clubs,1,1,89.0,7.0,99.0,22.0,8.0
0,0,Clubs,1,0,55.0,13.0,98.0,22.0,8.0
1,0,Sports,1,0,58.0,9.0,97.0,31.0,8.0
1,0,Arts,0,0,53.0,18.0,95.0,25.0,8.0
1,0,Clubs,1,0,47.0,10.0,91.0,30.0,8.0
2,0,No CCA,1,1,72.0,10.0,99.0,19.0,8.0
0,0,No CCA,0,0,68.0,19.0,95.0,27.0,8.0
1,0,No CCA,0,1,61.0,7.0,91.0,28.0,8.0
1,1,Sports,0,1,72.0,11.0,94.0,20.0,8.0
1,0,Clubs,1,0,51.0,7.0,100.0,30.0,8.0
2,0,Arts,1,0,41.0,8.0,96.0,22.0,8.0
0,0,Sports,0,0,53.0,18.0,97.0,21.0,8.0
1,0,Clubs,1,0,53.0,18.0,100.0,26.0,8.0
0,0,Clubs,1,0,76.0,8.0,96.0,27.0,8.0
2,0,Sports,0,0,59.0,16.0,94.0,20.0,8.0
1,0,Clubs,1,1,59.0,15.0,94.0,28.0,8.0
1,1,Sports,1,0,49.0,4.0,55.0,30.0,5.0
1,1,Sports,0,0,49.0,7.0,93.0,24.0,8.0
2,0,Arts,0,1,56.0,11.0,93.0,20.0,8.0
0,0,No CCA,0,1,72.0,12.0,94.0,23.0,8.0
1,1,No CCA,1,0,91.0,5.0,97.0,21.0,8.0
1,0,Clubs,0,0,61.0,8.0,100.0,28.0,8.0
2,1,Arts,1,0,54.0,5.0,99.0,16.0,8.0
0,0,Clubs,1,0,72.0,10.0,95.0,28.0,8.0
1,1,Clubs,0,1,75.0,6.0,92.0,17.0,8.0
1,1,No CCA,1,0,61.0,7.0,96.0,27.0,8.0
0,0,Arts,0,1,77.0,6.0,93.0,21.0,8.0
1,1,Arts,0,0,49.0,10.0,91.0,25.0,8.0
2,0,Sports,0,0,41.0,1.0,98.0,22.0,8.0
2,0,Arts,0,1,49.0,6.0,56.0,24.0,4.0
2,0,Clubs,1,0,72.0,7.0,96.0,23.0,8.0
1,0,Clubs,0,1,58.0,16.0,100.0,24.0,8.0
0,0,Sports,0,0,77.0,6.0,90.0,22.0,8.0
2,0,Sports,1,0,70.0,14.0,91.0,23.0,8.0
1,0,No CCA,1,0,55.0,13.0,99.0,26.0,8.0
0,1,No CCA,1,0,81.0,7.0,90.0,18.0,7.0
1,0,Clubs,0,0,47.0,5.0,96.0,30.0,8.0
2,1,No CCA,1,1,76.0,6.0,91.0,14.0,8.0
0,1,Sports,1,0,73.0,6.0,94.0,18.0,8.0
2,0,Clubs,0,0,42.0,5.0,59.0,22.0,5.0
1,0,Sports,0,0,62.0,13.0,99.0,27.0,8.0
2,0,Sports,0,1,71.0,15.0,93.0,21.0,8.0
0,1,Sports,1,1,79.0,7.0,93.0,15.0,8.0
1,1,Arts,1,0,79.0,6.0,91.0,17.0,8.0
2,0,Clubs,0,1,71.0,11.0,97.0,19.0,8.0
1,0,Clubs,0,0,62.0,5.0,92.0,28.0,8.0
0,0,Arts,1,1,81.0,6.0,95.0,24.0,8.0
1,1,Arts,1,1,85.0,8.0,100.0,22.0,8.0
2,1,No CCA,1,0,81.0,8.0,91.0,18.0,8.0
0,1,No CCA,1,1,82.0,8.0,99.0,15.0,8.0
2,0,Clubs,1,1,72.0,5.0,95.0,19.0,8.0
2,0,Sports,0,1,60.0,18.0,98.0,22.0,8.0
1,0,Clubs,1,0,46.0,5.0,67.0,30.0,6.0
0,0,Arts,1,1,55.0,18.0,97.0,22.0,8.0
1,0,Arts,1,0,54.0,15.0,91.0,30.0,8.0
1,0,Sports,1,1,57.0,10.0,99.0,30.0,8.0
0,1,Clubs,0,0,76.0,6.0,92.0,15.0,8.0
1,1,No CCA,0,1,80.0,8.0,94.0,22.0,8.0
2,0,Clubs,0,1,55.0,17.0,93.0,18.0,8.0
2,0,Sports,0,0,40.0,2.0,89.0,23.0,8.0
2,1,Arts,0,0,45.0,6.0,95.0,24.0,8.0
0,0,Clubs,1,0,79.0,8.0,94.0,27.0,8.0
1,1,Arts,0,0,48.0,6.0,97.0,25.0,8.0
1,1,Sports,1,0,55.0,8.0,91.0,27.0,8.0
1,0,Clubs,1,0,58.0,10.0,96.0,26.0,8.0
0,0,No CCA,0,0,62.0,15.0,97.0,21.0,8.0
1,0,Sports,0,1,67.0,8.0,99.0,28.0,8.0
0,0,No CCA,0,1,71.0,9.0,91.0,20.0,8.0
2,0,Clubs,1,1,78.0,8.0,96.0,19.0,8.0
0,0,Sports,1,1,68.0,12.0,94.0,22.0,8.0
1,1,No CCA,1,0,57.0,7.0,98.0,27.0,8.0
1,1,No CCA,1,0,76.0,10.0,97.0,17.0,8.0
0,1,Sports,0,0,77.0,9.0,,19.0,8.0
2,0,No CCA,1,0,69.0,8.0,100.0,22.0,8.0
1,0,Sports,1,0,47.0,8.0,98.0,30.0,8.0
1,1,Clubs,1,0,52.0,5.0,92.0,27.0,8.0
1,0,No CCA,0,0,50.0,7.0,73.0,29.0,6.0
2,0,Clubs,1,0,53.0,12.0,93.0,19.0,8.0
2,0,Sports,1,0,61.0,12.0,97.0,23.0,8.0
0,0,Clubs,0,0,70.0,18.0,99.0,20.0,8.0
0,0,Arts,0,1,68.0,19.0,95.0,22.0,8.0
2,0,Clubs,0,1,70.0,14.0,96.0,21.0,8.0
1,0,No CCA,1,1,72.0,12.0,97.0,24.0,8.0
2,1,Arts,1,1,72.0,8.0,96.0,15.0,8.0
1,1,Arts,1,0,57.0,19.0,100.0,27.0,8.0
1,0,Clubs,1,0,48.0,7.0,85.0,30.0,8.0
0,0,No CCA,1,1,75.0,7.0,98.0,28.0,8.0
1,0,No CCA,0,1,60.0,14.0,100.0,28.0,8.0
0,0,Clubs,0,1,70.0,16.0,95.0,22.0,8.0
2,0,Arts,0,1,58.0,19.0,96.0,22.0,8.0
1,0,Arts,1,1,52.0,16.0,,30.0,8.0
0,0,No CCA,1,1,61.0,19.0,93.0,20.0,8.0
1,0,Sports,1,1,65.0,6.0,96.0,28.0,8.0
0,1,Sports,1,0,74.0,5.0,90.0,15.0,8.0
1,1,No CCA,0,0,78.0,9.0,96.0,21.0,8.0
0,1,No CCA,1,0,74.0,12.0,94.0,18.0,8.0
0,1,No CCA,1,1,83.0,9.0,,16.0,8.0
1,0,Arts,0,1,64.0,11.0,95.0,27.0,8.0
2,0,Arts,0,1,50.0,12.0,96.0,18.0,8.0
1,0,Clubs,0,0,49.0,3.0,59.0,24.0,5.0
2,1,Arts,1,1,72.0,17.0,92.0,15.0,8.0
2,1,No CCA,1,1,82.0,9.0,97.0,18.0,8.0
1,0,Arts,1,1,46.0,7.0,99.0,30.0,8.0
0,0,Clubs,0,0,76.0,9.0,92.0,21.0,8.0
2,0,Arts,0,0,44.0,13.0,82.0,23.0,8.0
0,0,Clubs,1,0,79.0,7.0,99.0,27.0,8.0
0,0,Clubs,1,1,64.0,9.0,99.0,22.0,8.0
0,0,Clubs,0,0,65.0,17.0,99.0,27.0,8.0
1,0,Arts,0,1,57.0,18.0,99.0,27.0,8.0
2,1,No CCA,1,0,86.0,9.0,96.0,18.0,8.0
1,1,No CCA,1,1,74.0,13.0,94.0,17.0,8.0
0,0,Sports,1,0,72.0,12.0,97.0,28.0,8.0
0,1,Sports,1,1,77.0,6.0,96.0,15.0,8.0
1,0,Clubs,0,0,49.0,7.0,94.0,25.0,8.0
1,0,Clubs,1,0,49.0,5.0,100.0,30.0,8.0
1,0,Arts,1,0,47.0,11.0,78.0,30.0,7.0
1,1,Arts,0,1,76.0,20.0,90.0,17.0,8.0
1,1,No CCA,0,1,83.0,6.0,94.0,17.0,8.0
0,0,Arts,0,0,64.0,15.0,97.0,27.0,8.0
2,0,Clubs,0,0,69.0,17.0,93.0,21.0,8.0
1,0,Clubs,0,0,51.0,8.0,96.0,30.0,8.0
2,1,Arts,1,0,44.0,6.0,43.0,24.0,4.0
1,0,Sports,0,1,65.0,7.0,,28.0,8.0
1,1,No CCA,0,1,64.0,11.0,94.0,19.0,8.0
0,0,Sports,0,1,68.0,20.0,98.0,22.0,8.0
0,0,Arts,0,1,55.0,16.0,91.0,21.0,8.0
1,0,Arts,1,1,57.0,5.0,100.0,28.0,8.0
2,0,Sports,0,1,71.0,10.0,95.0,19.0,8.0
0,0,Clubs,0,1,71.0,6.0,96.0,23.0,8.0
1,0,Arts,0,1,48.0,5.0,97.0,25.0,8.0
1,1,Sports,0,1,56.0,18.0,99.0,25.0,8.0
1,0,Clubs,0,1,64.0,16.0,96.0,22.0,8.0
1,0,Clubs,1,0,53.0,8.0,91.0,30.0,8.0
2,1,No CCA,1,0,73.0,20.0,95.0,20.0,8.0
2,0,Arts,1,0,70.0,11.0,92.0,23.0,8.0
1,0,Sports,0,0,48.0,9.0,54.0,30.0,5.0
2,1,Clubs,1,0,69.0,17.0,,15.0,8.0
1,0,Sports,0,0,67.0,14.0,99.0,28.0,8.0
0,1,Sports,1,1,81.0,10.0,94.0,17.0,8.0
2,1,Clubs,1,1,74.0,10.0,99.0,14.0,8.0
2,1,Sports,1,1,83.0,9.0,99.0,18.0,8.0
2,0,Clubs,1,1,57.0,17.0,95.0,22.0,8.0
0,1,No CCA,0,1,83.0,9.0,98.0,21.0,8.0
1,1,Sports,1,1,77.0,7.0,93.0,20.0,8.0
1,0,Sports,0,0,52.0,16.0,90.0,30.0,8.0
0,0,Arts,0,0,68.0,19.0,92.0,20.0,8.0
0,0,No CCA,0,1,94.0,8.0,97.0,25.0,8.0
1,0,Sports,1,0,58.0,10.0,93.0,26.0,8.0
1,0,Sports,1,0,59.0,18.0,98.0,26.0,8.0
0,0,No CCA,1,1,92.0,6.0,90.0,23.0,8.0
0,0,Arts,0,1,62.0,15.0,99.0,21.0,8.0
2,0,Arts,1,1,77.0,6.0,99.0,19.0,8.0
0,0,Arts,1,0,67.0,10.0,91.0,27.0,8.0
1,1,Clubs,1,1,95.0,6.0,95.0,21.0,8.0
0,0,Sports,1,1,58.0,15.0,94.0,20.0,8.0
0,0,No CCA,0,1,89.0,8.0,95.0,22.0,8.0
0,1,No CCA,1,0,87.0,5.0,91.0,16.0,8.0
2,0,Arts,1,1,80.0,9.0,94.0,17.0,8.0
1,0,Clubs,1,1,47.0,2.0,93.0,25.0,8.0
2,0,Clubs,1,1,60.0,16.0,93.0,22.0,8.0
0,0,Sports,0,0,54.0,13.0,98.0,27.0,8.0
1,0,Sports,1,1,55.0,15.0,97.0,30.0,8.0
2,0,Clubs,0,0,38.0,11.0,87.0,22.0,8.0
0,0,Arts,0,1,99.0,9.0,95.0,21.0,8.0
2,0,Sports,1,0,56.0,16.0,100.0,22.0,8.0
1,0,Arts,1,0,52.0,15.0,97.0,30.0,8.0
1,0,Clubs,0,1,70.0,20.0,99.0,28.0,8.0
1,0,Sports,0,1,53.0,19.0,95.0,30.0,8.0
1,1,No CCA,1,1,84.0,8.0,98.0,17.0,8.0
2,1,No CCA,1,0,86.0,8.0,98.0,18.0,8.0
1,0,Arts,0,1,56.0,18.0,98.0,24.0,8.0
2,0,Sports,0,1,43.0,2.0,97.0,24.0,8.0
2,0,Arts,0,0,40.0,4.0,82.0,22.0,7.0
2,0,No CCA,0,0,45.0,12.0,79.0,24.0,7.0
1,1,Arts,0,0,47.0,14.0,72.0,25.0,7.0
0,0,No CCA,0,1,89.0,7.0,92.0,22.0,8.0
1,0,No CCA,0,1,48.0,5.0,86.0,29.0,8.0
0,0,No CCA,0,1,78.0,7.0,95.0,22.0,8.0
1,1,No CCA,0,1,67.0,10.0,90.0,19.0,8.0
0,1,Arts,1,0,84.0,6.0,94.0,17.0,8.0
0,1,Arts,1,0,82.0,6.0,91.0,17.0,8.0
1,0,Arts,1,1,52.0,14.0,93.0,30.0,8.0
1,0,Arts,0,0,59.0,14.0,94.0,31.0,8.0
0,0,No CCA,0,0,67.0,11.0,93.0,27.0,8.0
0,0,Sports,0,0,94.0,7.0,93.0,25.0,8.0
1,1,Arts,0,1,65.0,18.0,95.0,19.0,8.0
2,0,Clubs,1,1,56.0,18.0,100.0,18.0,8.0
1,0,Clubs,1,1,74.0,13.0,96.0,25.0,8.0
1,0,Sports,0,1,63.0,10.0,100.0,28.0,8.0
2,0,Clubs,0,0,49.0,13.0,97.0,24.0,8.0
1,0,Clubs,0,1,64.0,5.0,93.0,24.0,8.0
0,0,Arts,1,1,78.0,5.0,92.0,24.0,8.0
0,0,Arts,1,0,59.0,8.0,93.0,20.0,8.0
2,0,No CCA,1,0,81.0,10.0,100.0,17.0,8.0
1,0,Arts,1,0,48.0,6.0,63.0,30.0,5.0
1,1,Sports,1,1,93.0,10.0,97.0,21.0,8.0
2,0,Clubs,0,1,73.0,17.0,,21.0,8.0
1,0,Clubs,1,0,49.0,4.0,91.0,30.0,8.0
0,0,Arts,0,0,76.0,16.0,92.0,22.0,8.0
1,0,Clubs,0,1,69.0,7.0,93.0,22.0,8.0
1,0,Arts,1,0,57.0,5.0,92.0,26.0,8.0
2,0,Clubs,1,0,78.0,6.0,99.0,19.0,8.0
2,0,Sports,0,1,68.0,8.0,92.0,21.0,8.0
2,0,Arts,0,0,49.0,14.0,89.0,24.0,8.0
0,0,Arts,0,1,55.0,12.0,95.0,22.0,8.0
1,0,Sports,1,0,50.0,9.0,94.0,30.0,8.0
0,0,Clubs,1,0,67.0,16.0,95.0,28.0,8.0
2,0,Arts,1,0,68.0,19.0,97.0,22.0,8.0
0,0,Sports,1,0,74.0,20.0,92.0,28.0,8.0
0,0,Sports,1,1,77.0,8.0,93.0,24.0,8.0
1,1,No CCA,1,1,90.0,7.0,90.0,21.0,8.0
0,1,Clubs,1,1,70.0,17.0,98.0,16.0,8.0
2,0,Sports,0,1,50.0,7.0,92.0,22.0,8.0
0,0,Sports,0,1,57.0,16.0,92.0,22.0,8.0
1,1,Clubs,0,1,81.0,8.0,93.0,17.0,8.0
0,0,Clubs,1,0,76.0,7.0,98.0,28.0,8.0
0,1,Sports,1,1,80.0,6.0,97.0,20.0,8.0
1,0,Sports,0,0,59.0,18.0,93.0,27.0,8.0
1,0,Arts,0,0,51.0,8.0,99.0,30.0,8.0
1,0,Sports,0,1,61.0,8.0,98.0,24.0,8.0
0,1,Sports,0,1,77.0,7.0,90.0,20.0,8.0
0,0,Sports,0,0,64.0,5.0,95.0,27.0,8.0
2,0,Clubs,0,0,52.0,19.0,97.0,22.0,8.0
1,0,Arts,1,0,52.0,20.0,94.0,30.0,8.0
1,1,No CCA,1,1,85.0,8.0,97.0,17.0,8.0
0,0,No CCA,0,1,67.0,18.0,93.0,22.0,8.0
1,0,Sports,0,1,58.0,13.0,99.0,27.0,8.0
0,0,Clubs,1,0,77.0,6.0,99.0,27.0,8.0
2,0,No CCA,0,1,62.0,8.0,95.0,23.0,8.0
0,0,No CCA,1,1,74.0,8.0,,24.0,8.0
1,1,No CCA,1,1,95.0,8.0,98.0,21.0,8.0
2,0,No CCA,0,1,51.0,10.0,91.0,23.0,8.0
0,0,Clubs,1,0,74.0,16.0,91.0,27.0,8.0
1,0,Sports,0,0,59.0,17.0,96.0,27.0,8.0
2,0,No CCA,1,0,42.0,6.0,61.0,22.0,6.0
2,0,Arts,0,1,73.0,5.0,94.0,23.0,8.0
2,0,Clubs,0,1,56.0,8.0,95.0,22.0,8.0
0,1,Clubs,0,0,76.0,9.0,97.0,16.0,8.0
2,1,Arts,1,0,72.0,6.0,96.0,20.0,8.0
2,0,Arts,0,0,47.0,2.0,,23.0,8.0
1,0,No CCA,0,1,66.0,19.0,99.0,27.0,8.0
2,0,No CCA,0,1,62.0,6.0,92.0,23.0,8.0
1,1,Arts,0,1,78.0,8.0,94.0,21.0,8.0
1,1,Arts,1,1,57.0,16.0,92.0,27.0,8.0
2,0,Clubs,0,0,77.0,6.0,100.0,21.0,8.0
1,0,Sports,0,0,51.0,10.0,97.0,24.0,8.0
0,0,Clubs,1,0,56.0,10.0,91.0,22.0,8.0
0,1,Clubs,0,1,80.0,5.0,95.0,21.0,8.0
0,0,Sports,0,0,61.0,12.0,95.0,27.0,8.0
0,0,Arts,0,1,70.0,8.0,97.0,27.0,8.0
1,0,Arts,0,1,65.0,13.0,95.0,28.0,8.0
2,0,Arts,0,0,40.0,10.0,84.0,22.0,8.0
1,1,Arts,0,1,75.0,9.0,100.0,21.0,8.0
1,1,Arts,0,1,82.0,7.0,98.0,22.0,8.0
1,0,Arts,1,1,57.0,19.0,98.0,26.0,8.0
1,0,Clubs,0,0,41.0,3.0,95.0,28.0,8.0
2,0,Sports,1,1,61.0,10.0,97.0,22.0,8.0
1,0,Sports,0,1,34.0,9.0,90.0,28.0,7.0
0,1,Clubs,1,0,90.0,6.0,92.0,16.0,8.0
0,0,Clubs,0,1,70.0,6.0,91.0,22.0,8.0
0,0,Clubs,0,1,72.0,16.0,92.0,23.0,8.0
1,0,Sports,0,0,54.0,12.0,93.0,27.0,8.0
0,0,No CCA,1,1,90.0,8.0,97.0,23.0,8.0
1,0,Sports,0,1,51.0,6.0,92.0,29.0,8.0
0,0,Clubs,0,1,61.0,12.0,94.0,20.0,8.0
0,1,Clubs,1,0,78.0,9.0,97.0,20.0,8.0
0,0,No CCA,0,0,81.0,8.0,98.0,23.0,8.0
0,0,Clubs,0,0,63.0,16.0,100.0,27.0,8.0
0,0,Clubs,0,0,57.0,17.0,99.0,22.0,8.0
0,0,Sports,0,1,72.0,16.0,93.0,23.0,8.0
0,0,Arts,1,0,90.0,6.0,95.0,23.0,8.0
0,0,No CCA,0,1,72.0,7.0,99.0,21.0,8.0
1,0,No CCA,0,0,54.0,7.0,90.0,25.0,8.0
1,0,Clubs,0,0,46.0,12.0,71.0,24.0,7.0
2,0,Sports,1,1,54.0,14.0,98.0,20.0,8.0
0,0,Sports,1,1,76.0,20.0,94.0,23.0,8.0
0,1,Clubs,0,1,75.0,5.0,96.0,20.0,8.0
0,0,No CCA,0,1,93.0,6.0,90.0,22.0,7.0
1,1,Arts,0,0,49.0,9.0,93.0,25.0,8.0
0,0,Sports,0,1,61.0,18.0,91.0,20.0,8.0
0,0,No CCA,1,1,89.0,9.0,99.0,23.0,8.0
0,1,Clubs,1,0,74.0,18.0,92.0,18.0,8.0
1,1,Arts,1,0,55.0,12.0,99.0,27.0,8.0
0,0,Clubs,1,1,57.0,9.0,96.0,20.0,8.0
2,1,Arts,1,1,77.0,5.0,92.0,14.0,8.0
2,0,Arts,1,1,82.0,6.0,99.0,19.0,8.0
0,1,Sports,1,0,74.0,8.0,93.0,15.0,8.0
1,0,Clubs,1,0,57.0,8.0,92.0,30.0,7.0
1,1,Sports,0,1,82.0,7.0,91.0,21.0,8.0
0,0,Sports,1,1,91.0,9.0,95.0,24.0,8.0
1,1,Clubs,0,1,48.0,1.0,86.0,25.0,8.0
1,0,Clubs,1,0,53.0,7.0,98.0,30.0,8.0
1,0,Clubs,0,1,74.0,18.0,97.0,28.0,8.0
1,0,Sports,0,1,63.0,5.0,99.0,22.0,8.0
0,1,Clubs,0,0,78.0,7.0,98.0,21.0,8.0
2,0,Clubs,0,1,67.0,17.0,99.0,23.0,8.0
0,1,No CCA,0,1,72.0,16.0,93.0,19.0,8.0
1,0,Sports,0,1,62.0,10.0,99.0,28.0,8.0
1,1,Arts,1,1,100.0,6.0,,17.0,8.0
1,0,Arts,1,0,60.0,13.0,97.0,26.0,8.0
1,1,Sports,1,0,58.0,9.0,97.0,27.0,8.0
2,1,Arts,1,1,74.0,8.0,99.0,14.0,8.0
0,0,No CCA,1,0,85.0,8.0,99.0,23.0,8.0
1,0,Arts,0,0,44.0,13.0,97.0,25.0,8.0
0,1,Sports,1,1,71.0,18.0,92.0,16.0,8.0
1,0,Sports,1,0,52.0,16.0,93.0,30.0,8.0
0,0,Clubs,0,0,70.0,7.0,96.0,20.0,8.0
0,1,Clubs,0,0,78.0,6.0,92.0,20.0,8.0
0,0,Sports,0,0,62.0,17.0,91.0,21.0,8.0
1,0,Sports,0,1,65.0,6.0,94.0,28.0,8.0
0,0,Clubs,0,1,69.0,7.0,91.0,22.0,8.0
1,1,Arts,1,0,55.0,19.0,99.0,27.0,8.0
1,0,Clubs,0,1,57.0,5.0,99.0,24.0,8.0
1,0,Arts,1,1,68.0,7.0,99.0,28.0,8.0
2,0,Sports,0,1,53.0,7.0,97.0,19.0,8.0
2,0,Arts,0,1,55.0,18.0,100.0,18.0,8.0
1,0,No CCA,0,1,62.0,17.0,96.0,28.0,8.0
2,1,Clubs,1,0,77.0,6.0,98.0,15.0,8.0
1,0,Clubs,0,1,58.0,7.0,98.0,31.0,8.0
0,1,No CCA,1,1,85.0,7.0,96.0,16.0,8.0
1,0,Arts,0,1,62.0,11.0,97.0,28.0,8.0
1,0,Arts,0,1,65.0,9.0,91.0,27.0,8.0
2,0,Sports,0,0,42.0,1.0,94.0,24.0,8.0
2,1,Sports,1,0,85.0,10.0,92.0,18.0,8.0
0,0,No CCA,1,1,89.0,10.0,93.0,23.0,8.0
2,1,Sports,0,1,56.0,12.0,96.0,16.0,8.0
1,0,Clubs,0,0,63.0,11.0,96.0,27.0,8.0
1,0,Arts,0,1,72.0,16.0,98.0,28.0,8.0
0,0,No CCA,0,0,62.0,15.0,92.0,27.0,8.0
1,0,Sports,1,0,49.0,9.0,87.0,30.0,8.0
1,0,Arts,0,0,66.0,7.0,91.0,22.0,8.0
1,0,Arts,0,0,48.0,3.0,91.0,29.0,8.0
0,0,Arts,0,1,68.0,19.0,91.0,21.0,8.0
1,0,Sports,1,1,58.0,15.0,95.0,24.0,8.0
1,1,Sports,1,0,80.0,9.0,96.0,17.0,8.0
1,0,Sports,0,0,54.0,15.0,94.0,24.0,8.0
2,0,Clubs,0,1,51.0,19.0,97.0,18.0,8.0
1,1,No CCA,1,1,95.0,9.0,96.0,21.0,8.0
1,0,Arts,0,1,71.0,7.0,96.0,22.0,8.0
0,0,Arts,1,0,73.0,7.0,99.0,28.0,8.0
2,0,Sports,0,1,57.0,8.0,99.0,22.0,8.0
1,1,Sports,0,0,46.0,7.0,95.0,30.0,8.0
2,0,Clubs,0,1,74.0,14.0,98.0,19.0,8.0
2,0,Sports,1,0,37.0,5.0,97.0,22.0,8.0
1,1,Sports,1,1,43.0,12.0,67.0,28.0,7.0
2,0,Arts,0,1,60.0,13.0,99.0,22.0,8.0
0,0,Clubs,0,0,57.0,18.0,95.0,27.0,8.0
1,0,No CCA,1,1,81.0,7.0,91.0,25.0,8.0
1,1,Arts,0,1,47.0,9.0,,25.0,8.0
0,1,Arts,1,1,89.0,9.0,95.0,16.0,8.0
2,1,Arts,1,1,72.0,16.0,95.0,14.0,8.0
1,1,Clubs,1,0,55.0,19.0,96.0,27.0,8.0
1,0,Sports,0,0,54.0,14.0,95.0,30.0,8.0
1,0,Clubs,0,1,38.0,11.0,55.0,28.0,4.0
0,0,Arts,1,0,62.0,15.0,97.0,27.0,8.0
2,0,Sports,1,0,45.0,7.0,64.0,23.0,6.0
2,0,Clubs,0,1,68.0,6.0,91.0,19.0,8.0
1,0,Arts,0,1,67.0,19.0,100.0,22.0,8.0
2,1,Sports,1,0,69.0,14.0,94.0,15.0,8.0
2,1,Sports,1,0,84.0,8.0,92.0,14.0,8.0
2,0,No CCA,0,1,68.0,10.0,93.0,19.0,8.0
2,1,Sports,0,0,39.0,12.0,79.0,24.0,6.0
0,0,Sports,1,1,90.0,6.0,91.0,19.0,8.0
0,1,Sports,0,0,78.0,8.0,90.0,15.0,8.0
1,0,Sports,1,0,49.0,5.0,87.0,30.0,8.0
1,0,Sports,0,0,63.0,18.0,100.0,27.0,8.0
2,1,Clubs,1,1,76.0,6.0,96.0,20.0,8.0
1,0,Sports,1,0,52.0,6.0,91.0,30.0,8.0
1,0,Sports,0,0,53.0,8.0,92.0,31.0,8.0
0,0,No CCA,1,0,94.0,8.0,96.0,23.0,8.0
0,0,No CCA,1,1,90.0,7.0,90.0,18.0,8.0
0,0,Clubs,0,1,71.0,18.0,,22.0,8.0
1,0,Clubs,0,0,64.0,19.0,100.0,28.0,8.0
2,1,No CCA,1,1,81.0,7.0,91.0,14.0,8.0
0,0,Arts,0,1,76.0,8.0,99.0,23.0,8.0
2,0,Arts,0,0,40.0,15.0,98.0,23.0,8.0
1,0,Clubs,0,0,43.0,11.0,59.0,28.0,4.0
2,0,No CCA,1,1,78.0,7.0,99.0,17.0,8.0
0,0,No CCA,1,0,93.0,9.0,94.0,19.0,8.0
0,1,No CCA,0,0,79.0,8.0,92.0,15.0,8.0
0,1,Sports,0,1,72.0,10.0,99.0,16.0,8.0
1,0,Clubs,0,0,51.0,8.0,94.0,30.0,8.0
0,0,Arts,0,0,57.0,10.0,95.0,22.0,8.0
0,0,No CCA,1,1,88.0,8.0,94.0,19.0,8.0
0,0,No CCA,1,1,83.0,5.0,92.0,24.0,8.0
1,0,Arts,0,0,55.0,5.0,96.0,30.0,8.0
1,0,Arts,0,1,47.0,0.0,92.0,29.0,8.0
0,0,No CCA,1,0,63.0,18.0,99.0,27.0,8.0
2,0,Clubs,0,0,57.0,14.0,96.0,19.0,8.0
2,0,Sports,0,1,76.0,5.0,98.0,21.0,8.0
1,0,Clubs,0,1,69.0,15.0,97.0,28.0,8.0
1,0,Arts,1,1,60.0,18.0,100.0,28.0,8.0
0,0,Arts,1,1,92.0,7.0,91.0,23.0,8.0
0,0,Clubs,1,1,73.0,9.0,95.0,21.0,8.0
2,0,Clubs,1,0,78.0,6.0,100.0,19.0,8.0
1,1,Clubs,1,1,94.0,5.0,97.0,21.0,8.0
1,0,Arts,1,1,71.0,12.0,92.0,24.0,8.0
0,0,No CCA,0,1,61.0,17.0,91.0,20.0,8.0
1,0,Clubs,0,1,69.0,6.0,93.0,22.0,8.0
0,0,Clubs,1,0,49.0,7.0,55.0,20.0,4.0
0,1,No CCA,0,1,78.0,6.0,93.0,16.0,8.0
1,0,Sports,0,1,73.0,15.0,93.0,22.0,8.0
1,1,Sports,0,1,80.0,8.0,90.0,17.0,8.0
2,0,Arts,1,1,73.0,17.0,90.0,19.0,8.0
2,0,Clubs,1,1,55.0,11.0,97.0,22.0,8.0
1,0,Sports,1,0,53.0,17.0,95.0,26.0,8.0
1,0,Clubs,1,1,59.0,14.0,98.0,28.0,8.0
1,1,Arts,0,0,78.0,7.0,91.0,21.0,8.0
0,1,Sports,1,0,77.0,5.0,,19.0,8.0
0,0,Arts,1,1,88.0,6.0,100.0,23.0,8.0
0,1,Sports,0,0,78.0,6.0,95.0,16.0,8.0
1,1,No CCA,0,0,76.0,13.0,,20.0,8.0
2,0,Clubs,0,1,71.0,8.0,93.0,19.0,8.0
1,1,No CCA,0,1,77.0,7.0,99.0,21.0,8.0
1,0,Clubs,0,1,70.0,8.0,95.0,22.0,8.0
0,0,No CCA,0,1,92.0,8.0,94.0,25.0,8.0
0,0,No CCA,1,0,90.0,5.0,97.0,23.0,8.0
1,1,Arts,0,1,73.0,14.0,99.0,20.0,8.0
1,0,Sports,1,0,58.0,16.0,94.0,27.0,8.0
2,0,Sports,0,1,56.0,5.0,96.0,18.0,8.0
1,0,Arts,0,1,61.0,12.0,97.0,24.0,8.0
1,0,Arts,1,1,60.0,6.0,92.0,22.0,8.0
0,0,No CCA,0,1,67.0,15.0,93.0,22.0,8.0
2,1,Sports,0,1,45.0,2.0,45.0,23.0,4.0
0,0,No CCA,1,0,95.0,9.0,100.0,23.0,8.0
1,1,Arts,0,0,76.0,13.0,100.0,21.0,8.0
2,0,No CCA,0,1,73.0,14.0,90.0,21.0,8.0
2,0,Clubs,1,0,74.0,7.0,91.0,23.0,8.0
1,0,No CCA,1,1,64.0,8.0,92.0,28.0,8.0
1,1,No CCA,0,1,83.0,7.0,93.0,17.0,8.0
2,0,Clubs,1,1,79.0,10.0,90.0,19.0,8.0
1,0,Arts,0,0,54.0,16.0,98.0,30.0,8.0
0,0,Clubs,0,1,94.0,8.0,91.0,21.0,8.0
0,0,No CCA,1,0,78.0,6.0,93.0,27.0,8.0
0,0,Arts,0,1,71.0,8.0,98.0,23.0,8.0
2,1,No CCA,1,1,72.0,8.0,91.0,14.0,8.0
1,0,No CCA,0,1,52.0,13.0,91.0,25.0,8.0
1,0,Clubs,1,1,56.0,12.0,95.0,24.0,8.0
0,1,Arts,1,0,73.0,16.0,95.0,16.0,8.0
0,0,Sports,0,0,59.0,12.0,91.0,27.0,8.0
2,1,Arts,1,0,73.0,15.0,90.0,14.0,8.0
0,0,Sports,0,0,65.0,7.0,95.0,21.0,8.0
0,0,No CCA,1,1,85.0,7.0,95.0,18.0,8.0
0,1,Arts,0,1,79.0,7.0,91.0,20.0,8.0
0,0,No CCA,0,1,69.0,9.0,98.0,22.0,8.0
1,0,Arts,0,1,68.0,20.0,92.0,28.0,8.0
0,0,Clubs,0,1,64.0,19.0,94.0,22.0,8.0
0,0,Clubs,0,1,69.0,12.0,90.0,21.0,8.0
0,1,No CCA,1,1,87.0,8.0,,17.0,8.0
0,1,Sports,1,0,83.0,9.0,98.0,20.0,8.0
1,1,Sports,0,1,71.0,16.0,95.0,19.0,8.0
1,1,No CCA,0,0,47.0,15.0,93.0,25.0,8.0
2,0,Arts,1,0,69.0,12.0,93.0,22.0,8.0
0,0,Sports,0,0,70.0,20.0,99.0,20.0,8.0
0,0,Clubs,1,0,76.0,20.0,98.0,27.0,8.0
0,0,No CCA,1,1,90.0,5.0,93.0,19.0,8.0
0,1,No CCA,1,0,74.0,5.0,93.0,18.0,8.0
0,1,Sports,1,0,70.0,15.0,92.0,16.0,8.0
0,1,No CCA,1,0,84.0,9.0,97.0,20.0,8.0
0,0,No CCA,1,1,96.0,8.0,92.0,19.0,8.0
2,0,Clubs,0,1,71.0,11.0,97.0,21.0,8.0
1,0,Arts,0,0,48.0,1.0,92.0,30.0,8.0
0,0,Arts,0,1,88.0,7.0,95.0,22.0,8.0
0,1,Sports,0,0,83.0,8.0,96.0,21.0,8.0
1,0,Arts,1,0,57.0,17.0,90.0,27.0,8.0
1,0,Arts,0,1,61.0,19.0,96.0,27.0,8.0
1,0,Clubs,0,0,63.0,16.0,93.0,27.0,8.0
1,1,Clubs,0,1,73.0,19.0,98.0,20.0,8.0
2,1,Sports,1,0,83.0,6.0,93.0,18.0,8.0
2,0,Sports,1,0,77.0,6.0,98.0,22.0,8.0
0,0,Clubs,1,1,93.0,6.0,90.0,23.0,7.0
1,0,No CCA,0,0,49.0,5.0,99.0,30.0,8.0
1,0,Arts,0,1,49.0,11.0,,24.0,8.0
2,1,No CCA,0,1,65.0,12.0,95.0,16.0,8.0
1,1,Arts,0,1,45.0,8.0,98.0,24.0,8.0
1,0,Arts,0,1,62.0,15.0,98.0,28.0,8.0
2,0,Sports,0,1,74.0,20.0,99.0,21.0,8.0
2,0,Arts,1,1,55.0,8.0,92.0,22.0,7.0
1,0,No CCA,0,1,47.0,7.0,76.0,25.0,6.0
1,0,Arts,0,0,58.0,10.0,,31.0,8.0
1,0,Clubs,0,0,65.0,18.0,99.0,28.0,8.0
1,0,Clubs,1,1,81.0,7.0,93.0,25.0,8.0
1,0,Clubs,0,1,48.0,6.0,74.0,30.0,7.0
1,1,Clubs,0,1,70.0,7.0,97.0,21.0,8.0
0,0,Clubs,0,1,60.0,14.0,95.0,27.0,8.0
2,0,No CCA,0,1,51.0,8.0,94.0,18.0,8.0
2,0,Arts,0,1,56.0,11.0,98.0,20.0,8.0
2,0,Sports,0,1,69.0,17.0,94.0,23.0,8.0
2,0,Clubs,0,1,75.0,8.0,94.0,21.0,7.0
0,0,Sports,0,1,76.0,7.0,93.0,23.0,8.0
2,0,Arts,1,0,68.0,16.0,93.0,22.0,8.0
1,1,Arts,0,1,70.0,9.0,92.0,21.0,8.0
0,0,No CCA,0,1,89.0,9.0,97.0,22.0,8.0
0,0,Clubs,1,1,66.0,5.0,99.0,22.0,8.0
0,1,Clubs,1,0,75.0,2.0,93.0,18.0,8.0
1,0,Clubs,1,0,60.0,15.0,93.0,26.0,8.0
1,1,No CCA,0,1,67.0,6.0,99.0,21.0,8.0
1,0,Clubs,1,0,56.0,12.0,95.0,26.0,8.0
2,0,Clubs,0,0,53.0,19.0,95.0,20.0,8.0
1,0,Arts,1,1,63.0,7.0,97.0,28.0,8.0
0,0,Arts,1,0,76.0,6.0,100.0,28.0,8.0
1,1,Clubs,1,0,56.0,12.0,93.0,27.0,8.0
0,0,No CCA,0,0,92.0,7.0,98.0,22.0,8.0
0,1,No CCA,1,0,91.0,7.0,100.0,20.0,8.0
1,0,Sports,0,0,44.0,12.0,67.0,24.0,6.0
1,1,Arts,0,1,77.0,5.0,90.0,17.0,8.0
1,0,Clubs,0,0,57.0,12.0,99.0,31.0,8.0
2,1,Clubs,0,0,37.0,7.0,91.0,22.0,8.0
2,1,Sports,0,0,58.0,19.0,93.0,16.0,8.0
1,1,No CCA,1,1,100.0,6.0,94.0,17.0,8.0
2,1,Arts,1,1,76.0,15.0,96.0,14.0,8.0
0,1,No CCA,1,1,81.0,9.0,95.0,17.0,8.0
1,1,Arts,0,1,65.0,7.0,92.0,19.0,8.0
1,1,Arts,1,1,78.0,6.0,99.0,17.0,8.0
1,0,No CCA,1,0,62.0,11.0,92.0,27.0,8.0
1,1,Sports,0,0,42.0,14.0,59.0,24.0,5.0
2,0,No CCA,0,1,64.0,18.0,94.0,20.0,8.0
0,1,No CCA,1,1,80.0,10.0,93.0,21.0,8.0
0,1,No CCA,1,0,73.0,17.0,92.0,16.0,8.0
2,0,No CCA,1,1,78.0,7.0,96.0,17.0,8.0
1,0,Clubs,0,0,59.0,15.0,92.0,27.0,8.0
0,1,No CCA,0,1,78.0,8.0,94.0,15.0,8.0
0,0,No CCA,0,0,69.0,15.0,99.0,27.0,8.0
0,1,No CCA,1,1,81.0,9.0,98.0,17.0,8.0
2,0,No CCA,1,0,70.0,12.0,98.0,23.0,8.0
1,0,No CCA,1,1,58.0,15.0,94.0,26.0,8.0
0,0,Sports,1,0,57.0,8.0,,20.0,8.0
1,0,Clubs,0,0,41.0,4.0,64.0,24.0,6.0
1,1,No CCA,0,0,86.0,9.0,98.0,22.0,8.0
2,0,No CCA,1,1,76.0,18.0,94.0,19.0,8.0
0,0,Arts,0,1,65.0,18.0,96.0,27.0,8.0
1,0,Sports,1,0,50.0,7.0,89.0,26.0,8.0
0,1,No CCA,1,1,91.0,7.0,98.0,16.0,8.0
0,0,No CCA,0,1,92.0,7.0,94.0,22.0,8.0
0,1,Arts,0,1,79.0,9.0,98.0,20.0,8.0
0,0,Clubs,0,0,76.0,5.0,94.0,27.0,8.0
2,0,Arts,0,1,75.0,3.0,91.0,19.0,8.0
1,1,Clubs,0,1,75.0,11.0,100.0,21.0,8.0
0,0,Arts,1,0,76.0,15.0,99.0,28.0,8.0
0,0,No CCA,1,0,93.0,9.0,90.0,18.0,7.0
0,1,Sports,0,1,70.0,17.0,99.0,16.0,8.0
0,0,Clubs,0,0,91.0,6.0,97.0,25.0,8.0
0,0,Sports,1,0,78.0,9.0,96.0,24.0,8.0
0,1,No CCA,0,1,79.0,5.0,100.0,15.0,8.0
2,0,Sports,0,1,75.0,6.0,94.0,21.0,8.0
2,0,Sports,1,1,62.0,9.0,,22.0,8.0
1,1,Clubs,0,1,48.0,3.0,97.0,25.0,8.0
2,0,Arts,0,1,75.0,8.0,92.0,21.0,8.0
1,0,Sports,0,1,56.0,10.0,96.0,27.0,8.0
0,0,Clubs,1,1,93.0,6.0,98.0,19.0,8.0
1,0,Clubs,0,0,34.0,6.0,56.0,28.0,5.0
1,0,Clubs,0,0,60.0,14.0,91.0,27.0,8.0
0,0,Clubs,1,1,67.0,18.0,94.0,20.0,7.0
1,1,Clubs,1,0,49.0,10.0,76.0,25.0,7.0
1,0,Sports,1,1,49.0,2.0,60.0,30.0,5.0
1,1,Clubs,1,0,47.0,11.0,58.0,30.0,5.0
0,0,Sports,1,1,78.0,9.0,92.0,24.0,8.0
1,1,No CCA,1,0,91.0,10.0,91.0,21.0,8.0
1,1,Clubs,0,1,50.0,8.0,88.0,25.0,8.0
1,1,No CCA,1,1,87.0,9.0,97.0,17.0,8.0
0,1,No CCA,1,1,84.0,8.0,95.0,17.0,8.0
0,0,Arts,0,1,66.0,7.0,98.0,21.0,8.0
2,0,Clubs,0,0,42.0,1.0,99.0,22.0,8.0
0,1,Sports,0,1,79.0,7.0,92.0,20.0,8.0
0,1,No CCA,1,1,86.0,5.0,96.0,17.0,8.0
1,0,Sports,0,1,74.0,12.0,100.0,28.0,8.0
0,0,No CCA,1,0,79.0,10.0,96.0,27.0,8.0
2,1,Sports,1,0,67.0,6.0,94.0,20.0,8.0
0,0,Arts,0,1,59.0,10.0,98.0,27.0,8.0
0,0,No CCA,1,0,93.0,8.0,95.0,19.0,8.0
2,0,Clubs,1,1,58.0,14.0,97.0,22.0,8.0
2,0,Sports,0,1,59.0,9.0,95.0,20.0,8.0
0,1,Clubs,1,1,80.0,9.0,99.0,15.0,8.0
2,1,No CCA,0,1,63.0,14.0,100.0,16.0,8.0
0,0,No CCA,1,0,95.0,6.0,99.0,18.0,8.0
0,1,No CCA,1,0,86.0,7.0,93.0,20.0,8.0
2,0,Clubs,1,1,58.0,13.0,90.0,22.0,8.0
2,0,Arts,1,0,56.0,18.0,91.0,19.0,8.0
2,1,Clubs,1,0,77.0,8.0,98.0,15.0,8.0
2,0,Sports,1,0,69.0,19.0,97.0,23.0,8.0
1,0,Sports,0,1,57.0,18.0,100.0,31.0,8.0
2,1,Sports,1,0,56.0,9.0,93.0,16.0,8.0
0,0,Arts,0,0,64.0,16.0,97.0,21.0,8.0
1,0,Arts,1,1,63.0,9.0,97.0,28.0,8.0
1,0,No CCA,1,1,76.0,13.0,99.0,25.0,8.0
1,1,No CCA,0,1,76.0,18.0,97.0,21.0,8.0
0,1,Sports,0,1,78.0,6.0,94.0,20.0,8.0
0,0,Clubs,0,0,77.0,8.0,95.0,21.0,8.0
2,0,Sports,0,0,57.0,19.0,91.0,22.0,7.0
0,0,No CCA,0,1,96.0,8.0,93.0,21.0,8.0
0,1,No CCA,1,1,85.0,6.0,98.0,20.0,8.0
1,0,Clubs,0,0,54.0,18.0,98.0,24.0,8.0
1,0,Sports,0,1,58.0,16.0,95.0,24.0,8.0
0,0,Clubs,1,1,91.0,7.0,96.0,23.0,8.0
2,0,Sports,1,1,55.0,6.0,92.0,22.0,8.0
2,0,Clubs,1,1,72.0,12.0,95.0,22.0,8.0
0,0,No CCA,1,1,90.0,7.0,93.0,18.0,8.0
1,1,No CCA,0,0,85.0,6.0,91.0,22.0,8.0
2,0,Clubs,1,1,51.0,10.0,92.0,18.0,8.0
0,0,Arts,0,1,96.0,8.0,99.0,25.0,8.0
2,1,Arts,1,0,69.0,18.0,99.0,20.0,8.0
2,0,Sports,0,1,76.0,6.0,92.0,21.0,8.0
0,0,Clubs,1,0,77.0,6.0,98.0,24.0,8.0
1,1,Clubs,1,1,75.0,6.0,98.0,17.0,8.0
2,0,Sports,0,0,37.0,3.0,58.0,23.0,5.0
2,0,Clubs,0,1,62.0,11.0,95.0,20.0,8.0
0,0,Clubs,0,0,74.0,19.0,90.0,20.0,8.0
1,1,Clubs,0,1,76.0,4.0,91.0,17.0,8.0
0,0,No CCA,0,0,92.0,8.0,98.0,25.0,8.0
1,1,Sports,1,1,83.0,7.0,98.0,17.0,8.0
1,1,Sports,0,0,79.0,6.0,97.0,17.0,8.0
1,0,Arts,0,0,48.0,13.0,100.0,24.0,8.0
0,1,Arts,0,0,79.0,8.0,92.0,20.0,8.0
1,1,No CCA,1,0,48.0,9.0,98.0,30.0,8.0
0,1,No CCA,1,1,87.0,6.0,96.0,16.0,8.0
2,1,Arts,0,0,56.0,17.0,96.0,16.0,8.0
1,0,Clubs,0,0,55.0,7.0,98.0,31.0,8.0
0,1,Clubs,1,0,77.0,5.0,99.0,15.0,8.0
1,0,Sports,1,1,53.0,13.0,93.0,30.0,8.0
2,0,Sports,0,1,64.0,16.0,92.0,20.0,8.0
0,1,No CCA,1,0,91.0,5.0,91.0,20.0,8.0
2,0,Sports,0,0,72.0,12.0,93.0,19.0,8.0
1,0,Arts,1,1,56.0,16.0,99.0,30.0,8.0
1,0,Clubs,1,1,59.0,19.0,90.0,28.0,8.0
0,0,Sports,1,1,84.0,7.0,95.0,23.0,8.0
1,1,Arts,0,1,75.0,8.0,97.0,20.0,8.0
1,1,No CCA,0,1,65.0,6.0,91.0,19.0,8.0
0,0,Sports,0,0,68.0,12.0,98.0,27.0,8.0
1,1,Clubs,1,0,57.0,15.0,99.0,27.0,8.0
1,0,Clubs,1,0,50.0,18.0,97.0,30.0,8.0
0,0,Sports,0,1,72.0,7.0,96.0,21.0,8.0
1,0,Sports,0,0,51.0,17.0,93.0,30.0,8.0
1,0,Sports,0,1,59.0,12.0,94.0,24.0,8.0
1,0,Arts,1,0,59.0,16.0,98.0,27.0,8.0
0,0,Arts,0,1,66.0,7.0,90.0,21.0,8.0
1,1,Sports,0,1,86.0,10.0,96.0,22.0,8.0
2,1,Clubs,1,1,54.0,14.0,98.0,16.0,8.0
0,0,Arts,1,0,72.0,13.0,91.0,28.0,8.0
2,0,Clubs,1,1,79.0,8.0,91.0,17.0,8.0
0,1,No CCA,1,1,81.0,10.0,92.0,17.0,8.0
1,1,Clubs,0,1,80.0,7.0,95.0,22.0,8.0
1,0,Clubs,0,1,60.0,13.0,99.0,22.0,8.0
2,0,No CCA,1,0,70.0,12.0,91.0,22.0,8.0
1,1,Arts,0,0,54.0,7.0,100.0,25.0,8.0
2,0,Clubs,0,1,51.0,12.0,91.0,18.0,8.0
0,1,Sports,1,0,77.0,5.0,96.0,15.0,8.0
1,1,No CCA,0,1,86.0,6.0,95.0,17.0,8.0
1,0,Clubs,0,0,57.0,6.0,93.0,27.0,8.0
1,0,Sports,0,1,48.0,8.0,95.0,30.0,8.0
0,0,Arts,0,0,94.0,6.0,99.0,25.0,8.0
1,0,No CCA,0,1,63.0,13.0,95.0,28.0,8.0
1,0,Sports,0,1,61.0,12.0,95.0,24.0,8.0
1,0,Sports,0,0,48.0,4.0,51.0,30.0,5.0
0,0,No CCA,0,1,73.0,15.0,99.0,23.0,8.0
1,1,Arts,1,0,45.0,9.0,91.0,30.0,8.0
1,0,No CCA,0,1,66.0,7.0,99.0,28.0,8.0
0,1,Arts,1,1,84.0,9.0,92.0,17.0,8.0
0,0,No CCA,1,0,74.0,12.0,94.0,28.0,8.0
2,0,No CCA,0,1,57.0,20.0,98.0,19.0,8.0
1,0,Sports,1,1,55.0,9.0,94.0,30.0,8.0
1,0,Clubs,0,1,68.0,15.0,94.0,28.0,8.0
0,0,Clubs,1,1,94.0,8.0,93.0,21.0,8.0
1,0,No CCA,1,1,50.0,16.0,96.0,30.0,8.0
0,0,Sports,0,0,91.0,8.0,92.0,25.0,8.0
2,0,Sports,1,1,62.0,12.0,95.0,22.0,8.0
1,1,Clubs,0,1,69.0,18.0,93.0,21.0,8.0
1,1,Clubs,1,0,56.0,14.0,93.0,27.0,8.0
0,0,Sports,0,0,65.0,11.0,94.0,27.0,8.0
0,0,Clubs,0,1,91.0,8.0,93.0,21.0,8.0
2,0,Arts,0,1,56.0,9.0,98.0,22.0,8.0
0,0,Sports,0,0,71.0,13.0,96.0,27.0,8.0
2,0,Arts,0,1,60.0,8.0,94.0,22.0,8.0
0,0,No CCA,1,1,93.0,8.0,97.0,18.0,8.0
1,0,Arts,1,1,63.0,15.0,,28.0,8.0
0,0,Arts,0,0,68.0,19.0,92.0,27.0,8.0
2,0,Sports,0,0,52.0,16.0,98.0,22.0,8.0
2,0,Arts,0,1,68.0,19.0,94.0,19.0,8.0
1,0,Sports,1,1,78.0,6.0,95.0,25.0,8.0
1,1,No CCA,1,1,49.0,9.0,61.0,30.0,5.0
2,0,Sports,0,0,45.0,7.0,45.0,23.0,4.0
0,0,No CCA,1,1,90.0,5.0,95.0,23.0,8.0
1,0,Clubs,0,0,50.0,14.0,71.0,30.0,7.0
0,0,Arts,0,1,93.0,6.0,93.0,25.0,8.0
2,0,No CCA,1,0,72.0,13.0,93.0,23.0,8.0
1,0,Sports,0,0,64.0,6.0,99.0,22.0,8.0
2,0,Sports,1,1,58.0,19.0,99.0,20.0,8.0
0,1,No CCA,1,0,74.0,15.0,93.0,15.0,8.0
1,1,No CCA,1,1,82.0,8.0,93.0,17.0,8.0
1,0,Clubs,0,0,51.0,13.0,97.0,30.0,8.0
1,0,Clubs,0,1,64.0,7.0,96.0,27.0,8.0
1,0,Sports,1,1,52.0,18.0,99.0,30.0,8.0
0,0,Clubs,1,0,64.0,13.0,91.0,21.0,8.0
0,0,Arts,0,0,77.0,8.0,98.0,21.0,8.0
1,1,No CCA,1,1,88.0,8.0,94.0,21.0,8.0
1,0,Sports,0,1,64.0,12.0,100.0,24.0,8.0
2,0,Clubs,0,1,56.0,16.0,97.0,22.0,8.0
2,0,Arts,1,1,61.0,18.0,91.0,20.0,8.0
0,0,Clubs,0,0,97.0,7.0,99.0,25.0,8.0
1,1,No CCA,1,1,100.0,7.0,91.0,17.0,8.0
1,0,No CCA,1,0,46.0,7.0,92.0,30.0,8.0
1,1,Sports,1,0,44.0,1.0,66.0,30.0,6.0
1,0,Arts,0,1,59.0,18.0,,27.0,8.0
1,1,Clubs,0,1,76.0,6.0,93.0,21.0,8.0
0,0,Sports,1,1,96.0,5.0,95.0,18.0,8.0
1,0,Clubs,0,0,50.0,15.0,91.0,30.0,8.0
1,0,Arts,1,0,32.0,3.0,74.0,28.0,7.0
2,1,Sports,1,0,69.0,18.0,100.0,20.0,8.0
1,0,Sports,1,1,59.0,10.0,98.0,27.0,8.0
2,0,Arts,1,1,56.0,14.0,92.0,18.0,8.0
0,0,No CCA,1,0,74.0,10.0,95.0,27.0,8.0
2,0,Arts,0,1,59.0,14.0,92.0,20.0,8.0
1,1,Arts,0,1,66.0,6.0,93.0,21.0,8.0
1,1,Clubs,0,1,49.0,11.0,98.0,25.0,8.0
0,0,Arts,0,0,67.0,10.0,95.0,20.0,8.0
2,0,Arts,1,0,71.0,9.0,90.0,23.0,7.0
0,0,Arts,1,0,76.0,18.0,97.0,27.0,8.0
0,0,No CCA,1,0,76.0,9.0,91.0,27.0,8.0
2,1,Sports,1,1,83.0,9.0,93.0,18.0,8.0
0,0,Sports,0,0,58.0,14.0,93.0,22.0,8.0
1,1,No CCA,0,0,85.0,6.0,90.0,22.0,8.0
0,0,Sports,1,0,75.0,5.0,,27.0,8.0
1,1,Clubs,0,1,76.0,18.0,98.0,21.0,8.0
1,0,Sports,0,0,44.0,11.0,54.0,24.0,4.0
1,1,Arts,1,1,90.0,8.0,93.0,21.0,7.0
1,1,Clubs,1,1,87.0,6.0,,21.0,8.0
0,1,Sports,1,0,79.0,6.0,93.0,17.0,8.0
0,1,Arts,0,1,79.0,9.0,96.0,15.0,8.0
0,1,Sports,0,0,72.0,5.0,96.0,19.0,8.0
0,0,Arts,0,1,74.0,18.0,90.0,20.0,8.0
2,1,Sports,1,0,68.0,8.0,96.0,20.0,8.0
1,0,Clubs,1,1,69.0,18.0,95.0,24.0,8.0
1,0,Arts,1,0,52.0,6.0,91.0,30.0,8.0
1,1,Arts,1,1,87.0,8.0,97.0,17.0,8.0
1,0,Arts,0,1,60.0,20.0,94.0,24.0,7.0
0,1,No CCA,1,1,83.0,7.0,97.0,15.0,8.0
0,0,No CCA,0,0,66.0,19.0,92.0,27.0,8.0
1,0,Clubs,0,1,61.0,15.0,91.0,27.0,7.0
2,1,Arts,0,1,58.0,14.0,97.0,16.0,8.0
1,0,Arts,0,0,58.0,10.0,91.0,31.0,8.0
1,0,Arts,0,1,62.0,17.0,94.0,31.0,8.0
1,1,No CCA,0,1,74.0,18.0,96.0,17.0,8.0
1,0,Arts,0,0,57.0,5.0,93.0,27.0,8.0
1,0,Arts,0,0,46.0,3.0,95.0,30.0,8.0
2,0,No CCA,1,1,80.0,5.0,97.0,19.0,8.0
1,0,Clubs,1,1,72.0,16.0,93.0,24.0,8.0
0,1,Arts,1,1,86.0,7.0,97.0,20.0,8.0
0,0,Sports,1,1,86.0,7.0,96.0,24.0,8.0
0,1,Clubs,0,0,79.0,6.0,100.0,19.0,8.0
1,0,Arts,1,0,47.0,14.0,100.0,30.0,8.0
0,0,Clubs,0,0,67.0,9.0,96.0,27.0,8.0
0,1,Arts,1,0,81.0,6.0,94.0,17.0,8.0
1,0,Clubs,0,0,42.0,12.0,45.0,28.0,4.0
2,0,Clubs,0,1,51.0,2.0,94.0,18.0,8.0
0,1,No CCA,1,1,83.0,8.0,96.0,20.0,8.0
1,0,Clubs,0,1,50.0,8.0,53.0,30.0,4.0
2,0,Sports,0,1,68.0,11.0,99.0,22.0,8.0
0,1,Clubs,1,0,68.0,18.0,99.0,16.0,8.0
1,0,Arts,0,0,51.0,7.0,99.0,30.0,8.0
0,0,No CCA,1,0,83.0,9.0,91.0,24.0,8.0
1,0,Sports,1,0,54.0,8.0,96.0,30.0,8.0
1,1,No CCA,0,0,79.0,6.0,95.0,17.0,8.0
1,0,Sports,1,1,59.0,7.0,95.0,26.0,8.0
2,0,No CCA,1,1,74.0,11.0,92.0,17.0,8.0
2,0,Arts,0,0,41.0,5.0,88.0,23.0,7.0
1,0,Arts,0,0,35.0,11.0,98.0,28.0,8.0
1,1,Arts,1,0,58.0,8.0,96.0,27.0,8.0
2,0,Clubs,0,0,62.0,12.0,94.0,20.0,8.0
0,0,No CCA,1,1,92.0,9.0,92.0,19.0,8.0
0,0,Sports,1,0,75.0,7.0,99.0,27.0,8.0
0,0,Clubs,0,1,58.0,20.0,90.0,27.0,8.0
1,0,Clubs,1,1,67.0,10.0,92.0,24.0,8.0
1,0,Arts,0,1,56.0,6.0,92.0,28.0,8.0
0,0,Arts,0,0,88.0,6.0,92.0,22.0,8.0
2,1,Sports,1,0,78.0,7.0,90.0,14.0,8.0
1,0,Clubs,0,1,57.0,16.0,99.0,28.0,8.0
1,0,Clubs,1,0,59.0,15.0,99.0,26.0,8.0
0,1,No CCA,1,0,89.0,6.0,,16.0,8.0
2,0,No CCA,0,1,69.0,8.0,,23.0,8.0
0,0,Arts,0,0,64.0,6.0,94.0,27.0,8.0
0,0,No CCA,0,0,81.0,9.0,97.0,23.0,8.0
1,0,Arts,0,0,51.0,11.0,94.0,29.0,8.0
2,0,Sports,1,0,66.0,20.0,91.0,23.0,7.0
0,0,No CCA,1,0,92.0,8.0,95.0,23.0,8.0
2,0,Clubs,0,0,53.0,14.0,100.0,19.0,8.0
1,0,Clubs,1,0,52.0,17.0,97.0,30.0,8.0
0,0,No CCA,0,0,65.0,8.0,92.0,21.0,8.0
0,0,No CCA,1,0,81.0,9.0,,27.0,8.0
0,1,Sports,1,1,75.0,10.0,98.0,16.0,8.0
0,0,Arts,0,0,63.0,17.0,99.0,27.0,8.0
1,0,Arts,0,0,44.0,9.0,77.0,24.0,8.0
2,0,Clubs,1,1,55.0,8.0,98.0,22.0,8.0
0,0,Clubs,0,1,93.0,6.0,94.0,25.0,8.0
1,1,No CCA,0,1,71.0,11.0,99.0,20.0,8.0
1,1,Clubs,0,0,47.0,5.0,95.0,25.0,8.0
0,0,Arts,0,1,67.0,14.0,99.0,22.0,8.0
0,0,Sports,0,1,69.0,10.0,100.0,22.0,8.0
1,1,No CCA,0,1,85.0,7.0,98.0,22.0,8.0
1,1,Arts,0,0,49.0,3.0,92.0,25.0,8.0
1,1,Arts,0,1,66.0,11.0,92.0,21.0,8.0
0,0,No CCA,0,1,93.0,8.0,92.0,25.0,8.0
0,0,Clubs,0,0,69.0,10.0,,27.0,8.0
1,0,Sports,1,1,59.0,9.0,,28.0,8.0
1,0,Clubs,0,0,48.0,3.0,60.0,25.0,6.0
1,0,Clubs,1,1,70.0,10.0,93.0,24.0,8.0
2,1,No CCA,1,0,70.0,16.0,94.0,15.0,8.0
1,0,Arts,0,0,51.0,9.0,93.0,30.0,8.0
0,0,Clubs,0,1,74.0,7.0,,21.0,8.0
1,1,Sports,0,1,75.0,6.0,95.0,21.0,8.0
0,0,No CCA,1,1,69.0,19.0,98.0,22.0,8.0
2,0,No CCA,0,1,72.0,14.0,96.0,19.0,8.0
0,1,Clubs,0,1,76.0,8.0,97.0,16.0,8.0
1,0,Arts,1,0,49.0,3.0,58.0,30.0,6.0
2,0,Arts,1,1,61.0,13.0,93.0,22.0,8.0
2,0,Arts,0,1,55.0,13.0,92.0,18.0,8.0
0,1,Clubs,1,0,73.0,18.0,99.0,16.0,8.0
1,1,No CCA,0,0,80.0,6.0,96.0,17.0,8.0
2,1,Clubs,1,0,79.0,9.0,97.0,18.0,8.0
2,0,Sports,0,0,41.0,1.0,58.0,23.0,6.0
1,1,Arts,0,1,72.0,17.0,100.0,17.0,8.0
2,0,Sports,0,0,54.0,6.0,96.0,20.0,8.0
2,0,Sports,0,1,62.0,14.0,99.0,22.0,8.0
0,0,Arts,0,1,69.0,13.0,,21.0,8.0
1,0,Clubs,0,1,54.0,20.0,94.0,24.0,8.0
0,1,Sports,0,1,72.0,9.0,93.0,16.0,8.0
1,0,Clubs,0,0,51.0,12.0,99.0,24.0,8.0
1,0,Clubs,0,0,64.0,8.0,98.0,28.0,8.0
2,0,Clubs,0,1,72.0,13.0,92.0,19.0,8.0
1,0,No CCA,1,1,58.0,14.0,92.0,26.0,8.0
0,0,Clubs,0,0,68.0,9.0,92.0,22.0,8.0
2,0,Arts,1,0,83.0,9.0,99.0,17.0,8.0
1,0,Sports,1,1,54.0,13.0,91.0,24.0,8.0
2,0,Sports,0,1,58.0,19.0,92.0,22.0,8.0
1,0,Arts,0,1,58.0,16.0,92.0,31.0,8.0
0,0,Clubs,0,0,65.0,8.0,,21.0,8.0
0,0,No CCA,1,0,89.0,6.0,93.0,19.0,8.0
2,0,No CCA,0,1,66.0,6.0,97.0,19.0,8.0
1,0,Clubs,0,1,52.0,12.0,97.0,25.0,8.0
2,0,Sports,1,0,66.0,14.0,94.0,23.0,8.0
2,0,Sports,1,0,70.0,13.0,91.0,23.0,8.0
2,0,Arts,0,0,41.0,9.0,85.0,23.0,8.0
2,0,No CCA,0,1,71.0,9.0,94.0,21.0,8.0
2,0,Clubs,0,1,69.0,6.0,95.0,21.0,8.0
1,0,Arts,0,1,64.0,6.0,92.0,28.0,8.0
0,1,No CCA,1,0,69.0,9.0,,16.0,8.0
1,0,Arts,0,1,56.0,7.0,91.0,22.0,8.0
2,1,Sports,0,1,57.0,13.0,94.0,16.0,8.0
0,1,No CCA,0,1,77.0,9.0,94.0,20.0,8.0
2,0,Clubs,0,1,72.0,17.0,92.0,19.0,8.0
1,1,Sports,0,1,72.0,14.0,96.0,21.0,8.0
1,1,Sports,0,1,63.0,11.0,96.0,21.0,8.0
1,1,Clubs,0,1,73.0,8.0,97.0,20.0,8.0
2,0,Clubs,0,1,60.0,7.0,95.0,22.0,8.0
1,1,No CCA,0,1,66.0,15.0,98.0,21.0,8.0
2,1,Sports,1,0,69.0,15.0,98.0,15.0,8.0
1,0,Sports,0,1,52.0,20.0,93.0,30.0,8.0
2,0,Sports,0,0,56.0,19.0,92.0,20.0,8.0
1,1,No CCA,1,1,82.0,7.0,99.0,17.0,8.0
2,1,No CCA,1,0,83.0,7.0,94.0,18.0,8.0
0,0,No CCA,0,1,88.0,6.0,94.0,22.0,8.0
0,1,Arts,1,1,88.0,9.0,91.0,17.0,8.0
1,0,Arts,0,1,62.0,17.0,95.0,28.0,8.0
1,0,No CCA,0,0,62.0,10.0,97.0,27.0,8.0
0,0,No CCA,0,0,64.0,12.0,94.0,27.0,8.0
1,1,Sports,1,1,95.0,5.0,90.0,17.0,8.0
2,0,Arts,0,1,72.0,11.0,95.0,21.0,8.0
0,0,No CCA,0,1,61.0,11.0,90.0,22.0,8.0
1,0,Arts,0,1,57.0,7.0,98.0,30.0,8.0
2,0,Arts,1,1,75.0,16.0,100.0,19.0,8.0
0,1,No CCA,1,0,87.0,8.0,92.0,16.0,8.0
2,0,No CCA,1,1,66.0,8.0,98.0,23.0,8.0
1,1,Arts,0,1,73.0,13.0,94.0,20.0,8.0
2,0,Sports,0,1,51.0,6.0,92.0,23.0,8.0
1,1,Arts,0,1,80.0,5.0,99.0,22.0,8.0
0,0,No CCA,1,0,90.0,6.0,95.0,18.0,8.0
2,0,Sports,1,1,78.0,5.0,98.0,17.0,8.0
0,0,Clubs,0,0,64.0,12.0,92.0,27.0,8.0
0,0,No CCA,0,1,68.0,16.0,91.0,23.0,8.0
1,1,No CCA,0,1,86.0,5.0,94.0,17.0,8.0
1,0,Sports,0,1,65.0,19.0,98.0,28.0,8.0
1,1,Clubs,0,0,42.0,12.0,63.0,24.0,6.0
0,0,No CCA,0,1,87.0,8.0,93.0,22.0,8.0
0,1,Arts,0,1,69.0,17.0,,16.0,8.0
1,0,Sports,0,1,67.0,10.0,95.0,28.0,8.0
1,0,Clubs,0,1,65.0,15.0,93.0,28.0,8.0
1,0,Sports,0,0,54.0,17.0,92.0,29.0,7.0
1,1,Arts,1,1,58.0,17.0,91.0,27.0,8.0
0,0,Clubs,0,1,55.0,14.0,93.0,22.0,8.0
2,0,Arts,0,1,75.0,8.0,100.0,19.0,8.0
1,1,Sports,1,0,48.0,11.0,100.0,30.0,8.0
1,1,Clubs,1,0,52.0,9.0,99.0,27.0,8.0
1,0,Arts,0,0,54.0,8.0,97.0,25.0,8.0
0,1,Arts,0,1,73.0,10.0,99.0,15.0,8.0
1,0,Clubs,0,0,53.0,5.0,98.0,30.0,8.0
1,0,Arts,1,1,69.0,12.0,93.0,24.0,8.0
1,1,Sports,0,1,70.0,16.0,94.0,19.0,8.0
2,0,Clubs,1,1,80.0,9.0,95.0,17.0,8.0
1,1,Sports,1,0,100.0,8.0,92.0,17.0,8.0
1,0,Clubs,0,0,56.0,11.0,91.0,31.0,8.0
1,0,Sports,0,1,56.0,10.0,100.0,24.0,8.0
0,0,Arts,0,1,69.0,14.0,96.0,21.0,8.0
0,0,Sports,1,0,75.0,12.0,98.0,27.0,8.0
2,0,Arts,0,1,56.0,14.0,100.0,22.0,8.0
1,1,Arts,0,0,77.0,9.0,95.0,20.0,8.0
0,1,Clubs,1,0,69.0,18.0,96.0,16.0,8.0
0,0,Arts,0,1,58.0,14.0,94.0,27.0,8.0
0,0,Arts,0,1,70.0,5.0,92.0,22.0,7.0
0,0,Arts,1,0,92.0,8.0,97.0,19.0,8.0
2,0,Clubs,0,1,71.0,11.0,99.0,19.0,8.0
1,0,Arts,0,0,50.0,1.0,91.0,25.0,8.0
2,0,No CCA,1,1,80.0,10.0,99.0,17.0,8.0
1,1,Arts,1,0,95.0,9.0,98.0,21.0,8.0
2,0,Sports,0,1,56.0,15.0,94.0,18.0,8.0
0,0,Sports,0,1,92.0,8.0,100.0,25.0,8.0
1,0,Arts,0,1,54.0,16.0,95.0,31.0,8.0
2,0,Arts,0,1,66.0,18.0,96.0,23.0,8.0
0,1,Sports,1,1,82.0,7.0,95.0,20.0,8.0
1,0,Sports,1,1,58.0,15.0,98.0,27.0,8.0
0,0,No CCA,0,0,64.0,16.0,98.0,22.0,8.0
2,0,Arts,0,1,58.0,7.0,95.0,18.0,8.0
0,0,Sports,0,0,77.0,9.0,100.0,22.0,8.0
1,0,Sports,1,0,66.0,11.0,91.0,22.0,8.0
0,0,Sports,0,1,56.0,6.0,91.0,22.0,8.0
0,0,Sports,0,0,94.0,9.0,91.0,21.0,8.0
1,0,Sports,0,1,62.0,8.0,98.0,28.0,8.0
1,1,Arts,0,1,69.0,7.0,93.0,19.0,8.0
0,0,No CCA,0,0,67.0,13.0,97.0,27.0,8.0
1,0,Arts,1,1,74.0,18.0,100.0,25.0,8.0
2,0,Clubs,0,0,54.0,16.0,94.0,22.0,8.0
0,0,No CCA,0,1,69.0,16.0,90.0,21.0,8.0
0,1,No CCA,1,0,85.0,7.0,98.0,16.0,8.0
0,0,No CCA,0,0,70.0,12.0,95.0,27.0,8.0
0,1,Arts,0,1,73.0,10.0,91.0,16.0,8.0
1,0,Sports,1,0,56.0,13.0,,30.0,8.0
2,0,No CCA,0,0,62.0,12.0,100.0,20.0,8.0
1,0,Arts,0,0,47.0,1.0,96.0,30.0,8.0
1,0,Arts,1,0,50.0,10.0,92.0,30.0,8.0
1,0,Sports,0,1,45.0,2.0,92.0,24.0,8.0
1,1,Clubs,0,1,45.0,14.0,91.0,24.0,8.0
0,0,Clubs,0,1,57.0,12.0,96.0,21.0,8.0
1,0,Clubs,0,1,58.0,14.0,92.0,28.0,8.0
1,0,Clubs,0,0,54.0,5.0,97.0,27.0,8.0
1,0,Arts,0,0,48.0,11.0,93.0,24.0,8.0
0,1,Clubs,0,0,67.0,8.0,98.0,16.0,8.0
0,0,Clubs,0,0,58.0,6.0,99.0,21.0,8.0
2,0,No CCA,1,1,70.0,14.0,92.0,22.0,8.0
1,0,Sports,0,0,53.0,10.0,93.0,25.0,8.0
2,0,Arts,0,0,44.0,10.0,80.0,24.0,6.0
0,1,Clubs,0,0,76.0,9.0,95.0,21.0,8.0
1,0,Arts,0,1,68.0,8.0,100.0,22.0,8.0
1,1,No CCA,1,1,100.0,9.0,94.0,17.0,8.0
1,0,No CCA,0,0,63.0,17.0,95.0,27.0,8.0
2,0,Arts,1,0,71.0,7.0,90.0,23.0,8.0
0,0,No CCA,1,0,73.0,13.0,99.0,27.0,8.0
0,0,Sports,0,0,57.0,11.0,94.0,21.0,8.0
1,0,Arts,0,0,47.0,5.0,59.0,25.0,5.0
0,0,Arts,1,1,80.0,8.0,92.0,27.0,8.0
1,0,Arts,1,1,48.0,13.0,95.0,30.0,8.0
1,1,No CCA,1,1,100.0,6.0,100.0,17.0,8.0
0,0,No CCA,1,1,86.0,10.0,97.0,23.0,8.0
0,0,Clubs,0,0,70.0,8.0,96.0,20.0,8.0
1,0,Arts,0,0,56.0,10.0,97.0,31.0,8.0
0,1,No CCA,0,1,75.0,6.0,100.0,20.0,8.0
1,1,Sports,0,0,41.0,14.0,74.0,28.0,6.0
2,0,Sports,1,0,70.0,14.0,,23.0,8.0
0,0,No CCA,0,1,91.0,9.0,97.0,25.0,8.0
1,0,Arts,1,0,60.0,5.0,90.0,26.0,8.0
0,0,Arts,0,1,67.0,17.0,91.0,21.0,7.0
0,0,Sports,0,1,74.0,14.0,96.0,23.0,8.0
1,1,Sports,1,1,57.0,9.0,96.0,27.0,8.0
1,0,Arts,0,0,52.0,16.0,95.0,30.0,8.0
0,0,Arts,0,0,66.0,13.0,97.0,27.0,8.0
1,0,Clubs,0,0,48.0,6.0,,25.0,8.0
2,0,Sports,0,0,51.0,9.0,93.0,19.0,8.0
0,0,Clubs,0,1,72.0,11.0,97.0,21.0,8.0
1,1,Arts,0,0,69.0,9.0,94.0,19.0,8.0
1,0,Sports,0,0,46.0,14.0,65.0,30.0,5.0
1,0,No CCA,0,0,62.0,6.0,99.0,28.0,8.0
1,1,No CCA,0,0,47.0,15.0,95.0,25.0,8.0
2,1,No CCA,1,1,82.0,9.0,92.0,18.0,8.0
0,0,Clubs,1,0,82.0,8.0,94.0,24.0,8.0
1,0,Arts,0,1,63.0,15.0,93.0,28.0,7.0
1,0,Clubs,1,1,69.0,13.0,99.0,24.0,8.0
0,1,Arts,1,0,75.0,13.0,95.0,15.0,8.0
1,0,Arts,0,1,52.0,8.0,99.0,25.0,8.0
2,1,No CCA,0,0,57.0,17.0,95.0,16.0,8.0
1,0,Clubs,0,0,51.0,19.0,95.0,24.0,8.0
1,0,Sports,0,1,61.0,17.0,95.0,27.0,8.0
0,0,Clubs,0,1,75.0,7.0,97.0,23.0,8.0
0,0,No CCA,1,1,81.0,6.0,91.0,24.0,8.0
1,1,Clubs,0,0,47.0,6.0,82.0,25.0,8.0
0,0,No CCA,1,0,90.0,8.0,90.0,23.0,8.0
0,0,Sports,0,1,71.0,7.0,99.0,20.0,8.0
2,0,Sports,0,1,70.0,14.0,93.0,19.0,8.0
1,0,Sports,0,1,61.0,14.0,95.0,28.0,8.0
1,1,Sports,1,0,45.0,8.0,96.0,30.0,8.0
0,0,No CCA,1,0,79.0,8.0,100.0,27.0,8.0
0,0,Arts,0,0,63.0,17.0,97.0,21.0,8.0
0,0,No CCA,0,0,66.0,7.0,96.0,22.0,8.0
2,1,Sports,1,0,77.0,6.0,95.0,15.0,8.0
2,0,No CCA,0,1,67.0,5.0,97.0,23.0,8.0
1,1,Clubs,0,0,48.0,13.0,69.0,25.0,6.0
0,0,Clubs,0,0,65.0,19.0,99.0,27.0,8.0
1,0,No CCA,1,0,56.0,14.0,91.0,26.0,8.0
2,1,Arts,0,1,58.0,19.0,90.0,16.0,8.0
1,0,Sports,1,0,52.0,13.0,95.0,30.0,8.0
0,1,No CCA,0,0,73.0,6.0,95.0,19.0,8.0
0,1,Clubs,0,1,80.0,5.0,100.0,21.0,8.0
1,1,Sports,1,0,51.0,7.0,92.0,25.0,8.0
2,0,Clubs,1,1,75.0,15.0,97.0,19.0,8.0
1,0,No CCA,1,0,52.0,10.0,95.0,30.0,8.0
1,1,Clubs,0,1,72.0,8.0,96.0,21.0,8.0
2,0,Clubs,0,1,59.0,20.0,97.0,20.0,8.0
0,0,Sports,0,0,70.0,7.0,98.0,27.0,8.0
0,0,Clubs,0,0,54.0,6.0,99.0,21.0,8.0
0,0,No CCA,0,0,69.0,20.0,98.0,27.0,8.0
1,0,Arts,0,0,44.0,2.0,91.0,28.0,8.0
1,1,Arts,0,0,44.0,6.0,77.0,25.0,7.0
0,1,No CCA,0,0,62.0,17.0,96.0,16.0,8.0
1,1,Clubs,1,1,62.0,12.0,91.0,27.0,8.0
1,0,Sports,0,1,50.0,10.0,92.0,29.0,8.0
0,0,Clubs,0,1,69.0,18.0,91.0,22.0,8.0
0,1,Clubs,0,1,80.0,8.0,97.0,20.0,8.0
1,0,Sports,0,1,52.0,12.0,97.0,24.0,8.0
0,0,No CCA,0,0,89.0,5.0,97.0,22.0,8.0
1,1,Arts,1,0,56.0,17.0,91.0,27.0,8.0
2,0,No CCA,0,0,68.0,18.0,90.0,19.0,8.0
2,0,Sports,0,1,62.0,12.0,95.0,20.0,8.0
0,0,No CCA,0,0,62.0,6.0,97.0,27.0,8.0
0,0,No CCA,1,0,61.0,20.0,99.0,27.0,8.0
1,1,Clubs,0,1,63.0,18.0,91.0,21.0,8.0
1,0,Clubs,1,1,74.0,15.0,99.0,25.0,8.0
2,0,Clubs,0,1,51.0,16.0,96.0,18.0,8.0
1,0,No CCA,1,0,53.0,12.0,93.0,31.0,8.0
1,1,Clubs,0,0,43.0,14.0,87.0,28.0,8.0
1,1,No CCA,0,1,81.0,9.0,98.0,19.0,8.0
1,1,Arts,0,1,73.0,18.0,,19.0,7.0
2,0,No CCA,1,1,74.0,19.0,94.0,22.0,8.0
2,0,Sports,1,1,73.0,19.0,98.0,19.0,8.0
1,1,Clubs,0,1,76.0,17.0,96.0,17.0,8.0
0,0,Sports,1,0,66.0,17.0,97.0,27.0,8.0
1,1,Sports,1,1,80.0,8.0,90.0,17.0,8.0
2,0,Clubs,0,1,76.0,10.0,96.0,21.0,8.0
2,0,Clubs,0,0,55.0,7.0,99.0,22.0,8.0
2,0,Sports,0,1,56.0,8.0,95.0,20.0,8.0
0,0,Sports,1,1,85.0,9.0,92.0,18.0,8.0
0,0,Arts,0,0,62.0,15.0,96.0,27.0,8.0
1,1,No CCA,0,1,77.0,6.0,98.0,17.0,8.0
1,0,Arts,1,0,55.0,13.0,99.0,26.0,8.0
0,1,No CCA,1,0,83.0,5.0,,16.0,8.0
1,0,Sports,1,0,54.0,19.0,90.0,30.0,8.0
0,0,No CCA,0,0,71.0,18.0,91.0,27.0,8.0
1,1,Sports,0,0,49.0,10.0,99.0,25.0,8.0
2,0,Sports,0,1,54.0,18.0,99.0,22.0,8.0
0,0,Arts,1,0,80.0,7.0,98.0,24.0,8.0
0,0,No CCA,1,0,88.0,8.0,99.0,23.0,8.0
0,0,No CCA,0,1,73.0,9.0,97.0,23.0,8.0
0,1,No CCA,1,1,81.0,10.0,94.0,17.0,8.0
1,0,Sports,0,1,51.0,6.0,96.0,24.0,8.0
2,0,Arts,1,1,74.0,17.0,95.0,19.0,8.0
0,0,Arts,0,0,67.0,18.0,94.0,27.0,8.0
1,1,Sports,0,1,78.0,9.0,98.0,20.0,8.0
0,0,Sports,0,1,76.0,13.0,97.0,23.0,8.0
0,1,No CCA,1,1,83.0,7.0,94.0,17.0,8.0
1,0,No CCA,0,1,70.0,8.0,94.0,22.0,8.0
2,0,Clubs,1,0,69.0,19.0,97.0,22.0,8.0
1,0,Sports,0,0,48.0,8.0,62.0,24.0,5.0
0,0,No CCA,0,0,65.0,10.0,92.0,27.0,8.0
1,0,Arts,0,0,51.0,13.0,100.0,31.0,8.0
1,0,Sports,0,0,62.0,6.0,97.0,31.0,8.0
2,0,Arts,0,1,43.0,8.0,99.0,24.0,8.0
1,0,Arts,0,0,57.0,10.0,97.0,31.0,8.0
0,1,No CCA,0,0,73.0,12.0,95.0,19.0,8.0
0,1,Sports,1,1,85.0,6.0,100.0,16.0,8.0
1,0,Clubs,1,0,48.0,6.0,91.0,30.0,8.0
0,0,Clubs,1,0,77.0,7.0,92.0,28.0,8.0
0,0,No CCA,1,1,90.0,9.0,98.0,23.0,8.0
2,1,Arts,1,0,78.0,8.0,93.0,14.0,8.0
1,0,Arts,0,1,73.0,10.0,94.0,22.0,8.0
1,1,Sports,1,1,49.0,8.0,94.0,30.0,8.0
1,0,Sports,0,1,48.0,11.0,76.0,25.0,7.0
0,0,No CCA,1,0,72.0,13.0,95.0,28.0,8.0
0,0,No CCA,1,0,92.0,9.0,,23.0,8.0
0,0,Sports,0,0,69.0,9.0,96.0,22.0,8.0
0,0,Sports,1,1,91.0,5.0,97.0,24.0,8.0
0,0,No CCA,0,0,70.0,18.0,97.0,23.0,8.0
1,1,Arts,0,1,75.0,16.0,94.0,17.0,8.0
1,1,Sports,0,1,45.0,7.0,60.0,24.0,5.0
2,0,Clubs,0,1,67.0,11.0,97.0,23.0,8.0
2,0,Clubs,0,0,57.0,17.0,98.0,22.0,8.0
0,1,Clubs,1,1,89.0,6.0,97.0,16.0,8.0
0,0,Sports,0,1,77.0,9.0,93.0,21.0,8.0
2,0,Sports,1,1,75.0,13.0,92.0,19.0,8.0
2,0,Arts,1,0,74.0,15.0,98.0,23.0,8.0
1,0,Arts,0,1,74.0,9.0,98.0,28.0,8.0
1,1,Clubs,0,1,83.0,5.0,94.0,17.0,8.0
0,1,No CCA,1,1,89.0,6.0,95.0,16.0,8.0
1,0,Sports,0,1,62.0,14.0,97.0,25.0,8.0
2,0,No CCA,0,1,71.0,5.0,,19.0,8.0
0,0,Clubs,1,0,87.0,6.0,96.0,23.0,8.0
2,0,Arts,1,1,78.0,9.0,93.0,17.0,8.0
2,0,Sports,1,0,72.0,10.0,93.0,23.0,8.0
1,0,Clubs,1,1,57.0,14.0,100.0,28.0,8.0
1,0,Arts,0,0,38.0,6.0,54.0,28.0,5.0
1,0,Arts,0,0,48.0,11.0,74.0,25.0,7.0
0,1,Sports,0,1,78.0,7.0,95.0,20.0,8.0
2,1,No CCA,1,1,88.0,9.0,97.0,18.0,8.0
1,0,No CCA,0,0,62.0,15.0,92.0,29.0,8.0
1,0,Arts,0,1,59.0,11.0,93.0,24.0,8.0
1,0,No CCA,0,1,65.0,18.0,90.0,28.0,8.0
2,0,Sports,1,1,58.0,9.0,92.0,22.0,8.0
0,1,Arts,1,0,79.0,6.0,96.0,15.0,8.0
1,1,Clubs,0,1,54.0,19.0,93.0,25.0,8.0
0,0,Clubs,0,0,61.0,20.0,96.0,21.0,8.0
1,1,Sports,0,1,72.0,13.0,97.0,21.0,8.0
1,0,No CCA,0,1,68.0,20.0,92.0,28.0,8.0
1,0,Arts,1,1,61.0,14.0,91.0,28.0,8.0
2,1,Clubs,0,0,46.0,11.0,99.0,24.0,8.0
1,0,Sports,1,1,58.0,13.0,91.0,28.0,8.0
0,0,Sports,0,1,74.0,17.0,93.0,23.0,8.0
0,0,No CCA,0,1,74.0,18.0,96.0,23.0,8.0
0,0,Arts,0,0,92.0,10.0,94.0,25.0,8.0
0,0,Clubs,0,0,56.0,7.0,99.0,22.0,8.0
0,0,Clubs,1,1,77.0,6.0,95.0,24.0,8.0
0,1,No CCA,1,0,83.0,6.0,92.0,20.0,8.0
1,1,Clubs,0,0,48.0,2.0,90.0,25.0,8.0
1,0,Clubs,0,1,46.0,6.0,82.0,30.0,8.0
0,1,Clubs,0,1,76.0,10.0,95.0,15.0,8.0
0,1,Clubs,1,0,69.0,15.0,99.0,16.0,8.0
1,0,Arts,0,1,64.0,14.0,97.0,28.0,8.0
2,1,Sports,1,0,72.0,5.0,100.0,20.0,8.0
1,1,No CCA,0,0,85.0,5.0,97.0,22.0,8.0
1,0,No CCA,0,1,64.0,18.0,98.0,28.0,8.0
2,0,No CCA,1,1,79.0,10.0,94.0,19.0,8.0
1,0,Sports,1,1,72.0,14.0,96.0,24.0,8.0
0,0,Clubs,0,1,64.0,18.0,97.0,21.0,8.0
0,0,No CCA,0,1,89.0,7.0,91.0,22.0,8.0
2,0,Sports,0,1,51.0,7.0,96.0,18.0,8.0
2,0,No CCA,1,1,72.0,12.0,98.0,19.0,8.0
1,1,Arts,0,1,74.0,14.0,94.0,21.0,8.0
2,0,Arts,1,0,62.0,10.0,96.0,20.0,8.0
0,0,Sports,0,0,68.0,8.0,99.0,27.0,8.0
2,0,No CCA,0,0,55.0,13.0,91.0,22.0,8.0
0,0,Sports,1,0,91.0,8.0,91.0,23.0,8.0
1,0,Clubs,1,1,81.0,9.0,97.0,25.0,8.0
1,0,No CCA,0,1,60.0,12.0,92.0,22.0,8.0
1,0,Sports,0,1,66.0,6.0,94.0,28.0,8.0
2,0,Arts,1,1,59.0,13.0,94.0,22.0,8.0
2,0,Arts,0,1,51.0,2.0,97.0,18.0,8.0
0,0,Clubs,0,1,69.0,19.0,98.0,21.0,8.0
1,1,Clubs,0,1,81.0,6.0,,17.0,8.0
2,1,Arts,0,0,60.0,13.0,95.0,16.0,8.0
1,0,Clubs,1,1,60.0,19.0,91.0,28.0,8.0
0,0,Clubs,0,1,67.0,18.0,93.0,27.0,8.0
0,0,Clubs,1,1,78.0,5.0,90.0,24.0,8.0
1,0,No CCA,0,1,64.0,9.0,94.0,28.0,8.0
2,0,Sports,0,0,53.0,17.0,96.0,22.0,8.0
1,1,No CCA,1,1,83.0,6.0,100.0,17.0,8.0
0,0,No CCA,0,1,66.0,18.0,95.0,21.0,8.0
2,1,No CCA,1,1,65.0,9.0,97.0,16.0,8.0
2,1,Clubs,1,0,68.0,19.0,96.0,20.0,8.0
1,0,Clubs,1,0,44.0,5.0,98.0,30.0,8.0
1,1,No CCA,0,1,65.0,8.0,98.0,19.0,8.0
0,1,No CCA,1,1,81.0,5.0,100.0,17.0,8.0
2,1,Arts,1,0,72.0,14.0,95.0,20.0,8.0
0,0,Sports,0,0,54.0,18.0,97.0,21.0,8.0
2,0,Clubs,0,1,55.0,17.0,94.0,20.0,8.0
0,0,Sports,0,0,54.0,7.0,91.0,21.0,8.0
0,0,Arts,0,1,68.0,7.0,90.0,23.0,8.0
0,0,Arts,0,1,72.0,6.0,100.0,21.0,8.0
2,1,Sports,1,0,72.0,11.0,95.0,20.0,8.0
1,1,No CCA,0,1,82.0,9.0,91.0,21.0,8.0
1,1,No CCA,1,1,93.0,6.0,94.0,21.0,8.0
1,0,Arts,1,1,50.0,10.0,92.0,30.0,8.0
2,0,Sports,0,1,59.0,18.0,96.0,20.0,8.0
1,0,Sports,1,0,58.0,12.0,97.0,26.0,8.0
1,0,Arts,0,1,66.0,17.0,93.0,27.0,8.0
0,0,Sports,0,1,61.0,7.0,90.0,20.0,8.0
2,0,Arts,0,0,53.0,15.0,100.0,19.0,8.0
0,0,Clubs,1,1,86.0,7.0,98.0,23.0,8.0
0,0,Arts,0,1,69.0,17.0,99.0,21.0,8.0
1,0,No CCA,0,1,60.0,15.0,97.0,28.0,8.0
2,0,Clubs,1,0,70.0,11.0,93.0,22.0,8.0
1,1,Clubs,1,0,56.0,10.0,95.0,27.0,8.0
1,0,Clubs,0,1,64.0,18.0,94.0,28.0,8.0
2,0,No CCA,1,1,82.0,6.0,90.0,17.0,8.0
1,0,Arts,1,0,53.0,16.0,95.0,30.0,8.0
0,0,Sports,0,1,69.0,8.0,95.0,27.0,8.0
0,1,Sports,1,0,85.0,5.0,99.0,16.0,8.0
1,0,Arts,0,0,47.0,8.0,92.0,29.0,8.0
2,1,No CCA,0,0,60.0,7.0,94.0,16.0,8.0
2,0,No CCA,0,1,68.0,13.0,100.0,22.0,8.0
1,0,No CCA,1,1,68.0,7.0,90.0,28.0,8.0
2,0,Clubs,0,1,44.0,9.0,61.0,23.0,5.0
0,1,No CCA,0,1,75.0,10.0,95.0,15.0,8.0
1,1,Arts,1,0,56.0,13.0,94.0,27.0,8.0
1,0,Clubs,0,1,64.0,18.0,93.0,27.0,8.0
0,0,No CCA,0,0,77.0,9.0,99.0,21.0,8.0
0,0,Clubs,1,1,67.0,8.0,92.0,20.0,8.0
1,1,Clubs,0,1,46.0,9.0,94.0,24.0,8.0
1,0,Arts,0,1,70.0,8.0,92.0,28.0,8.0
0,1,No CCA,0,1,91.0,7.0,97.0,21.0,8.0
1,1,Clubs,0,0,79.0,9.0,94.0,17.0,8.0
0,0,No CCA,1,1,90.0,7.0,,23.0,8.0
1,1,Arts,0,1,49.0,5.0,80.0,25.0,7.0
1,0,Clubs,0,1,69.0,12.0,91.0,28.0,8.0
2,0,Sports,0,0,54.0,5.0,98.0,22.0,8.0
1,0,Arts,0,1,48.0,6.0,93.0,24.0,8.0
2,1,Sports,1,0,68.0,8.0,90.0,15.0,7.0
1,0,Clubs,0,0,59.0,6.0,95.0,31.0,8.0
2,0,Sports,0,1,62.0,9.0,91.0,20.0,8.0
1,0,Sports,0,1,59.0,18.0,98.0,27.0,8.0
1,1,Arts,0,0,46.0,8.0,93.0,25.0,8.0
1,0,Sports,1,0,50.0,11.0,99.0,26.0,8.0
2,0,Clubs,0,1,56.0,13.0,90.0,18.0,8.0
1,0,Clubs,1,0,47.0,3.0,97.0,30.0,8.0
2,0,Sports,0,0,46.0,3.0,95.0,24.0,8.0
1,1,Clubs,0,1,49.0,13.0,93.0,29.0,8.0
1,1,Arts,0,1,71.0,11.0,91.0,21.0,8.0
2,0,Clubs,0,1,64.0,8.0,92.0,20.0,8.0
2,1,Arts,1,0,81.0,10.0,94.0,18.0,8.0
2,0,Arts,0,1,56.0,7.0,98.0,20.0,8.0
1,0,Clubs,0,0,44.0,3.0,78.0,28.0,7.0
1,0,Arts,0,0,57.0,7.0,99.0,28.0,8.0
1,0,Clubs,0,1,59.0,14.0,92.0,27.0,8.0
1,0,Clubs,1,1,61.0,19.0,92.0,24.0,8.0
1,0,Sports,0,1,64.0,19.0,,27.0,8.0
0,0,Sports,1,0,85.0,6.0,98.0,18.0,8.0
1,1,Arts,0,1,69.0,7.0,90.0,19.0,8.0
0,1,No CCA,0,0,62.0,13.0,93.0,16.0,8.0
1,0,Clubs,0,0,50.0,18.0,90.0,30.0,8.0
2,0,Sports,0,0,47.0,0.0,71.0,24.0,5.0
1,0,Clubs,0,1,46.0,10.0,57.0,24.0,5.0
1,0,Sports,1,1,60.0,19.0,100.0,27.0,8.0
0,0,No CCA,0,0,64.0,6.0,95.0,27.0,8.0
0,1,No CCA,1,1,82.0,8.0,94.0,17.0,8.0
1,0,Clubs,0,0,48.0,11.0,91.0,25.0,8.0
0,0,No CCA,0,1,91.0,7.0,99.0,21.0,8.0
1,0,Arts,1,1,64.0,10.0,91.0,24.0,8.0
2,0,No CCA,1,0,84.0,8.0,,17.0,8.0
0,1,No CCA,1,0,84.0,10.0,94.0,20.0,8.0
0,0,No CCA,0,0,69.0,11.0,97.0,21.0,8.0
1,1,Arts,1,1,50.0,10.0,93.0,27.0,8.0
1,0,Arts,0,1,46.0,8.0,99.0,25.0,8.0
1,0,Arts,1,0,48.0,1.0,73.0,29.0,7.0
1,0,Clubs,0,0,47.0,7.0,,25.0,8.0
1,0,Clubs,1,1,66.0,18.0,,24.0,8.0
0,0,Clubs,0,1,60.0,11.0,90.0,21.0,8.0
0,0,Clubs,1,0,85.0,10.0,99.0,18.0,8.0
1,0,Clubs,1,0,47.0,14.0,100.0,30.0,8.0
0,0,Clubs,0,0,65.0,18.0,,21.0,8.0
2,0,Sports,1,0,52.0,7.0,100.0,22.0,8.0
1,1,No CCA,1,1,88.0,8.0,90.0,21.0,8.0
0,1,Arts,0,0,79.0,5.0,100.0,15.0,8.0
0,1,No CCA,1,1,89.0,5.0,96.0,16.0,8.0
1,0,Clubs,0,0,54.0,16.0,98.0,29.0,8.0
1,1,Sports,0,1,79.0,7.0,92.0,17.0,8.0
2,0,Clubs,1,0,70.0,14.0,90.0,23.0,7.0
1,0,Arts,0,1,51.0,11.0,,30.0,8.0
2,0,Clubs,1,1,82.0,7.0,97.0,17.0,8.0
2,0,Clubs,1,1,72.0,7.0,,22.0,8.0
1,0,Clubs,0,1,63.0,16.0,99.0,24.0,8.0
2,0,Clubs,1,0,74.0,14.0,91.0,23.0,8.0
1,0,No CCA,0,0,42.0,1.0,95.0,28.0,8.0
2,1,Arts,1,0,73.0,18.0,91.0,18.0,8.0
2,1,Arts,1,0,66.0,12.0,96.0,15.0,8.0
2,0,Clubs,1,1,56.0,13.0,95.0,18.0,8.0
2,0,Sports,1,1,68.0,14.0,91.0,23.0,8.0
0,1,No CCA,1,0,90.0,8.0,,16.0,8.0
1,0,Arts,0,1,43.0,4.0,97.0,24.0,8.0
1,1,No CCA,0,1,83.0,6.0,95.0,17.0,8.0
1,0,No CCA,0,1,69.0,18.0,97.0,28.0,8.0
2,0,Arts,0,1,57.0,10.0,92.0,20.0,8.0
0,0,Sports,0,0,69.0,8.0,100.0,20.0,8.0
1,0,Sports,0,1,43.0,4.0,71.0,24.0,7.0
2,1,No CCA,1,1,81.0,9.0,95.0,18.0,8.0
0,0,Sports,0,1,69.0,15.0,,21.0,8.0
1,1,Arts,1,0,51.0,11.0,94.0,27.0,8.0
0,0,No CCA,0,0,92.0,7.0,91.0,22.0,8.0
1,0,Sports,0,0,48.0,14.0,55.0,25.0,5.0
0,1,No CCA,0,1,91.0,7.0,99.0,21.0,8.0
1,0,Arts,1,1,64.0,19.0,96.0,24.0,8.0
1,0,Sports,1,1,63.0,13.0,95.0,28.0,8.0
1,0,Sports,1,1,60.0,14.0,,28.0,8.0
0,0,No CCA,0,1,87.0,6.0,95.0,22.0,8.0
0,0,Clubs,0,1,69.0,15.0,98.0,21.0,8.0
0,0,Clubs,0,0,53.0,12.0,99.0,21.0,8.0
1,1,Arts,0,0,50.0,12.0,92.0,25.0,8.0
2,0,Sports,1,0,55.0,10.0,90.0,22.0,8.0
1,0,Sports,0,0,57.0,8.0,91.0,31.0,8.0
1,1,Sports,0,0,76.0,17.0,100.0,22.0,8.0
1,1,Sports,1,0,47.0,6.0,90.0,30.0,8.0
0,0,No CCA,1,0,82.0,10.0,98.0,24.0,8.0
2,1,Sports,0,1,45.0,11.0,59.0,23.0,5.0
2,1,No CCA,1,0,73.0,13.0,100.0,14.0,8.0
0,0,Arts,1,1,53.0,16.0,93.0,20.0,8.0
2,0,No CCA,0,0,62.0,7.0,91.0,22.0,8.0
1,0,Sports,0,0,44.0,2.0,96.0,28.0,8.0
0,0,Sports,0,1,71.0,13.0,97.0,23.0,8.0
1,0,Sports,1,0,50.0,7.0,67.0,30.0,6.0
1,1,Arts,1,1,78.0,6.0,99.0,17.0,8.0
0,0,Sports,1,0,79.0,10.0,96.0,23.0,8.0
1,1,No CCA,1,1,83.0,9.0,94.0,17.0,8.0
0,0,Clubs,0,0,53.0,12.0,98.0,21.0,8.0
1,1,Clubs,0,1,52.0,7.0,92.0,25.0,8.0
1,0,Sports,0,1,51.0,5.0,92.0,25.0,8.0
1,1,No CCA,1,1,74.0,11.0,94.0,21.0,8.0
1,0,Arts,0,0,62.0,19.0,98.0,28.0,8.0
0,0,Clubs,0,0,58.0,17.0,96.0,21.0,8.0
2,1,Sports,1,0,78.0,9.0,94.0,14.0,8.0
0,0,No CCA,0,1,90.0,9.0,90.0,22.0,8.0
1,1,Arts,0,0,48.0,10.0,99.0,29.0,8.0
1,1,No CCA,0,1,70.0,12.0,92.0,21.0,8.0
0,0,No CCA,1,1,86.0,10.0,97.0,23.0,8.0
1,0,Arts,0,0,47.0,1.0,78.0,29.0,8.0
1,1,Clubs,0,1,73.0,18.0,97.0,20.0,8.0
1,1,Clubs,0,0,43.0,9.0,99.0,24.0,8.0
2,1,Sports,0,1,65.0,11.0,98.0,16.0,8.0
1,0,Sports,0,1,48.0,6.0,80.0,30.0,8.0
1,1,No CCA,1,1,77.0,7.0,91.0,17.0,8.0
1,1,Sports,0,0,46.0,5.0,61.0,30.0,6.0
1,1,No CCA,0,1,78.0,10.0,93.0,21.0,8.0
1,0,No CCA,0,1,62.0,18.0,98.0,28.0,8.0
1,0,Arts,0,0,58.0,17.0,93.0,27.0,8.0
0,0,No CCA,1,1,98.0,6.0,97.0,21.0,8.0
1,1,Clubs,0,1,45.0,1.0,81.0,24.0,8.0
1,1,No CCA,0,1,78.0,5.0,90.0,17.0,8.0
2,0,Arts,1,1,60.0,10.0,93.0,22.0,8.0
2,0,Clubs,0,1,59.0,14.0,95.0,20.0,8.0
1,0,Arts,0,1,64.0,17.0,96.0,27.0,8.0
2,0,Clubs,1,0,71.0,14.0,97.0,22.0,8.0
1,0,No CCA,1,1,72.0,16.0,96.0,24.0,8.0
1,0,Arts,0,0,49.0,14.0,,29.0,4.0
0,0,No CCA,0,1,87.0,6.0,91.0,22.0,8.0
1,1,Arts,1,1,73.0,6.0,94.0,20.0,8.0
2,0,No CCA,1,1,83.0,10.0,98.0,17.0,8.0
2,1,Clubs,0,0,42.0,9.0,52.0,22.0,5.0
1,0,Clubs,1,0,57.0,14.0,97.0,26.0,8.0
0,0,Sports,0,1,65.0,14.0,93.0,22.0,8.0
0,0,Arts,0,0,72.0,16.0,98.0,21.0,8.0
2,0,Sports,0,0,44.0,3.0,48.0,24.0,5.0
2,0,No CCA,1,0,67.0,15.0,100.0,22.0,8.0
1,1,No CCA,0,1,84.0,6.0,99.0,17.0,8.0
0,1,No CCA,1,1,87.0,7.0,96.0,16.0,8.0
1,0,Arts,1,1,72.0,17.0,96.0,24.0,8.0
0,0,Arts,1,0,92.0,8.0,93.0,23.0,8.0
1,1,Sports,0,0,81.0,10.0,90.0,17.0,8.0
1,0,Clubs,0,0,34.0,5.0,95.0,28.0,8.0
0,0,No CCA,0,1,81.0,9.0,,21.0,8.0
1,1,Arts,1,1,78.0,10.0,92.0,21.0,8.0
1,1,Clubs,0,1,85.0,8.0,90.0,22.0,8.0
0,0,Arts,0,1,59.0,18.0,97.0,22.0,8.0
1,1,Arts,1,1,82.0,8.0,,17.0,8.0
0,0,Clubs,0,1,91.0,9.0,,21.0,8.0
0,1,Sports,1,1,86.0,8.0,99.0,16.0,8.0
0,0,No CCA,1,1,96.0,6.0,92.0,19.0,7.0
2,0,Clubs,0,1,56.0,13.0,95.0,20.0,8.0
0,0,Clubs,1,0,60.0,8.0,98.0,20.0,8.0
1,0,Arts,0,0,52.0,16.0,93.0,25.0,8.0
0,0,No CCA,0,0,96.0,5.0,98.0,25.0,8.0
1,0,Clubs,0,0,55.0,10.0,92.0,30.0,8.0
1,1,Clubs,0,0,42.0,6.0,83.0,28.0,8.0
0,1,No CCA,1,0,82.0,6.0,92.0,15.0,8.0
1,1,No CCA,0,0,88.0,6.0,,17.0,8.0
0,1,Arts,1,1,70.0,15.0,95.0,16.0,8.0
0,0,Arts,1,0,81.0,8.0,94.0,24.0,8.0
2,0,Clubs,1,0,70.0,6.0,96.0,23.0,8.0
0,0,Arts,1,1,76.0,6.0,97.0,21.0,8.0
1,0,Clubs,0,1,64.0,13.0,93.0,28.0,8.0
1,0,Sports,0,0,51.0,14.0,97.0,25.0,8.0
2,0,Sports,0,0,45.0,14.0,60.0,23.0,5.0
2,0,Arts,0,0,53.0,13.0,96.0,19.0,8.0
2,0,Arts,0,0,54.0,16.0,97.0,22.0,8.0
0,0,No CCA,1,0,67.0,5.0,92.0,28.0,8.0
1,0,Arts,0,0,52.0,6.0,,25.0,8.0
1,0,Sports,0,0,59.0,14.0,100.0,27.0,8.0
0,0,Clubs,0,0,59.0,19.0,98.0,22.0,8.0
2,0,No CCA,1,0,84.0,5.0,93.0,17.0,8.0
1,1,No CCA,1,0,51.0,8.0,95.0,27.0,8.0
1,0,Clubs,1,0,49.0,8.0,97.0,30.0,8.0
0,1,No CCA,1,1,87.0,8.0,90.0,16.0,8.0
2,0,Arts,0,1,58.0,19.0,96.0,20.0,8.0
1,0,Sports,0,1,62.0,10.0,92.0,27.0,8.0
1,1,Sports,0,0,48.0,10.0,93.0,25.0,8.0
0,1,No CCA,1,1,79.0,7.0,95.0,20.0,8.0
0,0,Arts,0,1,57.0,14.0,95.0,27.0,8.0
0,0,Arts,0,1,91.0,7.0,95.0,25.0,8.0
1,0,Arts,1,1,59.0,11.0,98.0,26.0,8.0
1,0,Clubs,1,1,53.0,11.0,94.0,30.0,8.0
0,1,No CCA,1,1,84.0,6.0,98.0,20.0,8.0
2,0,No CCA,0,1,66.0,12.0,93.0,19.0,8.0
1,0,Clubs,1,1,78.0,7.0,93.0,25.0,8.0
0,0,Sports,1,0,85.0,8.0,93.0,24.0,8.0
1,1,Clubs,1,1,96.0,9.0,93.0,17.0,8.0
1,1,No CCA,0,1,83.0,8.0,95.0,17.0,8.0
0,0,Sports,0,1,69.0,18.0,99.0,22.0,8.0
1,1,Clubs,1,1,99.0,9.0,94.0,21.0,8.0
0,0,Sports,1,1,84.0,9.0,99.0,23.0,8.0
1,1,Sports,0,1,48.0,7.0,73.0,25.0,7.0
1,1,Sports,0,0,55.0,13.0,99.0,25.0,8.0
2,0,Arts,0,1,70.0,15.0,95.0,19.0,8.0
2,0,No CCA,0,0,53.0,18.0,92.0,20.0,8.0
1,1,Clubs,0,1,78.0,7.0,100.0,21.0,8.0
2,0,Clubs,0,1,42.0,3.0,97.0,22.0,8.0
1,0,Clubs,0,0,54.0,14.0,98.0,24.0,8.0
1,0,Sports,1,0,66.0,16.0,97.0,24.0,8.0
1,0,Sports,0,0,45.0,13.0,48.0,24.0,4.0
0,1,No CCA,1,0,80.0,9.0,96.0,15.0,8.0
1,1,Sports,0,1,73.0,13.0,93.0,20.0,8.0
1,0,Arts,1,0,52.0,18.0,98.0,30.0,8.0
0,0,Sports,1,1,94.0,9.0,93.0,23.0,8.0
1,0,Sports,0,0,44.0,4.0,94.0,28.0,8.0
2,1,Clubs,1,0,73.0,17.0,97.0,20.0,8.0
1,0,No CCA,1,1,78.0,5.0,93.0,25.0,8.0
1,1,Clubs,1,0,47.0,1.0,63.0,30.0,5.0
0,0,Arts,1,0,93.0,7.0,97.0,21.0,8.0
2,0,Clubs,1,0,79.0,9.0,90.0,17.0,8.0
2,1,Arts,1,1,86.0,7.0,92.0,18.0,8.0
0,0,Clubs,0,0,71.0,18.0,98.0,22.0,8.0
1,0,Sports,1,1,58.0,17.0,95.0,24.0,8.0
2,0,Sports,0,1,53.0,6.0,98.0,22.0,8.0
1,0,No CCA,0,1,61.0,5.0,94.0,27.0,8.0
2,0,No CCA,0,1,64.0,10.0,96.0,20.0,8.0
1,0,Sports,1,0,50.0,5.0,53.0,26.0,5.0
2,1,Clubs,0,1,56.0,12.0,91.0,16.0,8.0
0,0,Clubs,0,1,58.0,17.0,96.0,22.0,8.0
1,0,Clubs,1,0,47.0,1.0,93.0,30.0,8.0
0,1,Clubs,1,1,79.0,8.0,100.0,17.0,8.0
1,1,Clubs,0,0,76.0,19.0,94.0,21.0,8.0
1,1,Clubs,1,1,61.0,18.0,93.0,27.0,8.0
2,0,Clubs,0,1,71.0,12.0,99.0,19.0,8.0
0,1,No CCA,1,1,87.0,7.0,94.0,20.0,8.0
1,0,Clubs,1,1,59.0,6.0,91.0,28.0,8.0
1,0,No CCA,1,1,75.0,14.0,96.0,24.0,8.0
2,0,No CCA,1,1,68.0,7.0,,23.0,8.0
2,0,Clubs,1,1,71.0,17.0,99.0,19.0,8.0
0,0,No CCA,0,1,64.0,14.0,93.0,27.0,7.0
1,0,Arts,0,1,59.0,8.0,99.0,31.0,8.0
1,1,Arts,0,1,78.0,5.0,91.0,20.0,8.0
1,0,Clubs,0,1,50.0,6.0,68.0,29.0,5.0
0,0,Sports,0,1,69.0,13.0,98.0,21.0,8.0
1,1,Arts,0,0,32.0,4.0,97.0,28.0,8.0
0,0,Sports,0,0,93.0,8.0,97.0,25.0,8.0
0,0,Sports,1,0,82.0,6.0,94.0,24.0,8.0
2,0,Sports,0,0,59.0,7.0,93.0,22.0,8.0
1,1,Sports,0,1,79.0,8.0,92.0,20.0,8.0
1,0,Clubs,0,1,52.0,16.0,91.0,29.0,8.0
1,0,Clubs,1,0,53.0,6.0,92.0,30.0,8.0
2,0,Arts,0,0,62.0,9.0,98.0,22.0,8.0
0,0,Arts,0,1,93.0,5.0,95.0,21.0,8.0
1,0,No CCA,0,1,63.0,12.0,95.0,22.0,8.0
0,0,Sports,0,1,88.0,8.0,95.0,22.0,8.0
1,0,Clubs,0,0,51.0,17.0,100.0,30.0,8.0
0,1,No CCA,1,1,85.0,8.0,100.0,16.0,8.0
1,0,Arts,0,0,53.0,11.0,96.0,27.0,8.0
1,0,Clubs,0,1,58.0,17.0,94.0,31.0,8.0
1,0,No CCA,1,1,79.0,7.0,95.0,25.0,8.0
1,1,No CCA,0,1,87.0,7.0,95.0,17.0,8.0
2,0,Sports,1,1,71.0,18.0,,19.0,8.0
0,1,No CCA,1,1,73.0,9.0,90.0,20.0,8.0
1,0,Arts,0,1,55.0,18.0,91.0,30.0,8.0
1,0,Clubs,0,0,63.0,16.0,91.0,28.0,8.0
1,0,Sports,0,0,51.0,8.0,92.0,30.0,8.0
2,0,Sports,0,1,74.0,17.0,94.0,21.0,8.0
0,0,No CCA,0,1,73.0,13.0,95.0,23.0,8.0
1,0,Clubs,1,0,60.0,16.0,95.0,26.0,8.0
0,0,Sports,0,0,65.0,13.0,,21.0,7.0
0,0,Clubs,0,0,66.0,11.0,98.0,27.0,8.0
0,0,Sports,0,1,59.0,12.0,97.0,27.0,8.0
1,0,Sports,0,0,55.0,9.0,91.0,31.0,8.0
0,0,Clubs,0,0,66.0,7.0,95.0,20.0,8.0
2,0,No CCA,1,1,74.0,6.0,93.0,19.0,8.0
2,0,No CCA,1,1,80.0,7.0,95.0,17.0,8.0
0,1,Sports,0,0,82.0,8.0,99.0,21.0,8.0
1,0,Sports,1,1,70.0,19.0,95.0,24.0,8.0
0,0,Arts,0,1,68.0,20.0,100.0,22.0,8.0
2,0,Sports,1,0,69.0,7.0,96.0,22.0,8.0
1,0,Clubs,1,1,74.0,13.0,97.0,22.0,8.0
0,1,Clubs,1,0,74.0,9.0,97.0,15.0,8.0
1,0,No CCA,0,0,68.0,8.0,94.0,28.0,8.0
1,1,Clubs,1,0,49.0,4.0,98.0,30.0,8.0
2,0,Clubs,0,1,63.0,6.0,94.0,19.0,8.0
1,1,Sports,0,1,80.0,8.0,96.0,22.0,8.0
0,1,Sports,0,1,80.0,5.0,93.0,15.0,8.0
2,0,Arts,1,1,78.0,5.0,92.0,17.0,8.0
1,0,Clubs,0,0,57.0,13.0,97.0,31.0,8.0
0,0,Arts,0,0,62.0,8.0,99.0,27.0,8.0
1,0,Clubs,0,1,55.0,13.0,93.0,29.0,8.0
1,1,Arts,0,1,81.0,6.0,99.0,17.0,8.0
0,0,Clubs,0,0,68.0,5.0,92.0,20.0,8.0
0,0,No CCA,1,1,73.0,14.0,95.0,28.0,8.0
0,0,No CCA,0,1,91.0,6.0,,25.0,8.0
1,0,Arts,1,0,57.0,19.0,,26.0,8.0
0,1,Sports,0,0,73.0,19.0,95.0,20.0,8.0
2,1,Sports,1,0,71.0,17.0,96.0,15.0,8.0
0,0,Sports,1,1,88.0,8.0,92.0,18.0,8.0
1,1,No CCA,1,1,100.0,10.0,91.0,17.0,8.0
1,0,Clubs,0,1,51.0,7.0,99.0,29.0,8.0
1,0,Clubs,0,0,53.0,15.0,91.0,25.0,8.0
2,0,Clubs,0,1,67.0,11.0,98.0,21.0,8.0
1,1,Arts,0,1,68.0,20.0,94.0,21.0,8.0
2,0,Clubs,0,1,79.0,7.0,94.0,21.0,8.0
0,0,Arts,1,0,72.0,18.0,93.0,28.0,7.0
0,0,Sports,0,0,76.0,10.0,91.0,27.0,8.0
1,1,Arts,1,1,87.0,6.0,97.0,21.0,8.0
2,0,Sports,1,1,69.0,14.0,95.0,23.0,8.0
2,0,Sports,0,1,55.0,7.0,97.0,22.0,8.0
0,1,No CCA,1,1,83.0,7.0,91.0,18.0,8.0
0,0,Arts,1,1,66.0,13.0,96.0,20.0,8.0
2,0,Clubs,0,1,55.0,9.0,98.0,22.0,8.0
2,0,Clubs,0,1,45.0,7.0,68.0,24.0,6.0
1,0,Sports,0,1,59.0,20.0,94.0,22.0,8.0
2,0,No CCA,1,1,74.0,15.0,91.0,23.0,8.0
1,0,Sports,1,1,72.0,5.0,95.0,24.0,8.0
0,0,No CCA,1,0,94.0,8.0,99.0,23.0,8.0
2,0,Clubs,1,0,55.0,10.0,93.0,22.0,8.0
1,0,Clubs,1,1,58.0,18.0,97.0,28.0,8.0
1,1,Clubs,0,1,48.0,11.0,98.0,24.0,8.0
0,0,Clubs,0,1,54.0,18.0,98.0,21.0,8.0
2,0,Arts,0,1,53.0,8.0,90.0,22.0,8.0
1,0,Clubs,0,1,61.0,10.0,99.0,24.0,8.0
2,0,Clubs,1,0,84.0,8.0,98.0,17.0,8.0
1,1,No CCA,0,1,70.0,12.0,93.0,19.0,8.0
1,0,Sports,0,0,47.0,6.0,69.0,25.0,7.0
2,0,Clubs,1,0,71.0,9.0,91.0,23.0,8.0
1,0,Sports,1,0,54.0,11.0,,30.0,8.0
1,0,Clubs,1,0,51.0,16.0,,29.0,8.0
1,0,No CCA,0,0,65.0,15.0,91.0,28.0,7.0
1,0,Clubs,1,0,53.0,14.0,93.0,30.0,8.0
0,0,Arts,0,1,97.0,9.0,93.0,25.0,8.0
1,0,Clubs,1,1,80.0,7.0,92.0,25.0,8.0
1,1,No CCA,0,1,83.0,9.0,93.0,17.0,8.0
2,1,No CCA,1,1,77.0,7.0,91.0,14.0,8.0
1,1,No CCA,1,0,83.0,7.0,98.0,17.0,8.0
0,1,No CCA,0,0,83.0,8.0,93.0,21.0,8.0
1,0,Sports,1,0,45.0,2.0,52.0,30.0,4.0
0,0,Arts,1,0,63.0,18.0,,27.0,8.0
1,0,Sports,1,0,47.0,11.0,62.0,30.0,6.0
2,0,Sports,0,1,68.0,12.0,98.0,23.0,8.0
0,0,Arts,0,0,69.0,20.0,100.0,20.0,8.0
0,0,Clubs,0,1,74.0,11.0,93.0,23.0,8.0
0,0,No CCA,0,0,94.0,10.0,98.0,21.0,8.0
2,0,Clubs,0,1,68.0,6.0,92.0,19.0,8.0
1,0,Arts,1,0,59.0,19.0,92.0,30.0,8.0
0,0,Arts,0,0,64.0,12.0,95.0,27.0,8.0
0,0,No CCA,1,0,93.0,6.0,90.0,23.0,8.0
0,0,Arts,0,1,79.0,6.0,95.0,21.0,8.0
0,0,Clubs,0,0,77.0,6.0,94.0,22.0,8.0
1,1,No CCA,1,1,100.0,6.0,92.0,17.0,8.0
1,1,Sports,0,1,78.0,6.0,98.0,21.0,8.0
1,0,No CCA,0,1,63.0,17.0,99.0,28.0,8.0
2,0,Sports,0,0,62.0,19.0,97.0,22.0,8.0
0,0,Arts,0,1,72.0,16.0,97.0,22.0,8.0
1,0,Arts,0,1,64.0,18.0,94.0,28.0,8.0
2,1,No CCA,0,0,60.0,11.0,95.0,16.0,8.0
2,1,No CCA,0,1,40.0,9.0,94.0,23.0,8.0
0,0,Arts,0,0,64.0,8.0,90.0,21.0,8.0
1,0,Sports,0,1,56.0,17.0,91.0,28.0,8.0
1,0,Sports,0,1,71.0,10.0,98.0,22.0,8.0
1,0,Arts,1,0,50.0,14.0,53.0,30.0,5.0
0,1,Sports,1,0,69.0,12.0,96.0,16.0,8.0
0,0,No CCA,1,1,89.0,9.0,92.0,23.0,8.0
1,0,Clubs,0,1,50.0,9.0,57.0,30.0,5.0
1,0,Clubs,1,0,46.0,13.0,85.0,30.0,8.0
1,1,No CCA,1,1,100.0,6.0,94.0,17.0,8.0
1,0,Clubs,1,0,53.0,6.0,95.0,31.0,8.0
0,0,Clubs,0,1,67.0,15.0,92.0,21.0,8.0
0,0,No CCA,0,0,65.0,13.0,94.0,27.0,8.0
1,0,Clubs,0,1,70.0,6.0,94.0,28.0,8.0
1,0,Sports,1,1,54.0,16.0,97.0,30.0,8.0
1,1,Sports,1,1,87.0,6.0,96.0,21.0,8.0
1,1,Arts,0,0,48.0,7.0,91.0,30.0,7.0
2,0,No CCA,0,1,60.0,19.0,93.0,22.0,8.0
2,0,Sports,1,0,75.0,5.0,97.0,23.0,8.0
2,0,Clubs,0,0,56.0,7.0,92.0,22.0,8.0
1,0,Sports,0,0,40.0,6.0,44.0,24.0,4.0
1,0,Sports,0,0,61.0,6.0,95.0,27.0,8.0
1,0,Sports,1,1,57.0,7.0,,26.0,8.0
1,0,No CCA,1,0,53.0,14.0,98.0,30.0,8.0
1,0,No CCA,0,1,65.0,17.0,99.0,28.0,8.0
2,0,Clubs,0,0,72.0,8.0,96.0,19.0,8.0
0,0,Arts,1,1,67.0,20.0,99.0,20.0,8.0
1,1,Sports,1,1,72.0,14.0,99.0,19.0,8.0
2,1,No CCA,1,0,84.0,8.0,94.0,18.0,8.0
0,0,Arts,0,0,70.0,12.0,98.0,27.0,8.0
0,1,No CCA,0,1,84.0,8.0,94.0,21.0,8.0
0,1,Arts,1,0,49.0,13.0,99.0,20.0,8.0
1,0,Sports,0,1,59.0,16.0,93.0,24.0,8.0
0,0,Arts,0,1,63.0,19.0,99.0,27.0,8.0
1,0,No CCA,1,0,78.0,7.0,99.0,25.0,8.0
0,0,Arts,0,1,77.0,8.0,92.0,22.0,8.0
2,0,Sports,0,0,42.0,11.0,,22.0,8.0
2,0,No CCA,0,1,71.0,14.0,93.0,19.0,8.0
1,0,Clubs,0,1,58.0,19.0,93.0,27.0,8.0
1,0,Sports,1,0,79.0,9.0,100.0,25.0,8.0
1,0,Sports,0,1,48.0,7.0,89.0,30.0,7.0
1,1,Sports,0,1,71.0,13.0,92.0,20.0,8.0
0,0,Clubs,0,0,81.0,6.0,90.0,22.0,8.0
1,0,Sports,0,1,63.0,17.0,99.0,27.0,8.0
1,0,Arts,0,1,63.0,19.0,97.0,28.0,8.0
1,0,Sports,1,1,53.0,11.0,90.0,30.0,8.0
0,1,Clubs,1,0,75.0,4.0,91.0,20.0,7.0
2,0,Sports,1,0,71.0,12.0,92.0,23.0,8.0
0,0,No CCA,0,1,72.0,18.0,99.0,22.0,8.0
1,1,Clubs,1,1,67.0,14.0,94.0,27.0,8.0
0,1,Arts,1,1,79.0,8.0,99.0,17.0,8.0
0,0,No CCA,1,1,90.0,8.0,91.0,23.0,8.0
1,0,No CCA,0,1,69.0,7.0,93.0,28.0,8.0
1,0,No CCA,0,1,63.0,16.0,94.0,28.0,8.0
2,1,No CCA,1,1,88.0,8.0,97.0,18.0,8.0
2,0,No CCA,0,0,63.0,15.0,90.0,23.0,8.0
1,1,Arts,1,1,67.0,12.0,92.0,21.0,8.0
1,1,Sports,0,0,78.0,7.0,94.0,20.0,8.0
1,0,Sports,1,1,70.0,11.0,100.0,24.0,8.0
1,0,Arts,1,0,68.0,13.0,97.0,24.0,8.0
2,0,Arts,1,0,75.0,7.0,97.0,23.0,8.0
1,0,Clubs,0,1,42.0,0.0,100.0,24.0,8.0
1,0,Sports,0,0,53.0,15.0,91.0,30.0,8.0
0,1,No CCA,1,1,86.0,7.0,,17.0,8.0
1,0,Arts,1,0,69.0,17.0,92.0,24.0,8.0
1,1,No CCA,1,1,95.0,10.0,93.0,17.0,8.0
1,0,Arts,0,1,69.0,6.0,96.0,28.0,8.0
0,1,Clubs,1,1,77.0,5.0,91.0,15.0,8.0
0,0,No CCA,0,1,89.0,8.0,96.0,22.0,8.0
2,0,Arts,1,1,61.0,8.0,99.0,22.0,8.0
0,0,Arts,1,1,70.0,7.0,97.0,27.0,8.0
1,1,Clubs,0,0,82.0,8.0,98.0,21.0,8.0
1,0,Clubs,0,1,55.0,5.0,96.0,24.0,8.0
1,0,Sports,0,1,51.0,11.0,97.0,22.0,8.0
1,0,No CCA,0,1,55.0,14.0,94.0,24.0,8.0
2,1,Arts,0,0,37.0,2.0,62.0,22.0,6.0
0,0,No CCA,1,1,94.0,8.0,97.0,23.0,8.0
1,0,Arts,0,0,49.0,5.0,68.0,24.0,6.0
1,0,Clubs,0,1,52.0,10.0,95.0,30.0,8.0
2,0,Arts,0,1,72.0,10.0,95.0,21.0,8.0
1,1,No CCA,1,1,80.0,10.0,,17.0,8.0
0,1,Sports,1,1,80.0,6.0,95.0,18.0,8.0
2,0,No CCA,0,1,74.0,14.0,91.0,21.0,8.0
0,0,Arts,0,1,87.0,9.0,99.0,22.0,8.0
2,0,Clubs,1,0,65.0,9.0,90.0,22.0,8.0
2,0,No CCA,1,1,60.0,10.0,94.0,22.0,8.0
1,1,Sports,0,1,46.0,7.0,93.0,29.0,8.0
0,0,Arts,0,1,73.0,12.0,93.0,23.0,8.0
1,1,No CCA,0,1,77.0,6.0,97.0,20.0,8.0
0,1,Arts,1,1,82.0,9.0,94.0,17.0,8.0
0,1,Arts,1,0,84.0,7.0,94.0,20.0,8.0
1,1,Clubs,0,1,49.0,1.0,97.0,24.0,8.0
1,0,Arts,1,0,49.0,11.0,98.0,30.0,8.0
2,1,No CCA,1,0,72.0,5.0,96.0,20.0,8.0
1,0,Clubs,1,1,54.0,10.0,97.0,26.0,8.0
0,0,No CCA,0,0,63.0,18.0,96.0,21.0,8.0
0,0,Sports,0,1,77.0,6.0,90.0,21.0,8.0
1,1,Arts,0,1,47.0,13.0,81.0,30.0,7.0
1,0,Arts,0,0,53.0,7.0,,24.0,8.0
1,0,Sports,1,0,56.0,7.0,92.0,28.0,8.0
2,0,Clubs,0,0,42.0,10.0,95.0,22.0,8.0
1,0,Sports,0,0,38.0,13.0,64.0,28.0,6.0
0,1,No CCA,1,0,81.0,8.0,100.0,16.0,8.0
1,1,No CCA,0,1,73.0,16.0,91.0,20.0,8.0
1,0,Clubs,0,1,34.0,8.0,97.0,28.0,8.0
2,0,Arts,1,0,53.0,14.0,94.0,20.0,8.0
0,0,No CCA,1,1,94.0,8.0,94.0,23.0,8.0
2,1,Clubs,1,1,72.0,18.0,94.0,14.0,8.0
0,0,Clubs,1,1,79.0,5.0,93.0,21.0,8.0
0,0,Clubs,1,1,63.0,17.0,98.0,20.0,8.0
0,0,Sports,0,1,82.0,10.0,97.0,22.0,8.0
2,0,Sports,0,1,50.0,7.0,83.0,19.0,7.0
1,0,Arts,0,1,74.0,10.0,92.0,28.0,8.0
1,1,Clubs,1,1,59.0,8.0,97.0,27.0,8.0
0,0,No CCA,0,1,93.0,5.0,95.0,25.0,8.0
2,0,Arts,0,1,66.0,8.0,99.0,19.0,8.0
0,0,Arts,1,0,90.0,7.0,92.0,23.0,8.0
1,0,Arts,1,1,70.0,17.0,95.0,24.0,8.0
2,0,Sports,1,0,72.0,13.0,97.0,22.0,8.0
2,0,No CCA,1,0,79.0,9.0,92.0,17.0,8.0
1,0,Arts,0,0,61.0,11.0,100.0,27.0,8.0
2,1,Clubs,1,1,72.0,13.0,91.0,15.0,8.0
1,0,Arts,0,0,50.0,11.0,93.0,25.0,8.0
2,0,Clubs,1,1,77.0,8.0,93.0,17.0,8.0
1,0,Clubs,0,1,69.0,17.0,91.0,28.0,8.0
1,0,Arts,1,0,45.0,10.0,68.0,30.0,7.0
1,1,No CCA,0,1,82.0,7.0,91.0,21.0,8.0
2,0,Clubs,0,1,50.0,8.0,94.0,18.0,8.0
1,0,Sports,0,0,53.0,10.0,91.0,25.0,8.0
1,0,Sports,1,1,65.0,6.0,93.0,24.0,8.0
2,0,Arts,1,0,74.0,16.0,98.0,23.0,8.0
2,0,Clubs,1,0,39.0,8.0,99.0,24.0,8.0
0,0,Sports,1,1,88.0,7.0,96.0,19.0,8.0
2,0,Sports,0,1,74.0,17.0,90.0,21.0,8.0
0,0,Clubs,0,0,64.0,18.0,99.0,27.0,8.0
2,0,Arts,0,0,46.0,6.0,83.0,24.0,7.0
1,0,Clubs,0,1,56.0,9.0,100.0,27.0,8.0
1,0,No CCA,1,1,81.0,7.0,90.0,25.0,8.0
1,0,Arts,1,0,55.0,13.0,91.0,26.0,8.0
0,1,Arts,1,1,78.0,10.0,94.0,20.0,8.0
2,1,Sports,1,0,73.0,6.0,96.0,20.0,8.0
1,0,Clubs,1,0,54.0,5.0,95.0,30.0,8.0
0,0,No CCA,0,1,91.0,9.0,90.0,21.0,7.0
0,1,Sports,1,0,84.0,7.0,92.0,17.0,8.0
0,0,Clubs,0,0,53.0,14.0,97.0,21.0,8.0
2,0,Clubs,0,0,50.0,5.0,96.0,19.0,8.0
0,0,Arts,1,0,74.0,9.0,91.0,28.0,8.0
1,0,Arts,0,0,53.0,8.0,90.0,30.0,7.0
0,0,No CCA,0,1,95.0,9.0,92.0,25.0,8.0
0,0,Sports,1,1,73.0,9.0,100.0,28.0,8.0
2,0,No CCA,0,1,51.0,6.0,,18.0,8.0
0,0,Sports,0,1,58.0,8.0,96.0,27.0,8.0
1,1,Sports,0,1,80.0,5.0,94.0,17.0,8.0
0,0,Sports,0,1,65.0,13.0,100.0,27.0,8.0
1,1,Clubs,1,0,57.0,13.0,98.0,27.0,8.0
1,0,Sports,0,0,55.0,18.0,99.0,29.0,8.0
0,1,No CCA,1,1,76.0,16.0,95.0,15.0,8.0
1,1,Arts,0,1,76.0,8.0,98.0,20.0,8.0
2,0,Arts,1,1,75.0,9.0,94.0,19.0,8.0
2,0,Sports,1,1,68.0,9.0,98.0,23.0,8.0
2,0,Sports,1,1,79.0,8.0,93.0,19.0,8.0
2,0,Sports,0,1,53.0,6.0,90.0,19.0,8.0
1,0,No CCA,1,1,63.0,14.0,98.0,28.0,8.0
0,0,Sports,1,1,74.0,16.0,90.0,28.0,8.0
1,1,Clubs,0,1,74.0,15.0,95.0,17.0,8.0
2,0,Arts,0,1,58.0,14.0,95.0,22.0,8.0
2,0,Arts,0,0,52.0,7.0,94.0,19.0,8.0
0,1,Clubs,0,1,82.0,5.0,93.0,19.0,8.0
0,0,No CCA,0,0,63.0,11.0,94.0,27.0,8.0
1,1,Arts,0,1,49.0,5.0,96.0,25.0,8.0
0,0,Clubs,0,0,68.0,18.0,91.0,22.0,7.0
1,0,Sports,1,1,80.0,9.0,91.0,25.0,8.0
1,0,Clubs,0,0,50.0,19.0,95.0,30.0,8.0
1,0,Clubs,1,1,50.0,9.0,92.0,30.0,8.0
0,0,No CCA,1,0,84.0,6.0,98.0,23.0,8.0
2,0,Arts,0,1,62.0,17.0,94.0,20.0,8.0
1,0,Arts,1,0,76.0,11.0,95.0,25.0,8.0
0,0,No CCA,1,1,80.0,9.0,93.0,27.0,7.0
0,0,No CCA,0,0,64.0,17.0,91.0,27.0,8.0
0,0,Arts,0,1,53.0,13.0,95.0,21.0,8.0
1,1,Sports,0,1,43.0,9.0,91.0,28.0,8.0
1,1,No CCA,0,1,80.0,8.0,91.0,21.0,8.0
1,0,Sports,1,1,62.0,9.0,95.0,28.0,8.0
1,1,Arts,0,1,69.0,16.0,93.0,19.0,8.0
1,0,Arts,1,1,52.0,18.0,90.0,30.0,8.0
2,1,Sports,1,1,79.0,5.0,91.0,14.0,8.0
2,0,Clubs,0,1,73.0,16.0,99.0,19.0,8.0
2,1,Arts,0,0,42.0,5.0,95.0,22.0,8.0
1,0,Clubs,0,1,45.0,8.0,46.0,24.0,4.0
1,0,No CCA,0,1,61.0,14.0,97.0,24.0,8.0
2,0,No CCA,1,0,70.0,16.0,91.0,23.0,8.0
1,1,Clubs,1,1,67.0,19.0,96.0,27.0,8.0
1,1,Sports,0,0,49.0,1.0,98.0,30.0,8.0
1,0,Sports,1,1,59.0,15.0,98.0,28.0,8.0
1,0,No CCA,0,1,71.0,12.0,92.0,22.0,8.0
2,0,Sports,1,1,78.0,10.0,90.0,17.0,8.0
0,1,No CCA,0,1,91.0,6.0,95.0,21.0,8.0
1,1,Sports,0,1,65.0,9.0,,19.0,8.0
1,0,Clubs,1,0,59.0,6.0,92.0,26.0,8.0
1,0,No CCA,0,0,59.0,7.0,93.0,27.0,8.0
1,0,Clubs,1,1,55.0,10.0,97.0,30.0,8.0
1,1,No CCA,1,1,88.0,10.0,90.0,21.0,8.0
1,1,Sports,0,1,54.0,5.0,95.0,25.0,8.0
2,0,Sports,0,1,53.0,14.0,91.0,19.0,8.0
2,0,Clubs,1,0,70.0,15.0,93.0,22.0,8.0
0,0,Sports,0,0,67.0,15.0,99.0,27.0,8.0
1,0,Arts,0,1,62.0,12.0,97.0,22.0,8.0
0,0,Clubs,0,1,69.0,20.0,97.0,21.0,8.0
0,1,Clubs,0,1,71.0,18.0,93.0,16.0,8.0
0,0,Clubs,0,1,93.0,5.0,97.0,25.0,8.0
0,1,Sports,0,0,77.0,7.0,93.0,20.0,8.0
2,0,Arts,0,1,66.0,16.0,97.0,23.0,8.0
2,0,No CCA,1,0,70.0,16.0,96.0,23.0,8.0
1,0,No CCA,1,1,85.0,9.0,97.0,25.0,8.0
2,0,Clubs,0,0,43.0,11.0,92.0,23.0,8.0
0,0,Sports,0,0,60.0,16.0,99.0,27.0,8.0
1,0,Sports,1,0,53.0,19.0,95.0,30.0,8.0
1,0,No CCA,1,1,60.0,14.0,93.0,28.0,8.0
1,0,No CCA,1,0,58.0,14.0,93.0,26.0,7.0
1,0,Arts,1,0,59.0,11.0,94.0,27.0,8.0
2,0,No CCA,0,1,63.0,10.0,97.0,18.0,8.0
0,0,No CCA,0,0,92.0,8.0,93.0,25.0,8.0
1,1,Clubs,0,0,47.0,12.0,57.0,30.0,5.0
1,1,Clubs,1,1,89.0,8.0,93.0,21.0,8.0
1,0,Arts,1,0,49.0,4.0,94.0,30.0,8.0
0,1,Arts,0,1,75.0,10.0,98.0,16.0,8.0
1,0,Clubs,0,1,50.0,14.0,86.0,30.0,8.0
1,1,Clubs,0,0,47.0,6.0,87.0,25.0,8.0
2,0,Sports,0,0,50.0,6.0,84.0,22.0,8.0
0,0,No CCA,1,1,91.0,9.0,95.0,18.0,8.0
1,0,Arts,1,1,62.0,6.0,93.0,22.0,8.0
1,1,No CCA,1,1,67.0,17.0,97.0,27.0,8.0
1,1,Clubs,0,1,54.0,17.0,99.0,25.0,8.0
0,0,Sports,0,0,66.0,11.0,92.0,27.0,8.0
2,0,Clubs,0,1,69.0,14.0,92.0,23.0,7.0
1,0,Arts,1,0,41.0,6.0,71.0,24.0,6.0
2,0,Arts,0,1,73.0,18.0,96.0,19.0,8.0
0,0,No CCA,0,1,75.0,13.0,,23.0,8.0
0,0,Arts,1,0,74.0,19.0,98.0,28.0,8.0
0,0,No CCA,0,1,89.0,9.0,92.0,22.0,8.0
2,0,Sports,0,1,73.0,17.0,91.0,23.0,8.0
0,0,No CCA,1,1,80.0,10.0,94.0,24.0,8.0
1,0,Sports,1,1,52.0,8.0,99.0,30.0,8.0
1,1,No CCA,0,1,85.0,9.0,91.0,22.0,8.0
2,1,Clubs,0,1,57.0,6.0,93.0,16.0,8.0
1,0,Sports,1,1,48.0,14.0,100.0,30.0,8.0
0,0,No CCA,0,1,67.0,18.0,95.0,21.0,8.0
1,0,Arts,0,0,53.0,7.0,90.0,29.0,8.0
2,0,No CCA,0,1,62.0,18.0,90.0,23.0,8.0
1,0,Clubs,0,1,58.0,9.0,93.0,24.0,8.0
1,0,No CCA,0,1,65.0,11.0,,28.0,8.0
1,0,Sports,0,0,56.0,12.0,97.0,27.0,8.0
1,0,Arts,1,0,55.0,7.0,99.0,26.0,8.0
2,1,Sports,0,0,40.0,2.0,97.0,22.0,8.0
2,0,Sports,1,1,55.0,10.0,96.0,22.0,8.0
2,0,Sports,0,1,74.0,17.0,93.0,21.0,8.0
0,0,Clubs,1,1,67.0,7.0,90.0,20.0,8.0
1,1,Arts,0,0,47.0,3.0,99.0,25.0,8.0
0,0,Arts,0,1,65.0,17.0,97.0,22.0,8.0
0,1,Sports,1,1,87.0,7.0,96.0,18.0,8.0
0,0,Sports,0,1,72.0,8.0,96.0,22.0,8.0
2,0,Arts,0,1,37.0,6.0,68.0,22.0,5.0
0,0,No CCA,1,1,75.0,9.0,95.0,23.0,8.0
1,0,Arts,1,0,54.0,9.0,91.0,26.0,8.0
1,0,Arts,0,0,48.0,3.0,99.0,25.0,8.0
2,0,Arts,0,1,50.0,10.0,94.0,19.0,8.0
2,0,Arts,1,0,71.0,17.0,96.0,22.0,8.0
0,0,Clubs,0,0,57.0,11.0,94.0,27.0,8.0
0,0,No CCA,1,1,60.0,19.0,96.0,20.0,8.0
1,1,Sports,0,1,76.0,3.0,96.0,22.0,8.0
0,0,Arts,0,0,54.0,12.0,99.0,21.0,8.0
0,1,Clubs,0,1,77.0,8.0,98.0,20.0,8.0
1,0,Arts,1,1,54.0,6.0,92.0,30.0,8.0
0,0,Arts,0,1,58.0,17.0,94.0,27.0,8.0
0,0,Arts,1,0,73.0,12.0,94.0,28.0,8.0
0,0,Arts,0,1,69.0,12.0,92.0,21.0,8.0
2,0,Clubs,1,0,71.0,18.0,97.0,23.0,8.0
1,1,No CCA,0,1,76.0,8.0,,17.0,8.0
1,0,Clubs,1,0,50.0,9.0,97.0,30.0,8.0
2,0,Clubs,0,0,60.0,11.0,97.0,20.0,8.0
1,0,Arts,1,0,45.0,8.0,91.0,30.0,8.0
0,0,No CCA,0,0,89.0,7.0,95.0,22.0,8.0
1,0,Sports,1,0,45.0,2.0,92.0,28.0,8.0
1,0,Arts,1,0,78.0,10.0,96.0,25.0,8.0
0,0,No CCA,0,0,61.0,11.0,92.0,22.0,8.0
2,0,Sports,1,1,62.0,8.0,,20.0,8.0
2,1,Arts,1,0,72.0,14.0,96.0,20.0,8.0
0,0,Clubs,0,0,71.0,14.0,97.0,27.0,8.0
2,0,Arts,1,1,75.0,14.0,96.0,19.0,8.0
0,0,Sports,0,1,68.0,16.0,99.0,22.0,8.0
1,1,Sports,0,1,71.0,5.0,92.0,20.0,8.0
2,0,Clubs,1,0,56.0,20.0,96.0,22.0,8.0
1,0,Sports,1,0,52.0,10.0,93.0,30.0,8.0
1,0,No CCA,0,1,62.0,9.0,99.0,28.0,8.0
0,0,Sports,1,1,93.0,7.0,91.0,19.0,8.0
1,0,Arts,1,0,48.0,7.0,99.0,30.0,8.0
0,1,Clubs,0,1,73.0,18.0,98.0,15.0,8.0
1,0,Clubs,0,1,59.0,6.0,94.0,27.0,8.0
2,1,Clubs,1,0,73.0,10.0,,20.0,8.0
1,1,No CCA,1,1,82.0,8.0,97.0,22.0,8.0
2,0,Arts,0,1,51.0,8.0,,18.0,8.0
2,1,Clubs,1,1,79.0,7.0,99.0,14.0,8.0
0,0,Clubs,1,1,92.0,10.0,91.0,25.0,8.0
1,0,Clubs,0,1,58.0,14.0,97.0,28.0,8.0
0,1,Arts,0,1,73.0,6.0,98.0,16.0,8.0
0,1,No CCA,0,1,71.0,12.0,96.0,16.0,8.0
1,0,Sports,0,0,53.0,6.0,98.0,31.0,8.0
2,1,Arts,1,1,78.0,8.0,92.0,14.0,8.0
1,1,Arts,0,0,80.0,6.0,98.0,17.0,8.0
0,0,No CCA,0,1,92.0,8.0,97.0,25.0,8.0
1,0,Clubs,1,0,54.0,9.0,94.0,30.0,8.0
2,0,Clubs,0,1,63.0,20.0,97.0,18.0,8.0
1,1,Arts,0,1,71.0,16.0,98.0,21.0,8.0
2,0,Arts,0,0,54.0,13.0,96.0,22.0,8.0
1,1,Sports,0,1,78.0,9.0,96.0,17.0,8.0
1,0,Clubs,1,1,70.0,13.0,99.0,24.0,8.0
0,0,Clubs,0,0,74.0,14.0,93.0,20.0,8.0
0,0,Sports,0,1,75.0,7.0,95.0,23.0,8.0
2,0,Clubs,1,1,80.0,6.0,92.0,17.0,8.0
0,0,Sports,0,0,63.0,6.0,100.0,21.0,8.0
0,0,No CCA,0,1,75.0,6.0,92.0,23.0,8.0
2,1,No CCA,1,0,69.0,6.0,91.0,20.0,8.0
0,0,Sports,0,0,55.0,10.0,95.0,21.0,8.0
0,0,Sports,1,0,76.0,8.0,93.0,27.0,8.0
1,0,Clubs,0,0,44.0,3.0,99.0,28.0,8.0
1,0,Clubs,0,1,61.0,13.0,96.0,24.0,8.0
1,0,Arts,1,0,45.0,6.0,97.0,30.0,8.0
2,0,Clubs,0,0,59.0,10.0,100.0,22.0,8.0
2,0,Sports,1,0,77.0,6.0,94.0,22.0,8.0
0,0,Sports,0,1,95.0,6.0,91.0,22.0,8.0
1,0,No CCA,0,0,52.0,5.0,99.0,31.0,8.0
2,0,Clubs,0,1,55.0,7.0,98.0,18.0,8.0
0,0,Sports,0,1,71.0,8.0,98.0,20.0,8.0
2,1,No CCA,1,0,64.0,10.0,96.0,15.0,8.0
0,1,Sports,0,0,81.0,10.0,,21.0,8.0
0,0,Arts,0,1,72.0,12.0,91.0,22.0,8.0
1,0,Sports,1,0,57.0,5.0,95.0,28.0,8.0
2,0,Clubs,1,0,61.0,16.0,97.0,20.0,8.0
0,0,Arts,0,1,62.0,16.0,97.0,21.0,8.0
2,0,Clubs,1,0,70.0,19.0,93.0,23.0,8.0
2,1,No CCA,1,0,81.0,6.0,96.0,18.0,8.0
0,0,Clubs,1,0,79.0,6.0,96.0,27.0,8.0
0,0,No CCA,1,1,94.0,5.0,99.0,25.0,8.0
0,0,Clubs,0,0,60.0,9.0,93.0,27.0,8.0
2,0,Sports,1,1,53.0,17.0,92.0,22.0,8.0
1,1,No CCA,0,1,85.0,10.0,92.0,22.0,8.0
0,0,No CCA,0,1,93.0,6.0,97.0,21.0,8.0
2,1,Arts,0,0,60.0,18.0,97.0,16.0,8.0
2,0,Sports,0,1,40.0,0.0,96.0,22.0,8.0
0,0,Clubs,0,1,86.0,7.0,100.0,22.0,8.0
1,0,No CCA,0,0,64.0,10.0,92.0,22.0,8.0
0,0,Sports,0,1,72.0,17.0,99.0,20.0,8.0
1,0,Sports,1,1,59.0,11.0,99.0,31.0,8.0
0,0,No CCA,1,0,81.0,10.0,94.0,24.0,8.0
0,0,No CCA,0,0,79.0,5.0,95.0,23.0,8.0
1,1,Sports,0,0,65.0,10.0,91.0,21.0,7.0
0,1,No CCA,0,0,75.0,10.0,95.0,20.0,8.0
1,0,No CCA,1,1,60.0,5.0,,22.0,8.0
2,0,Clubs,0,0,55.0,6.0,96.0,20.0,8.0
0,1,No CCA,0,0,76.0,12.0,96.0,19.0,8.0
1,0,Clubs,1,1,61.0,17.0,96.0,28.0,8.0
1,0,Clubs,1,0,78.0,10.0,93.0,25.0,8.0
2,1,Sports,1,1,74.0,12.0,92.0,14.0,8.0
0,0,Clubs,1,0,79.0,7.0,99.0,27.0,8.0
0,0,No CCA,0,0,69.0,9.0,90.0,27.0,8.0
0,1,Clubs,1,0,75.0,7.0,91.0,20.0,8.0
1,1,No CCA,1,1,100.0,9.0,98.0,17.0,8.0
1,0,Clubs,0,1,49.0,14.0,90.0,29.0,8.0
0,0,Clubs,0,0,68.0,7.0,93.0,20.0,8.0
0,0,Sports,1,1,63.0,7.0,92.0,20.0,8.0
0,0,Clubs,0,0,70.0,19.0,95.0,27.0,8.0
1,0,Sports,0,1,63.0,10.0,100.0,28.0,8.0
2,0,Clubs,0,1,51.0,8.0,96.0,22.0,8.0
0,0,Arts,1,1,86.0,10.0,97.0,23.0,8.0
0,0,Sports,0,1,68.0,17.0,95.0,22.0,8.0
1,0,Arts,0,0,54.0,12.0,94.0,31.0,8.0
1,1,Sports,1,0,61.0,8.0,98.0,27.0,8.0
2,0,Clubs,0,1,58.0,16.0,95.0,22.0,8.0
1,1,Arts,1,1,55.0,18.0,91.0,27.0,8.0
0,1,No CCA,1,0,89.0,7.0,95.0,17.0,8.0
2,1,No CCA,1,0,72.0,8.0,94.0,20.0,8.0
2,0,Sports,0,1,45.0,0.0,96.0,24.0,8.0
0,1,Clubs,1,0,77.0,8.0,95.0,15.0,8.0
0,0,No CCA,1,1,63.0,15.0,92.0,27.0,8.0
1,0,Clubs,1,1,70.0,13.0,91.0,24.0,8.0
1,0,Clubs,1,0,52.0,8.0,97.0,30.0,8.0
1,1,Sports,0,1,79.0,10.0,93.0,17.0,8.0
1,1,Clubs,0,0,56.0,5.0,91.0,25.0,8.0
1,0,Sports,0,0,44.0,1.0,90.0,28.0,7.0
1,0,Sports,1,1,52.0,11.0,100.0,30.0,8.0
1,1,Clubs,1,0,59.0,19.0,98.0,27.0,8.0
0,1,No CCA,0,0,62.0,12.0,99.0,16.0,8.0
2,0,Clubs,0,1,58.0,12.0,94.0,22.0,8.0
1,0,Arts,0,0,48.0,8.0,95.0,30.0,8.0
1,0,Clubs,1,0,53.0,16.0,93.0,30.0,8.0
0,0,Sports,0,0,59.0,8.0,92.0,21.0,8.0
1,0,Arts,0,1,61.0,12.0,95.0,28.0,8.0
1,0,No CCA,0,1,69.0,9.0,99.0,28.0,8.0
2,0,Arts,1,1,78.0,9.0,93.0,17.0,8.0
0,1,Arts,0,1,79.0,10.0,97.0,15.0,8.0
1,0,No CCA,0,1,64.0,18.0,95.0,28.0,8.0
2,0,Sports,1,0,61.0,7.0,99.0,23.0,8.0
2,0,Clubs,1,1,75.0,10.0,92.0,19.0,8.0
1,0,Sports,0,1,63.0,9.0,94.0,28.0,8.0
1,0,Clubs,1,1,71.0,14.0,92.0,24.0,8.0
1,1,No CCA,1,0,90.0,7.0,100.0,21.0,8.0
1,1,Arts,0,1,75.0,7.0,99.0,21.0,8.0
0,1,Arts,0,1,73.0,17.0,95.0,15.0,8.0
1,0,Sports,1,1,60.0,15.0,94.0,28.0,8.0
0,1,No CCA,1,0,70.0,10.0,92.0,16.0,8.0
2,0,Clubs,0,1,66.0,15.0,90.0,19.0,8.0
2,0,Arts,0,1,50.0,10.0,100.0,22.0,8.0
1,1,Clubs,0,1,72.0,9.0,96.0,19.0,8.0
1,0,Sports,1,0,52.0,18.0,91.0,30.0,8.0
0,0,Clubs,0,0,69.0,5.0,100.0,21.0,8.0
0,0,Sports,0,0,59.0,6.0,92.0,27.0,8.0
2,0,Arts,1,1,71.0,8.0,99.0,23.0,8.0
1,0,Arts,0,0,54.0,9.0,97.0,24.0,8.0
0,0,No CCA,1,0,79.0,7.0,97.0,27.0,8.0
2,0,No CCA,1,0,68.0,8.0,94.0,22.0,8.0
1,1,Arts,0,1,78.0,7.0,,21.0,8.0
0,1,Arts,1,0,81.0,9.0,92.0,17.0,8.0
1,1,No CCA,0,0,65.0,12.0,90.0,21.0,8.0
0,0,Clubs,0,1,66.0,19.0,90.0,20.0,8.0
0,1,No CCA,1,0,81.0,8.0,97.0,16.0,8.0
2,0,Clubs,1,0,69.0,17.0,95.0,22.0,8.0
1,0,No CCA,0,0,48.0,0.0,95.0,25.0,8.0
0,0,No CCA,0,1,67.0,9.0,95.0,21.0,8.0
1,0,Arts,1,0,49.0,14.0,99.0,30.0,8.0
0,0,No CCA,0,1,77.0,10.0,97.0,21.0,8.0
1,0,Sports,0,0,53.0,15.0,97.0,30.0,8.0
1,1,No CCA,1,1,91.0,10.0,93.0,21.0,8.0
1,1,Sports,1,1,100.0,9.0,92.0,17.0,8.0
2,0,No CCA,0,1,61.0,9.0,94.0,20.0,8.0
1,1,Clubs,0,0,76.0,7.0,97.0,20.0,8.0
0,0,Arts,1,1,88.0,8.0,94.0,22.0,8.0
1,0,No CCA,1,1,60.0,16.0,99.0,28.0,8.0
2,1,Clubs,0,0,41.0,11.0,62.0,22.0,6.0
1,0,Clubs,1,1,60.0,10.0,99.0,28.0,8.0
1,0,Arts,1,0,55.0,19.0,96.0,31.0,8.0
0,0,Sports,0,1,66.0,17.0,92.0,27.0,8.0
0,0,Sports,1,0,79.0,5.0,91.0,27.0,8.0
0,0,Arts,0,1,66.0,18.0,97.0,21.0,8.0
2,0,Clubs,0,1,74.0,17.0,91.0,21.0,8.0
1,1,Arts,1,1,96.0,6.0,95.0,17.0,8.0
2,0,Clubs,0,0,56.0,14.0,96.0,20.0,8.0
0,0,No CCA,0,0,87.0,7.0,91.0,22.0,8.0
0,1,Sports,1,0,81.0,8.0,96.0,15.0,8.0
1,0,Sports,1,0,57.0,15.0,99.0,26.0,8.0
1,0,No CCA,0,1,53.0,12.0,97.0,30.0,8.0
0,1,Clubs,1,0,75.0,15.0,91.0,18.0,8.0
1,1,No CCA,0,0,82.0,5.0,91.0,17.0,8.0
1,0,Clubs,0,1,66.0,8.0,98.0,22.0,8.0
1,0,Clubs,1,1,67.0,16.0,99.0,24.0,8.0
1,0,No CCA,0,1,70.0,11.0,92.0,28.0,8.0
0,1,Arts,0,1,75.0,11.0,97.0,16.0,8.0
1,1,No CCA,0,1,72.0,13.0,93.0,20.0,8.0
2,1,Sports,1,0,73.0,16.0,,20.0,8.0
2,0,Clubs,1,1,55.0,7.0,94.0,22.0,8.0
1,1,Sports,0,1,69.0,8.0,94.0,21.0,8.0
0,0,No CCA,0,1,77.0,7.0,94.0,21.0,8.0
1,1,No CCA,1,1,98.0,6.0,,17.0,8.0
0,0,Sports,1,0,76.0,6.0,96.0,27.0,8.0
0,0,Sports,0,1,65.0,8.0,94.0,22.0,8.0
1,0,Arts,0,1,51.0,15.0,99.0,29.0,8.0
0,0,No CCA,0,0,69.0,18.0,100.0,21.0,8.0
0,0,No CCA,0,0,68.0,14.0,93.0,27.0,8.0
0,0,Sports,1,0,76.0,12.0,97.0,28.0,8.0
1,1,No CCA,1,1,62.0,19.0,94.0,27.0,8.0
0,0,No CCA,1,1,88.0,5.0,95.0,23.0,8.0
0,1,No CCA,1,1,84.0,7.0,,16.0,8.0
0,0,No CCA,0,1,73.0,13.0,94.0,22.0,8.0
2,0,Clubs,0,0,73.0,13.0,93.0,19.0,8.0
0,1,No CCA,0,1,77.0,5.0,96.0,20.0,8.0
0,0,Sports,0,1,78.0,8.0,98.0,23.0,8.0
0,0,No CCA,0,1,69.0,15.0,93.0,22.0,8.0
0,0,Arts,0,1,68.0,20.0,97.0,22.0,8.0
0,1,Arts,1,0,77.0,8.0,,15.0,8.0
2,0,Arts,0,0,55.0,11.0,91.0,20.0,8.0
1,1,No CCA,0,1,82.0,9.0,100.0,21.0,8.0
1,1,Arts,0,1,79.0,7.0,97.0,17.0,8.0
2,0,Sports,1,1,73.0,13.0,94.0,19.0,8.0
2,1,Clubs,1,0,81.0,6.0,,18.0,8.0
1,0,Arts,0,0,51.0,9.0,90.0,31.0,8.0
2,0,Clubs,0,0,62.0,6.0,98.0,20.0,8.0
2,0,Arts,1,1,61.0,5.0,91.0,22.0,8.0
0,0,Sports,0,0,65.0,12.0,97.0,27.0,8.0
2,0,Clubs,0,0,59.0,13.0,95.0,20.0,8.0
1,1,Sports,0,1,85.0,5.0,92.0,22.0,8.0
1,0,Arts,1,0,48.0,9.0,95.0,30.0,8.0
1,0,Arts,0,0,57.0,11.0,98.0,31.0,8.0
0,0,Sports,1,1,61.0,8.0,94.0,22.0,8.0
1,0,Sports,0,1,63.0,19.0,98.0,27.0,8.0
1,0,Clubs,0,0,40.0,3.0,50.0,28.0,4.0
1,0,Sports,0,1,68.0,17.0,95.0,28.0,8.0
1,1,Sports,0,1,76.0,5.0,94.0,21.0,8.0
1,0,Clubs,0,1,51.0,8.0,100.0,30.0,8.0
2,0,Clubs,0,1,65.0,10.0,96.0,19.0,8.0
1,0,Clubs,0,1,48.0,0.0,100.0,25.0,8.0
1,0,Sports,1,0,54.0,16.0,90.0,30.0,8.0
2,0,No CCA,0,0,73.0,11.0,98.0,19.0,8.0
0,0,Arts,0,1,81.0,6.0,100.0,21.0,8.0
1,0,Clubs,1,1,42.0,10.0,68.0,30.0,7.0
1,0,No CCA,0,1,60.0,6.0,99.0,22.0,8.0
1,0,Arts,0,0,51.0,18.0,95.0,30.0,8.0
1,1,Sports,0,1,72.0,8.0,99.0,19.0,8.0
1,0,Clubs,1,1,55.0,17.0,92.0,30.0,8.0
0,1,Arts,1,0,89.0,5.0,,17.0,8.0
1,0,Sports,1,0,79.0,10.0,97.0,25.0,8.0
1,1,Arts,1,1,55.0,7.0,95.0,27.0,8.0
0,0,Arts,0,0,59.0,7.0,96.0,21.0,8.0
1,0,Arts,0,1,59.0,15.0,90.0,24.0,7.0
1,0,Arts,0,1,43.0,7.0,90.0,24.0,8.0
0,0,Clubs,1,0,62.0,15.0,98.0,27.0,8.0
1,0,Arts,0,0,51.0,13.0,93.0,24.0,8.0
1,1,Clubs,0,1,67.0,11.0,100.0,21.0,8.0
0,0,Sports,0,1,69.0,14.0,95.0,27.0,8.0
2,1,Sports,0,0,39.0,8.0,69.0,22.0,5.0
1,0,Arts,0,0,59.0,9.0,98.0,27.0,8.0
1,0,Clubs,0,1,63.0,9.0,91.0,28.0,8.0
1,0,Clubs,0,0,45.0,1.0,94.0,28.0,8.0
0,0,Sports,0,0,59.0,13.0,97.0,27.0,8.0
0,0,Arts,0,1,55.0,15.0,99.0,22.0,8.0
1,0,Sports,0,0,57.0,8.0,94.0,28.0,8.0
1,0,Clubs,0,1,40.0,12.0,86.0,24.0,8.0
1,0,No CCA,0,1,67.0,17.0,100.0,28.0,8.0
0,0,No CCA,0,1,71.0,7.0,94.0,21.0,8.0
1,0,Sports,0,1,50.0,8.0,80.0,30.0,7.0
0,1,Arts,1,0,72.0,9.0,93.0,18.0,8.0
0,0,Clubs,1,1,90.0,9.0,92.0,23.0,8.0
0,0,Sports,0,1,78.0,6.0,99.0,22.0,8.0
0,0,Arts,0,1,93.0,9.0,96.0,21.0,8.0
0,0,Sports,0,1,68.0,15.0,95.0,21.0,8.0
0,1,No CCA,0,1,74.0,15.0,98.0,20.0,8.0
0,1,Arts,1,1,80.0,9.0,100.0,21.0,8.0
1,1,Sports,1,0,59.0,8.0,98.0,27.0,8.0
2,0,Arts,1,0,65.0,8.0,92.0,22.0,8.0
1,0,Arts,1,0,60.0,14.0,97.0,31.0,8.0
0,0,Clubs,0,1,61.0,14.0,92.0,20.0,8.0
2,0,Clubs,0,1,72.0,10.0,94.0,21.0,8.0
1,0,Sports,0,0,62.0,13.0,99.0,27.0,8.0
2,1,Arts,0,0,60.0,17.0,,16.0,8.0
2,0,No CCA,0,1,67.0,18.0,97.0,23.0,8.0
2,1,Clubs,0,1,58.0,11.0,98.0,16.0,8.0
1,1,No CCA,0,1,78.0,9.0,99.0,21.0,8.0
1,0,Sports,1,1,59.0,19.0,92.0,28.0,7.0
0,0,Sports,0,1,59.0,13.0,90.0,27.0,7.0
1,1,No CCA,0,1,75.0,16.0,95.0,21.0,8.0
1,0,Clubs,0,1,51.0,6.0,91.0,30.0,8.0
1,1,No CCA,0,0,79.0,10.0,93.0,20.0,8.0
2,0,No CCA,1,1,77.0,6.0,97.0,17.0,8.0
2,0,Sports,0,1,68.0,18.0,95.0,19.0,8.0
1,0,Arts,1,1,69.0,7.0,97.0,24.0,8.0
1,1,Sports,1,1,79.0,8.0,96.0,17.0,8.0
2,0,Arts,1,0,71.0,19.0,99.0,17.0,8.0
2,1,No CCA,1,0,73.0,8.0,94.0,14.0,8.0
1,0,Sports,1,1,61.0,7.0,99.0,24.0,8.0
2,0,Sports,1,1,68.0,16.0,92.0,23.0,8.0
1,0,Clubs,0,0,50.0,12.0,92.0,29.0,8.0
1,0,Sports,0,0,66.0,12.0,93.0,22.0,8.0
0,0,Clubs,1,0,76.0,7.0,93.0,28.0,8.0
1,1,No CCA,0,0,85.0,8.0,97.0,22.0,8.0
0,0,No CCA,1,0,94.0,6.0,93.0,23.0,8.0
1,1,Clubs,0,1,69.0,9.0,,21.0,8.0
2,0,Arts,0,0,40.0,6.0,95.0,23.0,8.0
0,0,No CCA,1,1,81.0,5.0,93.0,24.0,8.0
1,0,Arts,1,0,59.0,6.0,97.0,30.0,8.0
1,0,Arts,1,1,76.0,17.0,99.0,25.0,8.0
1,0,Clubs,0,0,49.0,6.0,98.0,24.0,8.0
0,0,No CCA,1,0,93.0,8.0,94.0,19.0,8.0
2,1,No CCA,0,0,60.0,9.0,99.0,16.0,8.0
0,0,Clubs,1,1,64.0,19.0,,22.0,8.0
1,0,Sports,0,0,32.0,2.0,95.0,28.0,8.0
0,0,No CCA,1,0,73.0,13.0,97.0,28.0,8.0
1,0,Arts,0,1,57.0,7.0,,24.0,8.0
0,0,No CCA,0,1,95.0,5.0,95.0,21.0,8.0
0,1,Clubs,0,1,69.0,6.0,94.0,16.0,8.0
0,0,Arts,0,0,79.0,8.0,96.0,21.0,8.0
0,0,Clubs,0,1,68.0,8.0,95.0,21.0,8.0
1,1,No CCA,0,1,68.0,15.0,96.0,21.0,8.0
0,0,Sports,0,1,92.0,7.0,99.0,22.0,8.0
1,0,Clubs,0,1,52.0,6.0,100.0,30.0,8.0
2,0,Clubs,0,0,42.0,14.0,87.0,22.0,8.0
2,0,Sports,0,1,74.0,11.0,97.0,23.0,8.0
1,0,No CCA,0,0,62.0,17.0,94.0,27.0,8.0
0,0,Arts,1,1,59.0,20.0,98.0,27.0,8.0
0,0,Arts,0,1,73.0,10.0,95.0,23.0,8.0
0,1,Clubs,1,0,72.0,18.0,91.0,18.0,8.0
1,0,No CCA,0,1,61.0,7.0,90.0,22.0,8.0
1,1,No CCA,0,1,75.0,14.0,90.0,17.0,8.0
1,0,Clubs,0,1,61.0,16.0,94.0,24.0,8.0
1,1,Clubs,0,1,54.0,5.0,93.0,25.0,8.0
0,1,Sports,0,1,79.0,7.0,99.0,20.0,8.0
1,1,No CCA,1,1,93.0,6.0,,21.0,8.0
1,1,Arts,0,0,41.0,7.0,70.0,24.0,5.0
2,0,No CCA,1,0,61.0,6.0,99.0,23.0,8.0
0,0,Clubs,0,0,63.0,18.0,99.0,27.0,8.0
1,1,No CCA,1,1,100.0,5.0,98.0,17.0,8.0
1,0,Arts,0,1,47.0,14.0,50.0,25.0,4.0
1,1,No CCA,0,1,87.0,7.0,90.0,17.0,8.0
2,0,Arts,0,1,36.0,3.0,80.0,22.0,7.0
0,0,Arts,0,0,66.0,15.0,98.0,27.0,8.0
0,0,Clubs,1,1,49.0,3.0,91.0,20.0,8.0
0,0,Clubs,1,1,80.0,6.0,99.0,24.0,8.0
1,1,No CCA,1,0,98.0,8.0,98.0,17.0,8.0
2,0,Arts,0,1,51.0,5.0,91.0,18.0,8.0
0,0,No CCA,0,0,67.0,7.0,91.0,27.0,8.0
0,1,No CCA,1,0,91.0,8.0,98.0,16.0,8.0
2,1,Clubs,1,0,79.0,6.0,93.0,18.0,8.0
0,1,No CCA,1,0,69.0,20.0,91.0,16.0,8.0
0,1,Sports,1,0,74.0,6.0,99.0,15.0,8.0
2,0,Sports,0,1,39.0,7.0,74.0,24.0,7.0
1,0,Arts,1,1,67.0,15.0,97.0,28.0,8.0
1,0,Clubs,0,0,60.0,17.0,91.0,27.0,8.0
0,0,No CCA,0,1,89.0,6.0,98.0,22.0,8.0
0,0,Arts,0,1,66.0,5.0,96.0,21.0,8.0
1,0,Clubs,1,1,76.0,6.0,90.0,24.0,8.0
0,0,No CCA,1,1,95.0,6.0,96.0,18.0,8.0
0,0,No CCA,1,1,85.0,9.0,94.0,18.0,8.0
1,0,Sports,0,1,60.0,13.0,96.0,27.0,8.0
1,1,Clubs,0,0,80.0,7.0,96.0,22.0,8.0
0,0,Arts,1,1,65.0,16.0,99.0,20.0,8.0
1,0,Sports,1,1,59.0,7.0,93.0,28.0,8.0
0,0,No CCA,0,1,93.0,7.0,100.0,25.0,8.0
2,0,Arts,0,1,69.0,7.0,98.0,21.0,8.0
2,0,Clubs,0,0,59.0,14.0,93.0,20.0,8.0
0,0,No CCA,1,1,64.0,7.0,91.0,27.0,8.0
2,1,Arts,0,0,52.0,9.0,95.0,16.0,8.0
0,1,Sports,0,1,70.0,9.0,91.0,19.0,8.0
1,1,Sports,0,0,49.0,9.0,81.0,25.0,8.0
2,0,Sports,1,1,73.0,11.0,91.0,19.0,8.0
1,1,Sports,0,1,79.0,8.0,,17.0,8.0
1,0,Clubs,1,1,57.0,5.0,96.0,26.0,8.0
0,1,Clubs,0,1,70.0,15.0,98.0,16.0,8.0
0,0,Arts,1,0,74.0,12.0,91.0,28.0,7.0
0,0,Sports,0,0,61.0,12.0,,22.0,8.0
1,1,No CCA,0,1,69.0,19.0,93.0,19.0,8.0
0,0,No CCA,0,0,61.0,13.0,96.0,22.0,8.0
0,0,Clubs,1,1,57.0,13.0,97.0,20.0,8.0
0,0,No CCA,1,1,90.0,6.0,92.0,18.0,8.0
0,0,Sports,1,0,71.0,20.0,95.0,28.0,8.0
1,1,Clubs,0,1,46.0,9.0,66.0,30.0,5.0
0,0,Arts,1,1,63.0,18.0,99.0,20.0,8.0
0,0,No CCA,0,0,90.0,5.0,91.0,22.0,8.0
1,0,Arts,0,0,48.0,12.0,60.0,24.0,5.0
0,1,No CCA,1,0,78.0,8.0,91.0,20.0,8.0
1,1,Sports,0,0,49.0,15.0,99.0,29.0,8.0
2,0,Sports,1,0,72.0,8.0,93.0,22.0,8.0
1,0,Sports,0,1,47.0,8.0,94.0,24.0,8.0
1,1,No CCA,0,1,83.0,6.0,96.0,17.0,8.0
1,0,Arts,0,0,46.0,1.0,50.0,30.0,5.0
1,1,No CCA,1,1,94.0,8.0,99.0,21.0,8.0
1,1,No CCA,0,0,49.0,6.0,98.0,30.0,8.0
0,0,Arts,0,1,98.0,6.0,95.0,21.0,8.0
1,0,Sports,1,0,57.0,14.0,97.0,26.0,8.0
2,0,Clubs,0,1,71.0,17.0,95.0,19.0,8.0
2,0,No CCA,0,1,74.0,7.0,92.0,21.0,8.0
0,1,Arts,0,1,72.0,9.0,99.0,15.0,8.0
1,0,Sports,1,0,52.0,20.0,96.0,30.0,8.0
0,0,Arts,1,1,65.0,15.0,96.0,22.0,8.0
1,0,Sports,1,1,67.0,13.0,98.0,28.0,8.0
2,0,Arts,0,1,54.0,19.0,93.0,22.0,8.0
2,1,Clubs,1,0,84.0,9.0,98.0,14.0,8.0
0,0,No CCA,0,1,62.0,7.0,94.0,21.0,8.0
1,0,Arts,1,0,43.0,14.0,98.0,30.0,8.0
0,0,No CCA,1,1,90.0,7.0,98.0,23.0,8.0
0,0,Arts,0,0,63.0,7.0,90.0,21.0,8.0
0,1,Arts,1,0,88.0,8.0,95.0,16.0,8.0
2,0,Arts,0,0,59.0,18.0,98.0,20.0,8.0
0,0,No CCA,1,0,93.0,9.0,99.0,18.0,8.0
2,0,Sports,0,1,72.0,12.0,91.0,19.0,8.0
2,0,Sports,0,0,62.0,19.0,100.0,20.0,8.0
0,0,Sports,1,0,77.0,6.0,97.0,27.0,8.0
2,0,Arts,1,0,43.0,12.0,96.0,24.0,8.0
1,0,No CCA,1,1,61.0,13.0,95.0,28.0,8.0
1,0,Clubs,0,0,62.0,11.0,98.0,27.0,8.0
0,1,Clubs,1,1,81.0,8.0,97.0,16.0,8.0
1,0,No CCA,1,1,71.0,16.0,98.0,24.0,8.0
0,1,No CCA,1,0,69.0,9.0,99.0,16.0,8.0
0,0,Clubs,0,0,67.0,8.0,,27.0,7.0
1,1,No CCA,0,1,83.0,8.0,,17.0,8.0
0,1,Sports,0,1,73.0,18.0,94.0,15.0,8.0
1,1,Arts,1,0,49.0,14.0,92.0,30.0,8.0
0,1,No CCA,0,0,67.0,16.0,96.0,16.0,8.0
1,0,Clubs,0,0,54.0,6.0,96.0,29.0,8.0
1,1,No CCA,0,1,86.0,6.0,96.0,17.0,8.0
1,0,Clubs,1,1,76.0,7.0,99.0,25.0,8.0
2,0,No CCA,0,1,61.0,15.0,97.0,20.0,8.0
0,0,No CCA,0,1,96.0,9.0,96.0,25.0,8.0
2,0,Clubs,1,0,74.0,6.0,97.0,23.0,8.0
0,0,Arts,0,1,67.0,20.0,94.0,21.0,8.0
1,0,Sports,0,0,52.0,6.0,97.0,29.0,8.0
0,0,No CCA,1,1,91.0,7.0,97.0,23.0,8.0
2,0,Sports,0,1,72.0,19.0,91.0,19.0,8.0
1,0,Clubs,0,0,50.0,13.0,96.0,29.0,8.0
0,0,Arts,0,0,68.0,13.0,96.0,27.0,8.0
1,1,Arts,1,0,80.0,6.0,98.0,22.0,8.0
0,0,Arts,1,1,78.0,7.0,98.0,21.0,8.0
1,0,Sports,0,0,51.0,7.0,91.0,30.0,8.0
2,0,No CCA,1,0,80.0,7.0,93.0,19.0,8.0
0,0,Clubs,0,1,54.0,8.0,94.0,21.0,8.0
1,1,Arts,0,0,45.0,5.0,100.0,24.0,8.0
0,0,No CCA,0,0,95.0,8.0,97.0,25.0,8.0
0,0,Sports,0,0,64.0,8.0,98.0,27.0,8.0
2,1,Arts,1,0,73.0,14.0,94.0,20.0,8.0
1,0,Arts,0,1,55.0,10.0,97.0,24.0,8.0
0,1,Arts,0,1,73.0,7.0,98.0,15.0,8.0
0,0,No CCA,1,0,93.0,5.0,91.0,19.0,8.0
2,1,Arts,0,1,49.0,7.0,60.0,23.0,6.0
1,1,Sports,0,0,49.0,10.0,83.0,30.0,8.0
1,0,Arts,0,1,52.0,7.0,91.0,30.0,8.0
1,0,Clubs,1,0,58.0,17.0,91.0,26.0,8.0
0,1,No CCA,1,1,79.0,10.0,91.0,17.0,8.0
2,0,Sports,0,1,51.0,6.0,99.0,18.0,8.0
2,1,No CCA,1,0,71.0,17.0,99.0,20.0,8.0
1,0,Clubs,1,1,60.0,10.0,100.0,28.0,8.0
1,1,No CCA,1,0,87.0,10.0,94.0,17.0,8.0
0,0,Clubs,0,1,93.0,6.0,97.0,25.0,8.0
2,0,Sports,1,0,79.0,9.0,98.0,17.0,8.0
0,0,Arts,0,1,70.0,10.0,100.0,22.0,8.0
1,0,No CCA,0,1,70.0,8.0,97.0,22.0,8.0
0,0,Arts,0,0,68.0,11.0,96.0,27.0,8.0
1,1,Clubs,0,0,87.0,9.0,,17.0,8.0
1,1,Clubs,0,0,77.0,10.0,95.0,20.0,8.0
2,0,Arts,0,1,58.0,8.0,91.0,22.0,8.0
2,0,Arts,1,1,68.0,7.0,98.0,23.0,8.0
2,0,Clubs,1,0,51.0,17.0,100.0,23.0,8.0
0,0,No CCA,0,1,81.0,8.0,96.0,22.0,8.0
0,0,Clubs,1,1,59.0,16.0,93.0,20.0,8.0
1,1,Clubs,0,0,49.0,7.0,98.0,25.0,8.0
1,1,Sports,1,1,83.0,7.0,98.0,17.0,8.0
0,0,Sports,0,0,69.0,19.0,92.0,20.0,8.0
1,0,No CCA,0,1,67.0,10.0,100.0,28.0,8.0
0,1,Clubs,1,1,85.0,9.0,90.0,16.0,8.0
0,1,No CCA,1,1,75.0,12.0,98.0,20.0,8.0
0,0,Arts,0,1,90.0,8.0,94.0,22.0,8.0
1,1,Clubs,0,1,71.0,9.0,96.0,21.0,8.0
1,0,Sports,1,0,59.0,11.0,96.0,26.0,8.0
1,0,Sports,0,0,47.0,7.0,97.0,25.0,8.0
0,0,Arts,1,1,90.0,6.0,93.0,23.0,8.0
0,1,No CCA,0,1,80.0,9.0,99.0,15.0,8.0
1,1,Clubs,0,0,49.0,6.0,51.0,25.0,4.0
2,0,Arts,0,1,68.0,19.0,93.0,19.0,8.0
1,0,No CCA,1,1,81.0,5.0,96.0,25.0,8.0
0,0,Arts,1,1,79.0,10.0,,27.0,8.0
1,0,No CCA,0,1,64.0,15.0,97.0,28.0,8.0
0,0,Clubs,0,0,68.0,11.0,93.0,20.0,8.0
1,1,Sports,0,0,39.0,0.0,50.0,28.0,4.0
0,1,Arts,1,0,70.0,16.0,91.0,16.0,8.0
2,0,Clubs,0,0,43.0,5.0,97.0,22.0,8.0
1,1,Clubs,0,0,47.0,12.0,91.0,25.0,8.0
2,0,Arts,0,0,37.0,12.0,96.0,22.0,8.0
2,0,Sports,1,0,69.0,15.0,97.0,23.0,8.0
2,0,Arts,0,1,59.0,11.0,93.0,20.0,8.0
2,0,Clubs,1,1,60.0,20.0,91.0,22.0,8.0
1,1,Clubs,0,1,71.0,20.0,98.0,20.0,8.0
1,1,No CCA,0,1,85.0,7.0,92.0,22.0,8.0
1,0,Clubs,0,0,46.0,9.0,98.0,30.0,8.0
1,0,Sports,1,1,52.0,15.0,96.0,30.0,8.0
2,0,Arts,1,0,78.0,8.0,95.0,17.0,8.0
1,1,Arts,1,0,56.0,8.0,96.0,27.0,8.0
1,0,Arts,0,0,56.0,18.0,97.0,27.0,8.0
0,0,Clubs,1,0,78.0,8.0,91.0,24.0,8.0
1,1,Arts,1,0,45.0,5.0,95.0,30.0,8.0
0,1,Arts,0,1,73.0,11.0,96.0,20.0,8.0
0,1,No CCA,1,0,70.0,15.0,90.0,16.0,8.0
1,0,No CCA,1,0,54.0,15.0,92.0,30.0,8.0
0,1,Arts,1,1,82.0,9.0,98.0,17.0,8.0
0,0,Arts,1,1,93.0,10.0,94.0,18.0,8.0
0,0,Arts,0,1,71.0,5.0,97.0,21.0,8.0
0,0,Arts,1,1,77.0,7.0,93.0,28.0,8.0
0,1,Clubs,1,0,74.0,15.0,96.0,18.0,8.0
1,1,Arts,1,0,57.0,13.0,98.0,27.0,8.0
0,1,Sports,1,1,71.0,20.0,97.0,16.0,8.0
2,0,Arts,1,1,73.0,17.0,91.0,19.0,8.0
1,1,Arts,0,1,79.0,8.0,100.0,17.0,8.0
0,0,Clubs,0,0,68.0,16.0,95.0,20.0,8.0
2,1,No CCA,1,1,76.0,7.0,93.0,18.0,8.0
1,0,Clubs,0,1,59.0,18.0,96.0,31.0,8.0
1,0,No CCA,1,1,49.0,11.0,93.0,25.0,7.0
2,0,Arts,0,1,55.0,10.0,95.0,22.0,8.0
2,0,Sports,0,0,53.0,16.0,96.0,20.0,8.0
0,0,No CCA,1,0,94.0,7.0,96.0,23.0,8.0
2,0,Sports,0,0,48.0,8.0,63.0,19.0,5.0
1,1,No CCA,1,1,86.0,10.0,92.0,17.0,8.0
1,1,Clubs,0,1,45.0,14.0,44.0,30.0,4.0
0,0,Sports,1,0,60.0,7.0,98.0,20.0,8.0
0,1,No CCA,1,1,90.0,8.0,92.0,16.0,8.0
2,1,Clubs,1,1,83.0,8.0,93.0,18.0,8.0
2,0,Arts,0,0,57.0,13.0,94.0,20.0,8.0
0,0,Sports,0,0,58.0,8.0,99.0,22.0,8.0
0,0,Clubs,0,1,68.0,13.0,99.0,23.0,8.0
1,1,Clubs,0,1,74.0,19.0,,20.0,7.0
1,0,Sports,0,1,59.0,18.0,91.0,31.0,7.0
2,0,Sports,1,0,51.0,19.0,91.0,23.0,7.0
0,0,Arts,0,1,71.0,20.0,98.0,21.0,8.0
2,0,Sports,0,0,41.0,9.0,71.0,22.0,7.0
0,0,Sports,0,0,68.0,10.0,94.0,27.0,8.0
1,0,Sports,1,1,78.0,7.0,96.0,25.0,8.0
2,0,Arts,0,0,58.0,13.0,96.0,20.0,8.0
2,0,No CCA,0,1,61.0,19.0,97.0,20.0,8.0
0,1,No CCA,0,0,78.0,8.0,94.0,21.0,8.0
0,0,No CCA,0,1,95.0,7.0,98.0,22.0,8.0
1,0,Arts,1,1,52.0,8.0,91.0,30.0,8.0
1,0,Clubs,1,1,64.0,17.0,99.0,28.0,8.0
0,0,Sports,0,1,78.0,6.0,94.0,21.0,8.0
1,1,Sports,0,0,85.0,8.0,93.0,22.0,7.0
1,0,Arts,0,1,62.0,11.0,99.0,28.0,8.0
1,1,Sports,0,1,80.0,8.0,97.0,17.0,8.0
1,1,Arts,1,0,42.0,2.0,54.0,30.0,4.0
1,1,Clubs,1,0,47.0,9.0,98.0,30.0,8.0
1,0,Clubs,1,1,47.0,12.0,93.0,30.0,8.0
1,1,No CCA,0,1,82.0,9.0,97.0,21.0,8.0
2,0,No CCA,0,1,68.0,7.0,96.0,23.0,8.0
1,0,Clubs,0,1,59.0,15.0,99.0,28.0,8.0
0,0,Arts,0,1,58.0,5.0,99.0,27.0,8.0
0,1,Sports,0,1,79.0,8.0,97.0,20.0,8.0
1,1,Sports,0,1,79.0,8.0,99.0,17.0,8.0
2,0,Clubs,0,1,68.0,14.0,92.0,19.0,8.0
1,1,Arts,0,0,54.0,6.0,98.0,25.0,8.0
0,1,Sports,0,0,76.0,17.0,97.0,19.0,8.0
1,1,Sports,1,0,57.0,10.0,99.0,27.0,8.0
0,0,Clubs,0,1,91.0,7.0,97.0,21.0,8.0
1,1,Arts,1,1,95.0,9.0,93.0,21.0,8.0
2,0,Sports,0,1,57.0,5.0,98.0,19.0,8.0
2,0,Sports,0,1,62.0,16.0,97.0,22.0,8.0
1,0,Arts,0,1,57.0,10.0,98.0,31.0,8.0
1,0,Clubs,0,1,65.0,18.0,97.0,28.0,8.0
2,0,Sports,0,1,59.0,10.0,99.0,20.0,8.0
2,0,Clubs,0,1,68.0,12.0,92.0,19.0,8.0
0,0,No CCA,0,0,93.0,10.0,99.0,21.0,8.0
0,0,No CCA,0,0,77.0,8.0,93.0,21.0,8.0
0,0,Clubs,0,0,56.0,12.0,93.0,22.0,8.0
1,1,Arts,0,0,49.0,8.0,52.0,25.0,4.0
0,1,No CCA,0,1,80.0,6.0,90.0,21.0,8.0
0,0,Clubs,0,0,57.0,8.0,,22.0,8.0
1,0,Clubs,0,1,60.0,18.0,90.0,22.0,8.0
1,0,Arts,0,1,53.0,9.0,98.0,30.0,8.0
2,0,Clubs,0,1,58.0,18.0,90.0,18.0,8.0
1,0,Sports,1,0,48.0,13.0,92.0,24.0,7.0
1,0,Clubs,0,0,53.0,6.0,92.0,31.0,8.0
2,0,Clubs,1,1,58.0,6.0,95.0,18.0,8.0
0,0,No CCA,1,1,93.0,6.0,94.0,23.0,8.0
2,0,Sports,0,1,58.0,7.0,95.0,22.0,8.0
2,1,Clubs,0,0,44.0,2.0,99.0,23.0,8.0
2,0,Sports,0,1,50.0,19.0,94.0,22.0,8.0
1,1,Arts,1,0,62.0,9.0,95.0,27.0,8.0
2,0,No CCA,1,1,72.0,14.0,93.0,22.0,8.0
1,0,Clubs,1,0,55.0,16.0,99.0,30.0,8.0
2,0,Clubs,0,0,49.0,6.0,100.0,22.0,8.0
1,0,Arts,0,1,59.0,6.0,97.0,27.0,8.0
1,0,Sports,0,0,48.0,10.0,94.0,25.0,8.0
1,0,Arts,1,0,48.0,13.0,85.0,30.0,7.0
0,1,Sports,0,1,73.0,12.0,99.0,15.0,8.0
2,0,Sports,0,1,58.0,10.0,90.0,18.0,8.0
1,0,No CCA,1,1,61.0,18.0,98.0,28.0,8.0
2,1,Clubs,0,0,43.0,7.0,76.0,23.0,6.0
1,0,Arts,1,1,59.0,8.0,90.0,28.0,8.0
1,0,Clubs,0,1,69.0,16.0,91.0,28.0,8.0
1,1,Arts,0,0,45.0,7.0,,24.0,4.0
1,0,Sports,0,1,62.0,9.0,93.0,28.0,8.0
0,0,Arts,0,0,55.0,15.0,91.0,22.0,8.0
0,0,Sports,0,0,57.0,9.0,93.0,21.0,8.0
1,1,No CCA,0,1,85.0,6.0,,22.0,8.0
2,0,Sports,0,1,77.0,8.0,91.0,21.0,8.0
1,1,Arts,0,1,82.0,7.0,92.0,22.0,7.0
0,1,Sports,1,1,87.0,6.0,91.0,17.0,8.0
0,0,Arts,1,1,66.0,15.0,95.0,20.0,8.0
2,1,No CCA,1,0,39.0,11.0,92.0,24.0,8.0
1,0,Arts,1,1,78.0,8.0,98.0,25.0,8.0
0,0,Arts,1,1,87.0,7.0,95.0,23.0,8.0
2,0,No CCA,1,0,69.0,9.0,96.0,22.0,8.0
2,0,No CCA,0,1,53.0,15.0,99.0,22.0,8.0
2,0,Arts,1,1,68.0,13.0,91.0,23.0,8.0
0,0,Arts,1,1,59.0,17.0,93.0,27.0,8.0
2,0,Sports,1,1,80.0,7.0,98.0,17.0,8.0
0,1,No CCA,1,1,83.0,6.0,100.0,18.0,8.0
1,1,Arts,1,0,57.0,18.0,93.0,27.0,8.0
0,1,Clubs,0,1,80.0,9.0,,21.0,8.0
1,0,Arts,0,1,65.0,11.0,95.0,28.0,8.0
0,0,No CCA,0,0,69.0,12.0,94.0,22.0,8.0
0,0,No CCA,0,1,94.0,7.0,96.0,21.0,8.0
1,0,No CCA,0,1,66.0,12.0,95.0,22.0,8.0
0,1,No CCA,0,1,73.0,14.0,93.0,15.0,8.0
2,0,No CCA,0,1,78.0,6.0,95.0,21.0,8.0
0,1,Arts,0,0,82.0,8.0,96.0,21.0,8.0
0,0,No CCA,0,0,93.0,5.0,91.0,25.0,8.0
1,0,Arts,0,0,42.0,3.0,100.0,28.0,8.0
0,0,Sports,0,1,65.0,8.0,92.0,27.0,8.0
1,1,Arts,0,1,81.0,10.0,96.0,17.0,8.0
0,1,No CCA,0,0,82.0,6.0,100.0,21.0,8.0
1,0,Arts,1,0,50.0,5.0,56.0,30.0,5.0
0,1,No CCA,1,1,67.0,16.0,94.0,16.0,8.0
2,0,Arts,0,0,50.0,13.0,97.0,22.0,8.0
0,1,Arts,1,1,86.0,7.0,97.0,16.0,8.0
1,0,Clubs,0,1,48.0,3.0,89.0,24.0,7.0
2,1,No CCA,1,1,87.0,9.0,95.0,18.0,8.0
0,0,Arts,1,1,52.0,17.0,99.0,20.0,8.0
1,1,No CCA,0,1,72.0,17.0,92.0,21.0,8.0
0,0,No CCA,1,1,94.0,8.0,95.0,23.0,8.0
1,0,Clubs,0,0,46.0,3.0,99.0,30.0,8.0
1,0,Clubs,0,0,62.0,20.0,96.0,28.0,8.0
1,0,Clubs,0,1,64.0,14.0,90.0,27.0,8.0
0,1,Sports,0,1,78.0,9.0,95.0,16.0,8.0
2,0,Clubs,0,1,74.0,6.0,92.0,21.0,8.0
0,0,Arts,1,0,69.0,17.0,98.0,20.0,8.0
2,1,No CCA,1,1,84.0,9.0,95.0,14.0,8.0
0,0,No CCA,0,0,69.0,13.0,98.0,21.0,8.0
2,0,Arts,0,1,59.0,11.0,93.0,20.0,8.0
0,0,No CCA,0,0,54.0,8.0,91.0,21.0,8.0
1,1,Clubs,0,1,50.0,17.0,100.0,25.0,8.0
0,0,Sports,0,1,77.0,8.0,100.0,22.0,8.0
0,0,Clubs,0,1,75.0,18.0,93.0,27.0,8.0
1,0,No CCA,0,1,62.0,10.0,96.0,22.0,8.0
1,1,No CCA,0,1,73.0,11.0,92.0,20.0,8.0
0,0,Arts,1,0,71.0,10.0,99.0,28.0,8.0
0,1,No CCA,0,1,84.0,7.0,91.0,21.0,8.0
1,0,No CCA,0,1,69.0,11.0,96.0,22.0,8.0
1,1,No CCA,1,1,91.0,8.0,99.0,21.0,8.0
2,0,Arts,0,1,47.0,14.0,96.0,23.0,8.0
1,0,Clubs,1,0,47.0,5.0,94.0,30.0,8.0
0,0,Sports,1,0,74.0,16.0,91.0,27.0,8.0
0,0,No CCA,1,1,82.0,9.0,,24.0,8.0
1,0,Arts,1,1,76.0,14.0,91.0,25.0,8.0
1,0,Arts,1,0,68.0,16.0,100.0,28.0,8.0
1,0,Sports,1,0,81.0,9.0,97.0,25.0,8.0
1,0,Sports,0,0,49.0,14.0,91.0,29.0,8.0
0,1,No CCA,1,0,83.0,9.0,95.0,20.0,8.0
1,1,Sports,0,1,67.0,10.0,99.0,21.0,8.0
1,1,Clubs,1,0,48.0,13.0,96.0,30.0,8.0
1,1,Arts,0,0,49.0,4.0,93.0,24.0,8.0
1,1,Arts,1,1,57.0,6.0,98.0,27.0,8.0
1,1,Clubs,0,1,66.0,8.0,93.0,19.0,8.0
0,1,Clubs,1,1,84.0,6.0,92.0,20.0,8.0
1,0,No CCA,0,0,68.0,18.0,94.0,28.0,8.0
1,1,No CCA,1,1,74.0,8.0,97.0,17.0,8.0
1,1,Arts,1,0,48.0,11.0,52.0,30.0,5.0
1,0,Clubs,0,1,66.0,20.0,94.0,28.0,8.0
0,0,Clubs,1,1,58.0,12.0,99.0,20.0,8.0
2,0,No CCA,0,1,71.0,14.0,99.0,19.0,8.0
1,0,Clubs,0,0,45.0,0.0,66.0,24.0,7.0
0,0,Arts,0,1,75.0,8.0,,23.0,8.0
1,0,Arts,1,1,49.0,6.0,89.0,30.0,8.0
2,0,No CCA,1,1,73.0,12.0,91.0,19.0,8.0
1,0,Clubs,0,0,48.0,2.0,50.0,25.0,5.0
0,1,No CCA,1,0,81.0,6.0,99.0,15.0,8.0
1,1,Clubs,0,0,49.0,7.0,100.0,30.0,8.0
2,0,Arts,0,0,43.0,12.0,94.0,22.0,8.0
0,0,Clubs,0,1,79.0,9.0,95.0,23.0,8.0
0,1,No CCA,1,1,88.0,7.0,90.0,17.0,8.0
2,0,No CCA,0,1,75.0,15.0,94.0,19.0,8.0
2,1,Arts,1,1,72.0,5.0,97.0,14.0,8.0
0,0,Clubs,0,1,55.0,19.0,92.0,27.0,8.0
0,1,Sports,0,0,83.0,7.0,95.0,15.0,8.0
2,0,Arts,0,0,60.0,8.0,93.0,22.0,8.0
0,1,No CCA,1,1,90.0,5.0,95.0,16.0,8.0
1,1,Clubs,0,1,76.0,10.0,91.0,22.0,8.0
2,0,Arts,0,0,62.0,8.0,93.0,23.0,8.0
1,0,Arts,1,0,57.0,11.0,97.0,26.0,8.0
1,0,Arts,1,1,55.0,20.0,100.0,30.0,8.0
1,1,Arts,0,1,76.0,9.0,96.0,17.0,8.0
1,0,Clubs,0,0,43.0,1.0,90.0,24.0,7.0
2,0,Arts,0,1,43.0,3.0,52.0,22.0,5.0
2,0,Clubs,0,0,59.0,5.0,94.0,22.0,8.0
0,0,Arts,0,1,51.0,8.0,92.0,21.0,8.0
1,0,Arts,0,1,68.0,17.0,100.0,22.0,8.0
2,0,Arts,0,1,46.0,1.0,93.0,23.0,8.0
0,1,Clubs,0,1,72.0,14.0,95.0,16.0,8.0
1,0,Clubs,0,1,53.0,12.0,98.0,30.0,8.0
0,1,No CCA,1,1,79.0,8.0,98.0,20.0,8.0
1,0,Arts,0,1,61.0,18.0,93.0,22.0,8.0
1,0,Sports,0,1,65.0,5.0,96.0,28.0,8.0
1,0,Arts,0,0,51.0,11.0,90.0,30.0,8.0
1,0,Clubs,1,0,76.0,8.0,94.0,25.0,8.0
0,1,Sports,0,0,76.0,15.0,93.0,19.0,8.0
1,1,Clubs,1,1,49.0,14.0,80.0,30.0,7.0
1,0,Arts,0,1,65.0,19.0,91.0,28.0,8.0
0,0,Clubs,1,0,79.0,10.0,98.0,24.0,8.0
0,1,No CCA,1,1,82.0,6.0,93.0,17.0,8.0
2,0,Sports,0,1,56.0,18.0,93.0,18.0,8.0
1,0,Clubs,0,1,57.0,18.0,,24.0,8.0
2,0,No CCA,1,1,82.0,5.0,100.0,17.0,8.0
0,0,No CCA,1,1,91.0,9.0,98.0,24.0,8.0
2,0,Arts,0,1,59.0,11.0,99.0,20.0,8.0
2,0,Clubs,0,1,77.0,8.0,95.0,21.0,8.0
1,1,No CCA,1,0,77.0,6.0,98.0,20.0,8.0
1,1,No CCA,0,1,79.0,7.0,98.0,21.0,8.0
2,1,Clubs,1,0,69.0,14.0,98.0,15.0,8.0
1,1,Clubs,0,0,47.0,6.0,60.0,25.0,5.0
0,0,Arts,0,1,77.0,9.0,91.0,21.0,7.0
2,1,Arts,1,1,83.0,9.0,92.0,18.0,8.0
2,1,Clubs,1,0,85.0,7.0,98.0,18.0,8.0
1,1,Sports,1,1,82.0,8.0,92.0,17.0,8.0
2,0,Arts,0,1,72.0,11.0,93.0,21.0,8.0
1,0,Clubs,0,1,46.0,8.0,90.0,30.0,7.0
0,0,No CCA,0,1,70.0,11.0,97.0,27.0,8.0
0,0,No CCA,0,0,90.0,7.0,95.0,22.0,8.0
0,1,No CCA,0,1,72.0,6.0,97.0,15.0,8.0
1,0,Sports,0,0,53.0,12.0,92.0,30.0,8.0
1,0,No CCA,1,1,60.0,18.0,96.0,28.0,8.0
0,0,Arts,1,0,98.0,8.0,95.0,21.0,8.0
2,0,Clubs,0,0,51.0,20.0,92.0,22.0,8.0
2,0,Sports,0,1,61.0,10.0,98.0,20.0,8.0
1,0,No CCA,1,0,55.0,10.0,95.0,30.0,8.0
1,0,No CCA,1,0,52.0,17.0,99.0,29.0,8.0
2,0,Sports,1,1,77.0,9.0,95.0,19.0,8.0
2,0,Clubs,0,0,39.0,7.0,90.0,24.0,8.0
2,1,Arts,1,0,77.0,7.0,96.0,14.0,8.0
0,0,Sports,1,1,75.0,7.0,93.0,28.0,8.0
0,1,Clubs,0,1,71.0,10.0,99.0,16.0,8.0
1,1,Sports,1,1,98.0,7.0,93.0,17.0,8.0
0,0,Clubs,0,1,74.0,17.0,95.0,23.0,8.0
2,0,Clubs,0,0,52.0,5.0,94.0,22.0,8.0
0,0,No CCA,0,1,88.0,6.0,97.0,25.0,8.0
0,0,Arts,0,1,93.0,6.0,95.0,25.0,8.0
2,1,No CCA,1,1,76.0,10.0,90.0,14.0,8.0
2,0,Sports,0,1,71.0,18.0,97.0,23.0,8.0
0,0,No CCA,1,0,93.0,10.0,94.0,19.0,8.0
1,0,No CCA,0,1,67.0,17.0,95.0,28.0,8.0
1,0,Clubs,1,0,54.0,12.0,99.0,26.0,8.0
0,0,Arts,0,1,67.0,13.0,100.0,21.0,8.0
1,1,No CCA,0,0,49.0,11.0,91.0,25.0,8.0
2,1,Clubs,1,1,81.0,6.0,92.0,18.0,8.0
2,0,Sports,0,0,66.0,14.0,,23.0,8.0
1,0,Sports,0,1,54.0,8.0,93.0,24.0,8.0
2,0,Clubs,1,0,69.0,9.0,93.0,23.0,8.0
2,0,No CCA,0,1,74.0,19.0,98.0,21.0,8.0
1,1,No CCA,0,1,76.0,6.0,95.0,21.0,8.0
1,0,Clubs,0,1,61.0,13.0,91.0,22.0,8.0
0,0,No CCA,0,0,95.0,8.0,93.0,25.0,8.0
2,0,Clubs,0,1,65.0,10.0,100.0,19.0,8.0
2,0,Sports,0,1,67.0,16.0,90.0,19.0,8.0
1,0,Clubs,1,1,73.0,6.0,94.0,24.0,8.0
2,0,No CCA,0,1,72.0,18.0,93.0,21.0,8.0
1,1,Sports,1,1,42.0,15.0,99.0,30.0,8.0
0,0,No CCA,1,1,88.0,8.0,98.0,18.0,8.0
0,0,No CCA,1,0,96.0,6.0,97.0,23.0,8.0
0,0,Clubs,0,1,66.0,19.0,91.0,21.0,8.0
1,1,Sports,0,0,44.0,11.0,92.0,25.0,8.0
1,0,Clubs,1,0,57.0,11.0,94.0,26.0,8.0
0,1,Clubs,0,0,79.0,6.0,97.0,20.0,8.0
0,1,No CCA,1,0,81.0,8.0,93.0,15.0,8.0
0,0,No CCA,1,0,88.0,10.0,92.0,19.0,7.0
0,0,Sports,1,1,74.0,13.0,91.0,27.0,8.0
1,0,Arts,1,0,45.0,9.0,94.0,30.0,8.0
0,1,Clubs,0,1,75.0,17.0,91.0,20.0,7.0
1,0,Sports,0,1,70.0,7.0,99.0,28.0,8.0
1,1,Arts,1,1,51.0,6.0,95.0,25.0,8.0
2,0,Arts,0,0,69.0,19.0,93.0,21.0,7.0
2,1,No CCA,1,1,76.0,10.0,90.0,18.0,7.0
0,0,No CCA,1,0,92.0,9.0,96.0,23.0,8.0
2,0,Arts,0,1,63.0,19.0,100.0,18.0,8.0
0,1,No CCA,1,1,82.0,6.0,92.0,20.0,8.0
0,1,No CCA,1,1,83.0,8.0,97.0,21.0,8.0
2,0,Arts,0,0,45.0,5.0,95.0,23.0,8.0
0,0,No CCA,0,0,70.0,16.0,96.0,20.0,8.0
1,0,Arts,1,1,44.0,11.0,85.0,24.0,8.0
0,1,Sports,0,1,80.0,8.0,95.0,21.0,8.0
1,0,No CCA,0,1,63.0,11.0,94.0,22.0,8.0
0,0,No CCA,1,1,83.0,7.0,93.0,24.0,8.0
0,0,Sports,0,0,70.0,12.0,97.0,23.0,8.0
0,0,No CCA,1,1,85.0,10.0,95.0,18.0,8.0
0,0,Arts,0,1,64.0,7.0,99.0,22.0,8.0
1,0,Clubs,0,1,67.0,8.0,95.0,28.0,8.0
0,0,No CCA,1,0,81.0,8.0,94.0,24.0,8.0
0,0,Arts,0,1,79.0,5.0,98.0,21.0,8.0
2,0,Sports,0,1,54.0,11.0,96.0,22.0,8.0
1,0,Sports,0,0,46.0,10.0,60.0,24.0,6.0
2,0,Sports,0,1,69.0,15.0,90.0,19.0,8.0
2,0,No CCA,1,0,69.0,15.0,100.0,23.0,8.0
0,0,Clubs,0,1,75.0,9.0,97.0,23.0,8.0
0,0,Arts,0,0,60.0,7.0,99.0,20.0,8.0
2,0,No CCA,0,1,78.0,7.0,,21.0,8.0
0,0,No CCA,1,1,90.0,6.0,95.0,18.0,8.0
0,0,Sports,0,0,90.0,9.0,91.0,22.0,8.0
0,0,Sports,1,1,82.0,7.0,93.0,24.0,8.0
1,0,Sports,0,1,50.0,7.0,92.0,30.0,8.0
0,0,No CCA,1,0,76.0,6.0,98.0,28.0,8.0
2,1,Sports,0,0,62.0,9.0,92.0,16.0,8.0
0,0,Clubs,0,1,67.0,15.0,100.0,27.0,8.0
1,1,Clubs,0,0,48.0,4.0,91.0,29.0,8.0
1,0,Clubs,0,1,62.0,20.0,90.0,22.0,8.0
1,0,Clubs,0,0,49.0,4.0,93.0,29.0,8.0
1,0,Clubs,0,0,60.0,8.0,93.0,27.0,7.0
0,0,Arts,0,1,79.0,8.0,93.0,21.0,8.0
0,0,Sports,0,0,57.0,7.0,95.0,27.0,8.0
0,0,Clubs,0,1,68.0,13.0,99.0,21.0,8.0
1,0,Sports,0,1,61.0,9.0,94.0,22.0,8.0
2,0,Sports,1,0,81.0,7.0,94.0,17.0,8.0
0,0,Clubs,0,1,67.0,15.0,99.0,22.0,8.0
0,0,Clubs,0,0,56.0,17.0,96.0,22.0,8.0
1,0,Arts,0,0,49.0,7.0,98.0,24.0,8.0
1,1,No CCA,0,1,87.0,5.0,94.0,22.0,8.0
1,1,No CCA,1,1,95.0,10.0,97.0,21.0,8.0
1,1,Clubs,1,1,80.0,8.0,97.0,17.0,8.0
2,0,Sports,0,0,40.0,4.0,49.0,23.0,4.0
1,0,No CCA,0,0,59.0,15.0,97.0,27.0,8.0
2,1,Clubs,1,0,73.0,12.0,93.0,14.0,8.0
1,0,Sports,0,0,68.0,6.0,95.0,28.0,8.0
0,0,Clubs,0,1,66.0,15.0,99.0,21.0,8.0
1,0,Sports,0,1,63.0,17.0,92.0,28.0,8.0
1,0,Sports,0,0,52.0,14.0,95.0,25.0,8.0
0,1,No CCA,0,1,78.0,9.0,91.0,15.0,8.0
2,0,Clubs,0,1,69.0,11.0,93.0,21.0,8.0
2,0,No CCA,1,1,62.0,16.0,96.0,23.0,8.0
2,1,Sports,0,1,37.0,7.0,56.0,22.0,5.0
1,0,No CCA,0,1,73.0,7.0,96.0,22.0,8.0
0,0,Sports,0,1,74.0,7.0,91.0,23.0,7.0
1,1,No CCA,0,0,81.0,7.0,99.0,17.0,8.0
0,0,No CCA,1,0,82.0,8.0,92.0,24.0,8.0
0,1,Clubs,1,1,83.0,8.0,90.0,17.0,8.0
2,1,Clubs,0,1,57.0,9.0,92.0,16.0,8.0
0,0,Clubs,0,0,61.0,10.0,,27.0,8.0
2,0,Arts,1,0,70.0,7.0,95.0,22.0,8.0
1,0,Arts,1,0,54.0,13.0,92.0,30.0,8.0
2,0,Sports,0,1,69.0,13.0,91.0,21.0,8.0
1,1,Clubs,0,1,76.0,6.0,97.0,21.0,8.0
0,0,No CCA,1,1,87.0,8.0,95.0,23.0,8.0
1,0,Clubs,0,1,53.0,8.0,90.0,29.0,8.0
2,0,Arts,1,0,71.0,8.0,92.0,23.0,8.0
2,0,Sports,0,1,56.0,13.0,96.0,22.0,8.0
1,1,No CCA,1,1,97.0,9.0,91.0,21.0,8.0
1,0,Sports,0,1,69.0,16.0,92.0,28.0,8.0
1,0,Clubs,0,1,71.0,13.0,96.0,28.0,8.0
0,0,Clubs,0,1,95.0,8.0,99.0,25.0,8.0
1,0,Arts,0,0,53.0,8.0,94.0,24.0,8.0
1,0,Sports,0,0,52.0,18.0,96.0,25.0,8.0
1,1,Arts,1,0,47.0,8.0,64.0,30.0,6.0
0,0,Sports,0,1,69.0,11.0,91.0,22.0,8.0
0,0,No CCA,1,0,82.0,5.0,97.0,24.0,8.0
1,1,Sports,0,1,71.0,6.0,93.0,20.0,8.0
0,0,Clubs,0,1,72.0,18.0,95.0,21.0,8.0
2,0,Sports,0,1,71.0,10.0,99.0,19.0,8.0
2,0,Arts,0,1,70.0,14.0,98.0,19.0,8.0
1,0,Clubs,1,0,47.0,4.0,94.0,30.0,8.0
0,0,Arts,1,1,79.0,6.0,95.0,24.0,8.0
0,0,Arts,0,1,79.0,5.0,100.0,21.0,8.0
0,0,Sports,1,1,94.0,9.0,98.0,21.0,8.0
1,0,Clubs,1,1,50.0,8.0,63.0,30.0,6.0
1,0,Clubs,0,0,51.0,15.0,98.0,29.0,8.0
1,1,No CCA,1,0,53.0,11.0,95.0,27.0,8.0
2,1,No CCA,1,0,86.0,8.0,91.0,18.0,8.0
1,1,Arts,1,0,100.0,8.0,99.0,17.0,8.0
0,1,No CCA,1,0,83.0,10.0,96.0,20.0,8.0
0,0,No CCA,0,1,92.0,9.0,,22.0,8.0
0,1,Arts,0,0,76.0,10.0,96.0,15.0,8.0
0,0,Clubs,0,0,60.0,8.0,97.0,27.0,8.0
0,0,Arts,0,1,59.0,7.0,90.0,21.0,8.0
2,0,No CCA,0,1,67.0,10.0,93.0,23.0,8.0
0,0,Sports,0,1,79.0,6.0,92.0,21.0,7.0
2,0,Arts,1,1,57.0,18.0,95.0,22.0,8.0
0,0,Sports,1,1,63.0,18.0,98.0,20.0,8.0
0,0,No CCA,1,1,90.0,5.0,94.0,23.0,8.0
1,0,Sports,0,1,62.0,18.0,96.0,25.0,8.0
2,1,Sports,0,0,40.0,7.0,98.0,22.0,8.0
2,1,Clubs,0,0,44.0,1.0,59.0,24.0,5.0
2,0,Sports,0,1,54.0,8.0,99.0,18.0,8.0
0,0,Clubs,0,1,62.0,15.0,95.0,27.0,8.0
2,0,Clubs,1,0,75.0,16.0,92.0,23.0,8.0
0,0,No CCA,0,1,70.0,18.0,91.0,21.0,8.0
1,1,Sports,1,0,55.0,9.0,100.0,27.0,8.0
1,0,Sports,0,1,50.0,8.0,99.0,29.0,8.0
1,0,Sports,1,0,53.0,8.0,95.0,30.0,8.0
0,1,Sports,0,0,79.0,6.0,97.0,19.0,8.0
2,0,Clubs,0,1,68.0,16.0,90.0,23.0,8.0
1,1,No CCA,0,1,86.0,5.0,96.0,22.0,8.0
0,0,Sports,1,1,79.0,8.0,90.0,28.0,8.0
2,0,Arts,0,1,67.0,13.0,98.0,23.0,8.0
0,1,Clubs,1,0,76.0,6.0,97.0,18.0,8.0
1,0,Arts,0,0,60.0,13.0,95.0,27.0,8.0
1,0,Clubs,1,0,44.0,9.0,97.0,30.0,8.0
2,0,No CCA,0,1,58.0,16.0,96.0,20.0,8.0
2,0,Arts,1,1,55.0,16.0,91.0,22.0,8.0
2,1,No CCA,1,1,81.0,6.0,100.0,18.0,8.0
1,1,No CCA,1,1,82.0,8.0,95.0,17.0,8.0
0,1,Sports,0,0,79.0,7.0,,20.0,8.0
1,0,Arts,1,0,55.0,8.0,92.0,31.0,8.0
2,0,Arts,0,1,78.0,9.0,,21.0,8.0
1,0,Arts,0,1,61.0,5.0,91.0,28.0,8.0
1,1,Sports,0,1,75.0,18.0,97.0,17.0,8.0
2,0,Arts,0,0,66.0,15.0,93.0,23.0,8.0
2,0,Clubs,0,1,68.0,15.0,95.0,23.0,8.0
1,1,Sports,0,1,71.0,10.0,92.0,20.0,8.0
2,0,Arts,0,0,39.0,1.0,62.0,22.0,6.0
1,0,Clubs,0,0,49.0,10.0,98.0,25.0,8.0
1,1,Arts,1,0,57.0,17.0,,27.0,8.0
0,1,Sports,1,1,81.0,6.0,99.0,15.0,8.0
0,0,Clubs,0,1,70.0,14.0,96.0,27.0,8.0
0,0,Clubs,0,0,68.0,13.0,91.0,22.0,8.0
0,0,No CCA,1,1,93.0,10.0,97.0,23.0,8.0
0,0,Clubs,1,0,74.0,14.0,96.0,27.0,8.0
2,0,Sports,1,0,57.0,11.0,96.0,20.0,8.0
0,0,Clubs,0,0,65.0,17.0,92.0,27.0,8.0
0,0,Clubs,0,1,69.0,5.0,99.0,21.0,8.0
2,0,Sports,1,1,72.0,14.0,97.0,17.0,8.0
0,0,Clubs,0,1,91.0,7.0,,21.0,8.0
1,0,Arts,0,1,60.0,12.0,90.0,24.0,8.0
2,0,Arts,0,0,55.0,18.0,92.0,22.0,8.0
2,0,Arts,0,1,69.0,16.0,98.0,23.0,8.0
1,0,Clubs,0,0,41.0,5.0,95.0,24.0,8.0
1,0,Arts,1,0,47.0,6.0,95.0,30.0,8.0
0,0,No CCA,1,1,85.0,7.0,92.0,18.0,8.0
0,0,Arts,0,0,50.0,13.0,95.0,22.0,8.0
2,1,Sports,1,0,68.0,15.0,91.0,15.0,8.0
1,1,No CCA,0,1,82.0,6.0,96.0,17.0,8.0
2,0,Clubs,1,0,63.0,6.0,91.0,23.0,8.0
2,0,No CCA,0,1,60.0,10.0,99.0,22.0,8.0
1,0,Arts,1,1,54.0,17.0,92.0,30.0,8.0
1,0,Sports,0,0,59.0,13.0,95.0,27.0,8.0
2,0,Arts,0,0,71.0,16.0,96.0,21.0,8.0
1,1,Sports,0,1,71.0,10.0,98.0,19.0,8.0
0,0,Clubs,0,0,61.0,15.0,98.0,27.0,8.0
0,0,Arts,1,0,73.0,6.0,97.0,28.0,8.0
0,1,Clubs,1,0,73.0,11.0,97.0,16.0,8.0
2,0,Sports,1,1,73.0,14.0,91.0,19.0,8.0
1,0,No CCA,1,1,74.0,9.0,96.0,25.0,8.0
0,1,No CCA,1,1,82.0,10.0,97.0,17.0,8.0
0,1,Clubs,0,0,73.0,16.0,98.0,20.0,8.0
0,1,No CCA,0,1,85.0,7.0,,21.0,8.0
2,0,No CCA,1,0,69.0,8.0,98.0,22.0,8.0
1,0,No CCA,1,1,70.0,8.0,92.0,24.0,8.0
0,1,Sports,0,1,70.0,16.0,98.0,16.0,8.0
1,1,Sports,0,1,53.0,10.0,99.0,25.0,8.0
0,0,No CCA,0,1,93.0,10.0,94.0,25.0,8.0
1,0,Clubs,0,0,45.0,0.0,49.0,25.0,4.0
0,0,Clubs,0,0,64.0,13.0,92.0,27.0,8.0
1,1,Clubs,0,0,35.0,8.0,92.0,28.0,8.0
2,0,Sports,0,0,45.0,10.0,57.0,24.0,4.0
2,0,No CCA,0,0,49.0,6.0,,23.0,8.0
1,1,Arts,0,0,43.0,15.0,64.0,24.0,6.0
1,0,Clubs,0,0,53.0,11.0,92.0,29.0,7.0
0,1,No CCA,0,1,78.0,8.0,96.0,15.0,8.0
1,0,Sports,1,0,44.0,5.0,99.0,30.0,8.0
0,1,Sports,1,0,74.0,15.0,98.0,15.0,8.0
1,0,Sports,0,0,48.0,6.0,71.0,30.0,6.0
0,0,Clubs,0,0,71.0,15.0,98.0,22.0,8.0
0,0,No CCA,0,0,99.0,6.0,98.0,21.0,8.0
2,1,Sports,1,0,70.0,17.0,90.0,15.0,8.0
2,0,Arts,0,0,56.0,6.0,98.0,20.0,8.0
1,0,Clubs,0,1,61.0,12.0,93.0,22.0,8.0
1,0,Sports,0,0,52.0,10.0,91.0,25.0,8.0
0,1,No CCA,0,1,73.0,18.0,92.0,15.0,8.0
0,1,No CCA,1,1,81.0,9.0,98.0,15.0,8.0
0,0,Sports,0,0,67.0,7.0,92.0,27.0,8.0
2,1,Clubs,1,0,67.0,9.0,93.0,15.0,8.0
0,0,Sports,0,1,59.0,7.0,90.0,27.0,8.0
1,0,Clubs,0,0,64.0,16.0,92.0,22.0,8.0
2,0,Sports,0,0,69.0,16.0,95.0,21.0,8.0
1,0,Sports,0,1,65.0,17.0,96.0,28.0,8.0
0,0,Clubs,1,0,80.0,9.0,90.0,24.0,8.0
1,1,Clubs,0,0,46.0,1.0,95.0,24.0,8.0
1,0,Clubs,0,1,46.0,9.0,96.0,25.0,8.0
1,0,Arts,0,0,38.0,10.0,98.0,28.0,8.0
1,1,Sports,0,1,72.0,7.0,94.0,20.0,8.0
0,0,Clubs,0,0,71.0,15.0,99.0,27.0,8.0
1,0,Clubs,1,1,51.0,10.0,97.0,30.0,8.0
0,0,No CCA,1,1,95.0,7.0,95.0,21.0,8.0
2,1,Arts,1,0,69.0,12.0,94.0,14.0,8.0
1,1,No CCA,1,1,87.0,6.0,97.0,17.0,8.0
1,0,Sports,1,0,43.0,2.0,99.0,30.0,8.0
0,0,Clubs,0,1,70.0,7.0,99.0,22.0,8.0
1,0,Clubs,1,0,61.0,6.0,96.0,27.0,8.0
0,0,No CCA,1,1,94.0,6.0,90.0,23.0,7.0
2,0,Arts,0,1,70.0,8.0,97.0,19.0,8.0
1,1,No CCA,1,1,95.0,7.0,99.0,21.0,8.0
1,1,Arts,1,0,56.0,12.0,94.0,27.0,8.0
2,1,Clubs,1,0,71.0,8.0,93.0,20.0,8.0
1,0,Clubs,1,1,52.0,12.0,92.0,30.0,8.0
1,1,No CCA,1,0,62.0,15.0,99.0,27.0,8.0
0,0,No CCA,0,0,81.0,7.0,96.0,21.0,8.0
1,0,Sports,0,0,55.0,7.0,98.0,31.0,8.0
1,0,Clubs,0,1,71.0,7.0,93.0,22.0,8.0
0,0,Clubs,0,1,54.0,12.0,91.0,27.0,8.0
2,0,Arts,1,1,57.0,8.0,98.0,22.0,8.0
0,0,No CCA,0,0,92.0,9.0,99.0,25.0,8.0
1,1,Clubs,1,0,96.0,7.0,97.0,17.0,8.0
0,0,Sports,0,1,71.0,14.0,95.0,21.0,8.0
2,0,No CCA,1,0,71.0,6.0,92.0,22.0,7.0
1,0,Arts,0,1,70.0,11.0,95.0,28.0,8.0
0,0,No CCA,1,1,90.0,7.0,96.0,18.0,8.0
2,0,Sports,0,0,39.0,8.0,48.0,22.0,4.0
0,0,No CCA,1,0,81.0,8.0,,27.0,8.0
1,1,Arts,0,1,54.0,5.0,98.0,25.0,8.0
0,0,Sports,0,1,77.0,6.0,94.0,21.0,8.0
0,0,No CCA,0,0,68.0,9.0,94.0,20.0,8.0
2,0,No CCA,0,1,66.0,7.0,95.0,23.0,8.0
1,1,Sports,0,0,46.0,1.0,61.0,24.0,5.0
2,1,Clubs,1,1,78.0,9.0,95.0,14.0,8.0
2,0,Clubs,0,1,57.0,19.0,97.0,22.0,8.0
1,0,Sports,1,1,76.0,12.0,100.0,25.0,8.0
0,1,Clubs,0,0,80.0,9.0,91.0,21.0,8.0
0,1,No CCA,0,0,83.0,5.0,96.0,21.0,8.0
0,0,No CCA,1,1,90.0,5.0,94.0,18.0,8.0
0,1,Clubs,0,1,80.0,5.0,90.0,15.0,8.0
1,0,Arts,0,0,59.0,20.0,91.0,27.0,8.0
1,0,Sports,0,0,53.0,14.0,93.0,25.0,8.0
0,0,Clubs,0,1,66.0,9.0,96.0,27.0,8.0
0,1,Clubs,0,0,76.0,9.0,93.0,19.0,8.0
1,1,Clubs,0,1,77.0,9.0,99.0,17.0,8.0
2,0,Clubs,0,1,50.0,15.0,93.0,18.0,8.0
1,0,Arts,1,0,60.0,14.0,92.0,26.0,8.0
2,0,Arts,0,1,74.0,12.0,93.0,19.0,8.0
1,1,Clubs,1,0,57.0,17.0,91.0,27.0,7.0
2,0,Sports,0,1,58.0,17.0,97.0,22.0,8.0
0,0,No CCA,0,1,69.0,12.0,,22.0,8.0
0,1,Arts,1,1,85.0,5.0,91.0,16.0,7.0
2,0,Clubs,0,0,46.0,13.0,73.0,23.0,7.0
1,1,Sports,0,1,79.0,8.0,98.0,17.0,8.0
1,1,No CCA,1,0,55.0,16.0,99.0,27.0,8.0
1,0,Clubs,0,1,70.0,8.0,95.0,28.0,8.0
0,0,Sports,0,0,54.0,15.0,97.0,27.0,8.0
2,0,Clubs,0,0,55.0,12.0,99.0,20.0,8.0
0,0,No CCA,0,1,71.0,7.0,92.0,21.0,8.0
1,0,Arts,1,0,52.0,11.0,98.0,30.0,8.0
2,0,No CCA,0,0,56.0,7.0,100.0,20.0,8.0
1,0,Clubs,0,0,55.0,15.0,100.0,27.0,8.0
0,1,Arts,1,0,91.0,6.0,94.0,16.0,8.0
1,1,Sports,1,1,58.0,11.0,98.0,27.0,8.0
0,0,Sports,0,0,61.0,16.0,93.0,27.0,8.0
1,1,No CCA,1,1,98.0,5.0,90.0,17.0,8.0
0,0,No CCA,0,0,96.0,9.0,94.0,21.0,8.0
1,0,Clubs,0,1,59.0,12.0,97.0,24.0,8.0
0,0,No CCA,0,1,73.0,16.0,95.0,23.0,8.0
0,1,No CCA,0,1,72.0,18.0,97.0,15.0,8.0
2,0,Arts,0,1,58.0,9.0,,22.0,8.0
1,0,Sports,1,0,49.0,5.0,96.0,30.0,8.0
1,0,Sports,1,1,59.0,19.0,90.0,28.0,8.0
1,0,Clubs,0,1,73.0,16.0,98.0,22.0,8.0
1,0,Clubs,1,0,53.0,16.0,,26.0,8.0
0,1,Clubs,1,0,69.0,6.0,99.0,16.0,8.0
1,1,Clubs,0,0,47.0,10.0,66.0,25.0,5.0
1,0,Arts,0,1,65.0,7.0,99.0,28.0,8.0
1,1,No CCA,1,0,57.0,12.0,96.0,27.0,8.0
0,0,No CCA,1,0,79.0,7.0,95.0,28.0,8.0
0,0,Arts,0,0,63.0,6.0,95.0,27.0,8.0
1,0,Sports,0,1,54.0,10.0,99.0,24.0,8.0
1,1,Clubs,1,0,100.0,9.0,90.0,17.0,8.0
2,0,Clubs,0,1,78.0,7.0,91.0,21.0,8.0
0,0,Clubs,0,0,68.0,18.0,91.0,27.0,8.0
0,0,No CCA,0,1,79.0,9.0,98.0,21.0,8.0
1,1,Arts,0,1,80.0,6.0,96.0,22.0,8.0
2,0,Arts,0,0,68.0,17.0,98.0,19.0,8.0
1,1,Sports,1,1,80.0,9.0,94.0,17.0,8.0
2,0,Clubs,0,1,70.0,7.0,95.0,21.0,8.0
1,0,Arts,1,1,67.0,7.0,91.0,24.0,8.0
0,0,Arts,1,0,73.0,10.0,,28.0,8.0
2,1,Sports,0,1,65.0,17.0,91.0,16.0,8.0
2,1,Arts,0,0,39.0,5.0,56.0,24.0,4.0
1,1,No CCA,0,1,81.0,8.0,92.0,19.0,8.0
1,0,No CCA,1,1,73.0,18.0,97.0,24.0,8.0
1,1,No CCA,0,1,85.0,7.0,94.0,22.0,8.0
1,1,Sports,0,0,80.0,8.0,,17.0,8.0
1,1,Sports,0,1,66.0,10.0,94.0,21.0,7.0
1,0,Sports,1,1,76.0,6.0,,24.0,8.0
0,1,No CCA,1,0,81.0,6.0,91.0,17.0,8.0
2,0,No CCA,1,1,73.0,5.0,,19.0,8.0
1,1,No CCA,1,0,96.0,7.0,93.0,21.0,8.0
0,0,Arts,0,0,60.0,11.0,94.0,20.0,8.0
0,0,Sports,0,0,70.0,6.0,,27.0,8.0
1,1,Arts,0,1,72.0,18.0,97.0,20.0,8.0
2,0,Clubs,0,1,66.0,10.0,93.0,19.0,8.0
1,1,Sports,0,1,84.0,7.0,97.0,22.0,8.0
2,0,Arts,0,0,46.0,12.0,100.0,23.0,8.0
1,1,Clubs,1,0,76.0,2.0,96.0,22.0,8.0
0,1,No CCA,1,1,89.0,8.0,95.0,17.0,8.0
2,0,Clubs,0,0,45.0,14.0,93.0,23.0,8.0
0,0,Clubs,0,1,67.0,6.0,92.0,21.0,8.0
0,0,No CCA,1,1,92.0,6.0,96.0,23.0,8.0
2,0,No CCA,0,1,56.0,10.0,96.0,20.0,8.0
2,0,Clubs,0,0,43.0,6.0,97.0,22.0,8.0
1,0,Clubs,0,0,43.0,3.0,93.0,28.0,8.0
1,0,Arts,1,1,59.0,9.0,93.0,28.0,8.0
0,0,Sports,0,0,65.0,8.0,95.0,21.0,8.0
1,1,Arts,1,0,96.0,8.0,98.0,21.0,8.0
2,0,Arts,1,1,80.0,9.0,93.0,19.0,8.0
0,0,No CCA,1,1,95.0,7.0,94.0,18.0,8.0
0,0,Clubs,0,0,67.0,16.0,91.0,27.0,8.0
0,0,Sports,1,1,93.0,7.0,96.0,19.0,8.0
1,1,Arts,0,1,82.0,6.0,94.0,21.0,8.0
0,0,No CCA,0,0,67.0,9.0,91.0,27.0,8.0
1,0,Clubs,0,1,43.0,1.0,92.0,28.0,8.0
0,0,No CCA,1,1,97.0,8.0,91.0,25.0,8.0
1,0,Clubs,0,1,64.0,18.0,91.0,28.0,8.0
2,0,Clubs,0,1,67.0,8.0,96.0,23.0,8.0
2,1,No CCA,1,0,84.0,8.0,100.0,18.0,8.0
1,1,Arts,0,0,48.0,12.0,98.0,30.0,8.0
2,0,Arts,1,0,75.0,8.0,98.0,23.0,8.0
2,0,Sports,0,0,41.0,8.0,91.0,22.0,8.0
0,0,No CCA,1,0,74.0,7.0,91.0,27.0,7.0
1,1,No CCA,1,1,83.0,6.0,99.0,17.0,8.0
0,0,Sports,1,1,77.0,7.0,91.0,28.0,8.0
0,1,No CCA,1,1,70.0,5.0,94.0,16.0,8.0
1,1,Arts,1,1,56.0,13.0,99.0,27.0,8.0
1,0,No CCA,1,1,49.0,1.0,76.0,30.0,7.0
1,1,Clubs,0,1,79.0,5.0,93.0,17.0,8.0
2,0,Clubs,0,1,47.0,0.0,95.0,23.0,8.0
0,0,Sports,0,0,66.0,16.0,96.0,27.0,8.0
1,0,Clubs,1,0,46.0,5.0,78.0,30.0,7.0
1,0,Arts,0,1,56.0,9.0,96.0,28.0,8.0
0,0,Sports,1,0,66.0,16.0,97.0,27.0,8.0
1,0,Clubs,0,0,50.0,17.0,89.0,30.0,8.0
1,1,No CCA,0,1,67.0,8.0,93.0,19.0,8.0
2,0,No CCA,0,0,62.0,6.0,94.0,20.0,8.0
2,1,Sports,1,1,72.0,12.0,96.0,14.0,8.0
1,0,Clubs,1,1,50.0,8.0,98.0,30.0,8.0
2,0,Clubs,0,0,66.0,16.0,99.0,23.0,8.0
2,0,No CCA,0,0,62.0,12.0,98.0,23.0,8.0
0,1,Clubs,1,1,84.0,7.0,90.0,20.0,8.0
0,1,Sports,0,0,73.0,15.0,92.0,19.0,8.0
2,0,Clubs,0,0,42.0,3.0,92.0,22.0,8.0
1,0,Sports,1,1,56.0,15.0,97.0,26.0,8.0
2,0,Arts,0,1,72.0,20.0,92.0,21.0,8.0
0,0,Clubs,0,0,66.0,10.0,98.0,27.0,8.0
0,0,No CCA,0,1,87.0,10.0,97.0,22.0,8.0
1,1,No CCA,0,0,81.0,8.0,97.0,22.0,8.0
1,0,Sports,0,0,49.0,3.0,87.0,24.0,8.0
1,1,Clubs,0,1,51.0,14.0,91.0,25.0,8.0
2,0,Clubs,1,1,60.0,7.0,94.0,22.0,8.0
0,0,Clubs,1,0,88.0,6.0,,18.0,8.0
0,0,Sports,1,0,92.0,6.0,95.0,23.0,8.0
1,0,Arts,1,1,53.0,13.0,93.0,30.0,8.0
0,0,No CCA,1,1,74.0,18.0,97.0,28.0,8.0
0,0,Clubs,0,1,57.0,17.0,92.0,21.0,8.0
0,0,Sports,0,1,81.0,9.0,97.0,23.0,8.0
2,0,Clubs,0,1,54.0,12.0,97.0,22.0,8.0
0,0,No CCA,0,1,88.0,10.0,98.0,22.0,8.0
1,0,Arts,0,1,63.0,11.0,100.0,27.0,8.0
0,0,No CCA,0,1,89.0,5.0,91.0,22.0,8.0
0,0,Arts,1,1,94.0,5.0,95.0,21.0,8.0
1,1,Clubs,1,1,69.0,19.0,95.0,19.0,8.0
1,0,Arts,0,0,48.0,11.0,84.0,25.0,7.0
0,0,Arts,0,1,64.0,16.0,96.0,27.0,8.0
1,0,Sports,1,0,54.0,7.0,96.0,26.0,8.0
1,0,Sports,0,1,59.0,17.0,100.0,27.0,8.0
1,0,Clubs,0,1,67.0,11.0,96.0,28.0,8.0
2,0,Clubs,0,0,53.0,16.0,91.0,19.0,8.0
1,0,Sports,0,0,47.0,10.0,56.0,25.0,5.0
2,0,No CCA,1,1,83.0,6.0,98.0,17.0,8.0
1,0,Arts,1,1,63.0,13.0,99.0,22.0,8.0
1,0,No CCA,0,0,47.0,5.0,81.0,29.0,8.0
1,0,No CCA,0,1,60.0,8.0,92.0,24.0,8.0
1,0,Arts,0,0,63.0,13.0,99.0,27.0,8.0
2,0,Clubs,1,1,77.0,9.0,94.0,17.0,8.0
1,1,Clubs,0,0,41.0,14.0,67.0,28.0,5.0
0,1,Sports,1,0,74.0,18.0,92.0,18.0,8.0
0,0,Arts,0,1,70.0,8.0,94.0,22.0,8.0
2,0,Sports,1,0,70.0,19.0,95.0,23.0,8.0
0,1,Sports,0,1,79.0,5.0,96.0,20.0,8.0
2,1,Sports,0,0,43.0,11.0,93.0,24.0,8.0
1,0,Clubs,0,1,57.0,17.0,96.0,27.0,8.0
0,0,Arts,0,1,79.0,7.0,98.0,21.0,8.0
1,0,Clubs,1,1,54.0,9.0,99.0,30.0,8.0
0,1,No CCA,1,0,85.0,5.0,97.0,16.0,8.0
1,1,Arts,1,0,80.0,7.0,95.0,22.0,8.0
1,0,Clubs,1,1,76.0,16.0,95.0,25.0,8.0
1,1,Sports,1,0,43.0,3.0,99.0,24.0,8.0
1,0,Sports,0,1,63.0,9.0,91.0,22.0,8.0
1,1,Clubs,0,1,71.0,6.0,91.0,21.0,8.0
1,0,Clubs,1,1,52.0,12.0,92.0,24.0,8.0
2,0,Arts,0,0,52.0,15.0,93.0,22.0,8.0
0,0,Clubs,0,0,69.0,5.0,94.0,27.0,8.0
1,0,Arts,0,0,65.0,13.0,95.0,28.0,8.0
1,0,Sports,1,0,53.0,7.0,94.0,30.0,8.0
1,0,Sports,0,0,50.0,9.0,91.0,30.0,8.0
1,1,Arts,0,0,76.0,6.0,93.0,21.0,8.0
0,1,Clubs,0,0,67.0,8.0,96.0,16.0,8.0
1,0,Clubs,0,1,63.0,16.0,95.0,28.0,8.0
1,1,No CCA,1,1,92.0,10.0,97.0,21.0,8.0
1,0,Sports,0,0,54.0,15.0,94.0,24.0,8.0
0,1,Clubs,0,0,78.0,8.0,,21.0,8.0
1,0,Clubs,1,1,75.0,6.0,93.0,25.0,8.0
0,0,Arts,0,0,61.0,19.0,99.0,27.0,8.0
1,0,No CCA,0,0,54.0,18.0,97.0,24.0,8.0
1,0,Sports,1,1,60.0,13.0,99.0,28.0,8.0
1,0,No CCA,0,1,61.0,18.0,95.0,28.0,8.0
2,0,Clubs,1,1,78.0,9.0,99.0,19.0,8.0
0,0,Arts,0,1,65.0,14.0,91.0,22.0,8.0
2,0,Sports,0,1,57.0,18.0,98.0,20.0,8.0
1,0,Clubs,0,0,48.0,11.0,65.0,25.0,6.0
2,0,Arts,0,0,52.0,20.0,,22.0,8.0
0,0,No CCA,0,1,73.0,17.0,95.0,23.0,8.0
1,0,Arts,1,0,52.0,7.0,93.0,30.0,8.0
2,1,No CCA,1,0,79.0,9.0,98.0,14.0,8.0
1,0,Clubs,0,1,59.0,19.0,93.0,28.0,8.0
2,1,Clubs,1,1,78.0,8.0,93.0,14.0,8.0
0,0,Arts,0,1,68.0,13.0,90.0,22.0,8.0
2,0,Sports,0,1,74.0,8.0,95.0,21.0,8.0
1,1,No CCA,1,1,100.0,7.0,92.0,17.0,8.0
1,0,Arts,0,0,50.0,10.0,98.0,24.0,8.0
0,1,Clubs,1,0,74.0,16.0,90.0,15.0,8.0
0,0,Sports,1,1,77.0,8.0,94.0,24.0,8.0
0,0,Sports,1,1,57.0,6.0,98.0,20.0,8.0
1,0,No CCA,1,1,59.0,6.0,91.0,28.0,8.0
2,0,No CCA,0,1,68.0,14.0,91.0,21.0,8.0
2,0,Clubs,1,1,78.0,9.0,97.0,17.0,8.0
0,1,No CCA,1,1,71.0,18.0,98.0,16.0,8.0
1,0,Arts,1,1,75.0,8.0,92.0,25.0,8.0
2,0,Clubs,0,1,71.0,19.0,94.0,19.0,8.0
1,0,Sports,1,1,78.0,9.0,98.0,25.0,8.0
0,0,No CCA,0,1,72.0,9.0,92.0,20.0,8.0
0,1,Clubs,1,1,88.0,9.0,100.0,16.0,8.0
1,0,No CCA,0,1,62.0,10.0,96.0,28.0,8.0
2,1,Sports,1,1,72.0,7.0,91.0,14.0,8.0
0,0,Sports,1,1,75.0,9.0,97.0,28.0,8.0
1,0,Sports,0,1,48.0,11.0,100.0,25.0,8.0
0,0,Sports,0,0,55.0,8.0,96.0,22.0,8.0
1,0,Sports,0,1,59.0,5.0,99.0,24.0,8.0
1,1,Clubs,1,0,49.0,5.0,65.0,30.0,6.0
2,1,No CCA,1,1,80.0,9.0,,14.0,8.0
2,0,No CCA,0,1,67.0,15.0,91.0,23.0,7.0
2,0,No CCA,1,1,83.0,6.0,90.0,17.0,7.0
1,0,Arts,0,1,52.0,15.0,93.0,24.0,8.0
0,0,Clubs,0,1,98.0,9.0,98.0,21.0,8.0
2,0,Arts,0,1,60.0,8.0,97.0,22.0,8.0
1,1,Arts,0,1,76.0,16.0,100.0,21.0,8.0
2,0,Clubs,0,1,56.0,7.0,96.0,22.0,8.0
0,0,Arts,0,1,89.0,10.0,98.0,21.0,8.0
1,0,Sports,0,0,55.0,10.0,96.0,31.0,8.0
0,0,Sports,0,0,64.0,12.0,94.0,21.0,8.0
1,0,Sports,0,1,56.0,16.0,,31.0,8.0
2,0,No CCA,1,0,72.0,6.0,96.0,22.0,8.0
0,1,No CCA,1,1,84.0,6.0,93.0,16.0,8.0
1,1,No CCA,1,1,83.0,7.0,93.0,17.0,8.0
2,0,Sports,0,1,55.0,12.0,95.0,22.0,8.0
2,0,No CCA,0,1,76.0,11.0,96.0,21.0,8.0
2,0,Arts,0,1,47.0,4.0,97.0,23.0,8.0
0,0,No CCA,0,1,71.0,16.0,97.0,20.0,8.0
1,0,Sports,0,1,68.0,9.0,94.0,28.0,8.0
2,0,Sports,0,1,69.0,12.0,98.0,21.0,8.0
1,1,Arts,1,0,62.0,13.0,92.0,27.0,8.0
2,0,Clubs,0,1,58.0,17.0,92.0,18.0,8.0
2,1,Clubs,1,0,73.0,6.0,100.0,14.0,8.0
1,1,Arts,0,1,77.0,6.0,93.0,21.0,8.0
2,0,Arts,0,0,57.0,16.0,97.0,22.0,8.0
2,0,Sports,0,1,70.0,15.0,91.0,19.0,8.0
0,1,Clubs,1,0,73.0,11.0,99.0,18.0,8.0
0,0,No CCA,1,1,93.0,5.0,95.0,23.0,8.0
0,0,Arts,1,0,55.0,13.0,95.0,22.0,8.0
1,0,Sports,1,1,57.0,19.0,93.0,26.0,8.0
0,0,Sports,0,1,66.0,11.0,93.0,20.0,8.0
0,1,Sports,0,1,83.0,6.0,92.0,15.0,8.0
1,0,Clubs,0,1,48.0,11.0,92.0,30.0,8.0
0,1,Sports,0,1,77.0,6.0,91.0,20.0,8.0
0,0,Clubs,0,0,54.0,8.0,91.0,21.0,8.0
2,0,Arts,0,1,53.0,7.0,90.0,20.0,8.0
1,0,Arts,0,1,51.0,7.0,94.0,30.0,8.0
1,0,No CCA,0,1,60.0,17.0,98.0,24.0,8.0
0,0,Clubs,1,0,61.0,17.0,96.0,20.0,8.0
1,1,Sports,1,0,57.0,12.0,98.0,27.0,8.0
0,0,Arts,0,1,94.0,8.0,99.0,25.0,8.0
1,1,Clubs,0,0,47.0,14.0,93.0,25.0,8.0
0,1,No CCA,1,1,79.0,9.0,93.0,18.0,8.0
1,1,Sports,0,1,66.0,8.0,99.0,21.0,8.0
0,0,Arts,1,0,54.0,5.0,100.0,20.0,8.0
2,0,Clubs,1,1,72.0,15.0,97.0,22.0,8.0
0,0,Clubs,1,0,88.0,9.0,97.0,22.0,8.0
0,0,No CCA,0,1,94.0,6.0,90.0,21.0,8.0
2,0,Clubs,0,0,54.0,18.0,94.0,20.0,8.0
0,1,Arts,1,1,80.0,6.0,96.0,18.0,8.0
1,1,Sports,1,0,49.0,2.0,63.0,30.0,5.0
2,0,No CCA,1,1,79.0,8.0,92.0,19.0,8.0
1,1,Sports,1,0,46.0,15.0,71.0,30.0,6.0
0,0,Sports,1,1,63.0,16.0,,20.0,8.0
2,1,Sports,0,0,56.0,16.0,99.0,16.0,8.0
1,1,Arts,1,0,55.0,20.0,100.0,27.0,8.0
1,0,No CCA,1,1,69.0,7.0,94.0,24.0,8.0
1,0,Clubs,1,1,62.0,16.0,95.0,28.0,8.0
0,0,Sports,1,0,87.0,10.0,95.0,23.0,8.0
1,0,Arts,0,1,56.0,20.0,98.0,27.0,8.0
2,1,Clubs,0,0,36.0,14.0,92.0,22.0,8.0
1,0,Sports,0,1,62.0,19.0,98.0,28.0,8.0
0,0,Sports,0,1,58.0,17.0,90.0,22.0,7.0
1,0,Sports,0,0,58.0,12.0,96.0,31.0,8.0
1,1,Sports,0,1,69.0,12.0,96.0,19.0,8.0
1,0,No CCA,0,1,62.0,18.0,92.0,28.0,8.0
1,0,Clubs,0,0,59.0,11.0,90.0,27.0,8.0
0,1,No CCA,1,0,73.0,7.0,94.0,20.0,8.0
1,1,Clubs,1,1,93.0,7.0,91.0,21.0,8.0
1,0,Arts,0,1,70.0,15.0,93.0,28.0,8.0
0,1,Arts,1,1,79.0,8.0,100.0,15.0,8.0
1,1,Arts,1,1,85.0,9.0,95.0,22.0,8.0
1,1,Sports,1,0,61.0,12.0,98.0,27.0,8.0
1,1,No CCA,1,1,77.0,7.0,95.0,17.0,8.0
1,0,Clubs,1,0,44.0,3.0,40.0,25.0,4.0
1,0,Clubs,0,1,68.0,5.0,97.0,28.0,8.0
1,0,Sports,0,1,55.0,12.0,94.0,31.0,8.0
0,0,No CCA,0,1,93.0,10.0,94.0,21.0,8.0
2,0,Sports,1,1,45.0,5.0,90.0,23.0,8.0
0,0,Clubs,0,0,66.0,19.0,98.0,22.0,8.0
0,1,Clubs,1,1,70.0,8.0,97.0,16.0,8.0
0,0,Arts,0,1,67.0,15.0,93.0,27.0,7.0
1,0,Arts,1,1,59.0,12.0,90.0,26.0,8.0
0,0,Arts,1,0,73.0,10.0,93.0,28.0,8.0
2,0,Arts,1,0,66.0,12.0,99.0,23.0,8.0
0,0,Clubs,0,0,56.0,10.0,100.0,22.0,8.0
0,0,Clubs,0,1,58.0,6.0,91.0,27.0,8.0
2,1,Sports,1,1,76.0,15.0,92.0,18.0,8.0
0,1,No CCA,1,0,74.0,10.0,98.0,15.0,8.0
0,1,Sports,0,0,69.0,19.0,94.0,19.0,8.0
1,0,Sports,0,0,48.0,2.0,99.0,30.0,8.0
0,0,Clubs,0,1,66.0,7.0,92.0,27.0,8.0
0,0,No CCA,0,0,81.0,10.0,91.0,21.0,8.0
1,0,Arts,1,1,75.0,13.0,96.0,24.0,8.0
0,1,Clubs,0,1,69.0,20.0,99.0,16.0,8.0
0,0,Sports,0,1,70.0,9.0,99.0,22.0,8.0
0,0,No CCA,1,1,90.0,7.0,92.0,23.0,7.0
1,0,Sports,0,1,54.0,19.0,92.0,27.0,8.0
0,1,No CCA,1,0,81.0,9.0,97.0,16.0,8.0
0,0,Arts,1,1,92.0,7.0,97.0,19.0,8.0
2,0,Sports,0,1,57.0,15.0,99.0,19.0,8.0
1,0,Clubs,0,0,41.0,11.0,93.0,28.0,8.0
1,1,Arts,0,1,68.0,17.0,98.0,21.0,8.0
0,0,Arts,0,1,71.0,19.0,100.0,22.0,8.0
1,0,Sports,0,1,59.0,19.0,93.0,31.0,8.0
0,0,Sports,0,1,57.0,15.0,100.0,21.0,8.0
2,1,No CCA,1,0,66.0,9.0,,15.0,8.0
1,0,Arts,0,1,65.0,9.0,100.0,28.0,8.0
0,1,Arts,1,0,85.0,10.0,100.0,16.0,8.0
0,0,Sports,1,0,77.0,8.0,95.0,27.0,8.0
2,0,No CCA,1,1,80.0,6.0,98.0,19.0,8.0
1,1,Arts,1,1,86.0,7.0,98.0,22.0,8.0
2,0,Sports,0,1,58.0,13.0,96.0,22.0,8.0
2,0,Clubs,0,0,51.0,4.0,92.0,19.0,8.0
1,0,Clubs,0,0,52.0,13.0,98.0,25.0,8.0
0,1,No CCA,1,1,83.0,7.0,93.0,16.0,8.0
2,1,Arts,0,0,39.0,11.0,97.0,24.0,8.0
1,1,No CCA,0,1,85.0,8.0,98.0,22.0,8.0
0,1,No CCA,1,0,81.0,6.0,96.0,15.0,8.0
0,0,Arts,1,0,73.0,17.0,98.0,28.0,8.0
0,1,No CCA,0,1,71.0,10.0,93.0,16.0,8.0
1,1,Arts,0,0,43.0,1.0,96.0,30.0,8.0
1,1,Clubs,0,1,88.0,8.0,95.0,17.0,8.0
2,1,No CCA,1,1,83.0,5.0,97.0,18.0,8.0
1,1,Arts,1,1,78.0,9.0,90.0,17.0,8.0
2,0,Arts,1,1,78.0,8.0,98.0,17.0,8.0
2,1,Sports,1,0,66.0,13.0,98.0,15.0,8.0
0,0,Arts,0,1,76.0,14.0,93.0,23.0,8.0
0,0,Clubs,0,1,60.0,17.0,99.0,27.0,8.0
1,0,Arts,1,1,59.0,14.0,95.0,31.0,8.0
2,1,Arts,1,0,72.0,7.0,98.0,20.0,8.0
2,1,Clubs,0,1,39.0,8.0,97.0,22.0,8.0
2,0,Clubs,0,0,43.0,4.0,73.0,22.0,6.0
2,0,Sports,0,0,62.0,11.0,92.0,20.0,8.0
0,1,Sports,0,1,75.0,12.0,94.0,15.0,8.0
1,0,No CCA,1,0,67.0,14.0,93.0,24.0,8.0
1,0,Sports,0,0,57.0,6.0,94.0,31.0,8.0
2,0,Arts,0,1,53.0,19.0,97.0,19.0,8.0
2,1,No CCA,1,0,78.0,10.0,93.0,14.0,8.0
2,0,Sports,0,0,51.0,11.0,99.0,19.0,8.0
0,1,No CCA,1,0,81.0,7.0,94.0,15.0,8.0
2,0,Arts,0,0,53.0,19.0,91.0,19.0,8.0
2,0,Sports,0,1,60.0,8.0,90.0,22.0,8.0
0,0,Sports,0,1,57.0,19.0,90.0,22.0,8.0
1,1,Clubs,0,1,52.0,10.0,98.0,25.0,8.0
0,0,Arts,1,1,88.0,8.0,96.0,23.0,8.0
1,0,Sports,1,0,53.0,18.0,95.0,25.0,8.0
1,0,No CCA,0,1,74.0,15.0,91.0,22.0,8.0
0,0,Arts,0,0,50.0,17.0,90.0,22.0,8.0
1,0,Sports,1,1,54.0,18.0,97.0,26.0,8.0
0,0,No CCA,1,1,91.0,8.0,93.0,18.0,8.0
0,0,Clubs,0,1,78.0,6.0,94.0,23.0,8.0
2,0,Clubs,1,1,58.0,17.0,90.0,20.0,8.0
2,0,Arts,0,0,45.0,6.0,74.0,24.0,6.0
0,0,Clubs,1,0,81.0,6.0,93.0,24.0,8.0
1,1,Arts,0,1,76.0,10.0,98.0,21.0,8.0
0,0,Clubs,0,0,89.0,9.0,91.0,22.0,8.0
0,0,Sports,0,0,72.0,16.0,90.0,21.0,8.0
2,0,Sports,0,0,54.0,17.0,94.0,22.0,8.0
1,0,Arts,0,0,42.0,6.0,95.0,24.0,8.0
1,1,Sports,0,1,66.0,17.0,94.0,21.0,8.0
1,0,Arts,0,0,50.0,8.0,92.0,25.0,8.0
0,0,Clubs,1,0,82.0,9.0,99.0,24.0,8.0
0,0,Clubs,1,1,82.0,7.0,95.0,22.0,8.0
1,0,Clubs,1,0,49.0,1.0,89.0,30.0,7.0
0,0,Sports,1,1,67.0,12.0,90.0,20.0,8.0
1,0,Clubs,0,0,58.0,17.0,96.0,31.0,8.0
0,0,Arts,0,1,79.0,6.0,94.0,21.0,8.0
1,0,Clubs,1,0,51.0,6.0,99.0,30.0,8.0
1,1,Sports,0,1,54.0,5.0,99.0,25.0,8.0
1,0,Clubs,0,1,63.0,13.0,97.0,27.0,8.0
1,0,No CCA,0,1,64.0,11.0,92.0,28.0,8.0
1,1,Clubs,0,0,44.0,4.0,46.0,28.0,4.0
1,0,Arts,0,1,60.0,14.0,,22.0,8.0
2,0,Sports,1,1,70.0,14.0,99.0,22.0,8.0
1,1,No CCA,1,1,84.0,8.0,97.0,17.0,8.0
0,0,Clubs,0,0,70.0,16.0,99.0,27.0,8.0
1,0,Clubs,0,0,48.0,6.0,67.0,25.0,6.0
2,1,No CCA,1,1,83.0,9.0,95.0,18.0,8.0
1,1,No CCA,1,1,96.0,7.0,96.0,21.0,8.0
1,0,Clubs,0,1,62.0,8.0,95.0,28.0,8.0
1,0,Sports,0,0,53.0,19.0,91.0,24.0,8.0
0,1,No CCA,1,0,84.0,9.0,91.0,20.0,8.0
0,1,Arts,0,0,49.0,4.0,97.0,21.0,8.0
0,1,Clubs,1,1,86.0,6.0,93.0,20.0,8.0
0,1,Clubs,0,1,75.0,6.0,97.0,19.0,8.0
2,0,Sports,1,1,44.0,14.0,96.0,24.0,8.0
1,1,No CCA,1,0,87.0,6.0,100.0,17.0,8.0
1,0,Arts,0,0,51.0,5.0,96.0,30.0,8.0
2,0,Arts,1,1,51.0,9.0,90.0,23.0,8.0
0,0,No CCA,1,1,91.0,7.0,92.0,18.0,8.0
1,0,Arts,0,1,58.0,17.0,91.0,22.0,8.0
0,0,Sports,0,0,54.0,6.0,99.0,21.0,8.0
0,0,No CCA,0,1,94.0,8.0,97.0,21.0,8.0
1,1,Arts,0,0,48.0,13.0,85.0,29.0,8.0
1,0,Clubs,0,1,61.0,20.0,98.0,22.0,8.0
1,0,Arts,0,0,51.0,6.0,98.0,30.0,8.0
1,0,Arts,1,0,56.0,5.0,95.0,26.0,8.0
0,0,No CCA,0,0,71.0,13.0,97.0,27.0,8.0
0,0,No CCA,1,1,92.0,8.0,94.0,23.0,8.0
0,0,Arts,0,0,59.0,11.0,94.0,27.0,8.0
1,1,No CCA,0,1,82.0,5.0,93.0,21.0,8.0
2,0,No CCA,0,1,68.0,16.0,92.0,23.0,8.0
0,0,Clubs,0,1,64.0,19.0,92.0,22.0,8.0
1,1,No CCA,0,1,81.0,8.0,99.0,17.0,8.0
0,0,Sports,1,0,72.0,11.0,91.0,28.0,8.0
0,0,Arts,0,0,65.0,12.0,100.0,21.0,8.0
1,0,No CCA,1,0,85.0,8.0,99.0,25.0,8.0
1,1,No CCA,1,1,75.0,5.0,94.0,17.0,8.0
1,0,Clubs,1,1,63.0,7.0,92.0,28.0,8.0
2,0,No CCA,0,1,66.0,11.0,96.0,19.0,8.0
0,0,Clubs,0,1,59.0,12.0,99.0,21.0,8.0
1,0,Sports,1,1,75.0,9.0,97.0,24.0,8.0
1,1,No CCA,0,1,51.0,1.0,97.0,25.0,8.0
0,0,Arts,0,0,72.0,19.0,98.0,21.0,8.0
2,0,No CCA,1,1,84.0,6.0,99.0,17.0,8.0
2,0,No CCA,0,0,40.0,5.0,50.0,22.0,4.0
2,0,Clubs,0,1,77.0,9.0,91.0,21.0,8.0
1,0,Sports,1,0,48.0,1.0,54.0,30.0,5.0
2,0,Sports,0,0,46.0,2.0,75.0,23.0,7.0
1,1,Arts,1,1,96.0,6.0,95.0,21.0,8.0
1,0,Sports,1,1,59.0,9.0,98.0,28.0,8.0
1,0,Clubs,0,0,51.0,8.0,98.0,30.0,8.0
2,0,No CCA,1,0,70.0,20.0,91.0,22.0,8.0
1,0,Clubs,1,0,56.0,9.0,92.0,27.0,8.0
1,1,Arts,0,1,49.0,2.0,96.0,25.0,8.0
2,0,No CCA,1,1,79.0,8.0,92.0,17.0,8.0
0,1,Arts,1,1,72.0,10.0,97.0,15.0,8.0
2,0,Arts,0,1,73.0,16.0,97.0,21.0,8.0
0,0,Sports,1,0,54.0,15.0,92.0,20.0,8.0
2,0,Clubs,1,0,69.0,19.0,91.0,23.0,8.0
1,1,Arts,0,0,45.0,9.0,54.0,25.0,5.0
0,0,No CCA,1,0,78.0,9.0,91.0,24.0,8.0
1,0,Sports,1,1,72.0,9.0,97.0,24.0,8.0
1,0,Sports,0,1,62.0,18.0,96.0,27.0,8.0
0,0,No CCA,0,1,69.0,18.0,97.0,21.0,8.0
1,1,Sports,1,0,47.0,14.0,76.0,30.0,7.0
0,0,Clubs,0,0,57.0,10.0,95.0,22.0,8.0
0,1,Arts,1,1,86.0,5.0,94.0,16.0,8.0
0,0,No CCA,0,0,57.0,10.0,96.0,27.0,8.0
1,1,No CCA,1,1,93.0,9.0,97.0,21.0,8.0
1,0,Arts,1,0,54.0,16.0,99.0,30.0,8.0
0,0,No CCA,0,1,91.0,7.0,92.0,25.0,8.0
1,0,Arts,0,1,59.0,18.0,99.0,31.0,8.0
1,0,Clubs,0,1,46.0,9.0,89.0,30.0,8.0
1,0,Arts,0,0,59.0,6.0,90.0,27.0,8.0
1,0,Clubs,1,0,50.0,10.0,,30.0,8.0
0,0,Clubs,0,0,55.0,7.0,92.0,21.0,8.0
1,0,Sports,1,0,79.0,9.0,94.0,25.0,8.0
0,0,Sports,1,1,75.0,16.0,94.0,28.0,8.0
2,1,Sports,1,0,81.0,5.0,93.0,14.0,8.0
0,0,Clubs,0,0,58.0,17.0,93.0,21.0,8.0
2,0,Clubs,0,1,54.0,7.0,94.0,22.0,8.0
1,1,Sports,1,0,100.0,9.0,99.0,17.0,8.0
1,1,No CCA,0,1,75.0,9.0,,17.0,8.0
0,0,Sports,0,0,61.0,7.0,96.0,22.0,8.0
0,0,Clubs,0,0,56.0,19.0,98.0,22.0,8.0
0,1,Arts,1,0,79.0,5.0,98.0,20.0,8.0
1,0,Sports,1,0,53.0,15.0,91.0,30.0,8.0
0,0,No CCA,1,1,90.0,5.0,95.0,23.0,8.0
1,0,Arts,0,1,51.0,8.0,92.0,30.0,8.0
2,0,Arts,0,0,45.0,11.0,47.0,24.0,4.0
2,1,No CCA,1,1,83.0,8.0,96.0,18.0,8.0
1,1,Clubs,1,0,49.0,13.0,91.0,30.0,8.0
1,0,Clubs,1,1,61.0,10.0,91.0,28.0,8.0
1,1,Sports,0,1,44.0,12.0,64.0,24.0,6.0
1,0,Clubs,0,1,67.0,9.0,96.0,28.0,8.0
0,1,No CCA,1,0,75.0,7.0,92.0,18.0,7.0
0,0,Sports,1,1,78.0,9.0,94.0,24.0,8.0
0,1,No CCA,1,0,82.0,7.0,91.0,18.0,8.0
1,1,No CCA,1,1,91.0,8.0,92.0,21.0,8.0
2,0,Arts,1,0,69.0,5.0,,23.0,8.0
1,0,Clubs,0,0,48.0,13.0,54.0,30.0,4.0
0,0,No CCA,1,1,82.0,7.0,91.0,24.0,8.0
1,0,Clubs,0,1,56.0,16.0,90.0,27.0,8.0
0,0,Sports,0,1,68.0,13.0,90.0,21.0,8.0
0,0,No CCA,1,1,89.0,7.0,97.0,19.0,8.0
0,0,Clubs,1,1,94.0,10.0,95.0,23.0,8.0
1,1,No CCA,1,0,88.0,6.0,93.0,22.0,8.0
0,0,No CCA,0,1,93.0,9.0,93.0,25.0,8.0
1,0,Sports,0,1,61.0,18.0,93.0,27.0,8.0
2,0,Sports,1,0,77.0,6.0,95.0,22.0,8.0
0,0,Clubs,1,0,59.0,9.0,91.0,21.0,8.0
1,0,Clubs,1,0,47.0,4.0,99.0,30.0,8.0
1,0,Arts,0,0,58.0,5.0,92.0,27.0,8.0
1,0,Arts,1,1,70.0,6.0,99.0,24.0,8.0
0,0,Sports,1,0,96.0,8.0,99.0,23.0,8.0
2,0,Clubs,1,1,77.0,6.0,98.0,17.0,8.0
1,1,Arts,0,1,77.0,9.0,100.0,20.0,8.0
0,0,Clubs,0,1,61.0,20.0,98.0,20.0,8.0
0,0,No CCA,0,1,88.0,8.0,99.0,22.0,8.0
1,0,Clubs,0,0,67.0,7.0,100.0,28.0,8.0
0,0,No CCA,1,1,90.0,9.0,92.0,23.0,8.0
0,0,Clubs,1,1,77.0,9.0,98.0,24.0,8.0
1,1,No CCA,1,1,100.0,7.0,96.0,17.0,8.0
1,0,Clubs,1,1,68.0,16.0,99.0,28.0,8.0
2,0,Arts,1,0,63.0,19.0,95.0,23.0,8.0
0,0,Arts,0,1,54.0,11.0,93.0,27.0,8.0
1,1,Sports,0,1,77.0,6.0,97.0,21.0,8.0
0,1,No CCA,1,1,81.0,7.0,97.0,17.0,8.0
1,1,Sports,1,1,93.0,8.0,96.0,21.0,8.0
2,0,No CCA,1,1,62.0,7.0,94.0,22.0,8.0
0,0,Clubs,1,0,65.0,14.0,91.0,21.0,8.0
2,0,Arts,0,1,71.0,5.0,99.0,21.0,8.0
0,0,Clubs,0,1,94.0,6.0,99.0,25.0,8.0
1,1,Arts,1,1,83.0,9.0,97.0,17.0,8.0
2,0,Clubs,0,1,74.0,17.0,96.0,21.0,8.0
0,0,No CCA,1,0,78.0,5.0,99.0,27.0,8.0
1,0,Arts,1,0,53.0,19.0,93.0,30.0,8.0
1,0,Arts,0,1,62.0,20.0,95.0,28.0,8.0
0,0,Clubs,0,0,63.0,11.0,99.0,21.0,8.0
1,0,Sports,0,0,55.0,11.0,99.0,27.0,8.0
1,0,Arts,0,1,58.0,16.0,93.0,28.0,8.0
0,1,Sports,0,1,83.0,9.0,92.0,15.0,8.0
0,0,Sports,0,1,71.0,5.0,95.0,20.0,8.0
0,0,No CCA,0,1,94.0,5.0,96.0,21.0,8.0
2,0,Arts,0,1,45.0,1.0,96.0,23.0,8.0
1,0,Sports,0,1,68.0,15.0,94.0,28.0,8.0
0,0,Arts,1,0,53.0,5.0,99.0,20.0,8.0
1,0,Clubs,0,0,51.0,19.0,93.0,30.0,8.0
0,1,No CCA,1,0,76.0,8.0,94.0,18.0,8.0
1,1,Arts,0,1,69.0,20.0,96.0,21.0,8.0
2,0,Arts,1,0,71.0,9.0,95.0,22.0,8.0
0,0,No CCA,1,0,91.0,9.0,97.0,23.0,8.0
2,0,Sports,0,1,58.0,6.0,92.0,18.0,7.0
0,0,Clubs,1,1,81.0,10.0,96.0,24.0,8.0
2,0,Clubs,1,1,59.0,19.0,91.0,22.0,8.0
0,0,Arts,0,1,74.0,11.0,93.0,22.0,8.0
2,0,Sports,0,1,53.0,6.0,91.0,19.0,8.0
1,0,Arts,0,0,62.0,17.0,93.0,27.0,8.0
1,0,Clubs,1,1,72.0,16.0,96.0,24.0,8.0
1,1,No CCA,1,1,96.0,6.0,96.0,17.0,8.0
0,0,No CCA,0,0,67.0,20.0,94.0,20.0,8.0
0,1,No CCA,0,0,80.0,9.0,92.0,20.0,8.0
2,0,Arts,0,1,62.0,19.0,96.0,20.0,8.0
1,0,Sports,0,0,43.0,2.0,86.0,28.0,8.0
1,0,Arts,1,1,55.0,10.0,94.0,30.0,8.0
0,0,Arts,0,1,65.0,14.0,91.0,27.0,7.0
0,1,Clubs,0,1,76.0,6.0,93.0,15.0,8.0
0,1,Clubs,1,0,77.0,7.0,100.0,18.0,8.0
1,0,Clubs,0,1,63.0,8.0,94.0,27.0,8.0
1,0,Arts,1,0,52.0,7.0,92.0,30.0,8.0
0,0,Sports,1,1,58.0,19.0,97.0,20.0,8.0
1,1,No CCA,0,1,72.0,17.0,97.0,20.0,8.0
2,0,Arts,0,1,68.0,11.0,98.0,19.0,8.0
2,0,No CCA,1,1,63.0,7.0,99.0,22.0,8.0
0,0,Clubs,0,0,68.0,19.0,92.0,22.0,8.0
1,0,Arts,0,0,51.0,9.0,92.0,30.0,8.0
0,0,Arts,1,1,79.0,9.0,98.0,27.0,8.0
2,1,Clubs,1,0,67.0,14.0,94.0,20.0,8.0
1,0,Clubs,1,1,67.0,5.0,99.0,24.0,8.0
1,0,Clubs,0,0,55.0,16.0,98.0,27.0,8.0
0,0,Arts,0,0,87.0,6.0,95.0,22.0,8.0
2,0,Arts,1,0,75.0,7.0,93.0,23.0,8.0
1,0,Clubs,0,1,45.0,3.0,82.0,24.0,7.0
1,0,Clubs,0,1,48.0,9.0,96.0,29.0,8.0
1,0,Arts,1,0,60.0,17.0,94.0,26.0,8.0
1,1,Arts,0,1,48.0,4.0,62.0,25.0,5.0
0,1,Sports,1,1,85.0,6.0,95.0,16.0,8.0
1,1,No CCA,0,1,86.0,9.0,98.0,17.0,8.0
1,0,Clubs,1,1,70.0,15.0,97.0,24.0,8.0
0,0,Clubs,0,0,66.0,6.0,93.0,20.0,8.0
1,0,Arts,0,0,43.0,6.0,46.0,24.0,5.0
1,1,No CCA,1,1,100.0,7.0,96.0,17.0,8.0
1,0,Clubs,1,0,49.0,6.0,99.0,30.0,8.0
0,1,Sports,1,1,85.0,6.0,93.0,17.0,7.0
0,0,Clubs,0,1,91.0,6.0,98.0,25.0,8.0
1,0,Arts,0,0,45.0,4.0,53.0,25.0,4.0
0,0,Arts,0,0,61.0,19.0,98.0,27.0,8.0
1,0,Sports,0,0,48.0,2.0,95.0,30.0,8.0
1,0,Arts,0,0,46.0,14.0,56.0,29.0,4.0
2,0,Sports,0,0,41.0,1.0,93.0,22.0,8.0
2,0,No CCA,0,0,62.0,18.0,92.0,20.0,8.0
2,0,Arts,1,1,79.0,6.0,99.0,19.0,8.0
0,0,Sports,1,0,79.0,7.0,99.0,27.0,8.0
1,0,Sports,0,1,69.0,17.0,99.0,22.0,8.0
2,0,Arts,0,1,58.0,20.0,91.0,20.0,8.0
1,0,Arts,0,1,64.0,12.0,94.0,27.0,8.0
2,1,Arts,0,0,45.0,5.0,94.0,24.0,8.0
0,0,Clubs,1,1,88.0,8.0,91.0,19.0,8.0
0,0,Arts,0,0,79.0,6.0,99.0,23.0,8.0
2,0,Arts,0,1,61.0,11.0,92.0,20.0,8.0
0,0,No CCA,1,0,78.0,7.0,99.0,27.0,8.0
0,0,No CCA,1,1,92.0,6.0,90.0,18.0,8.0
0,0,Arts,1,0,79.0,7.0,96.0,27.0,8.0
1,0,Clubs,0,0,50.0,7.0,51.0,25.0,5.0
0,1,Arts,0,0,72.0,9.0,94.0,19.0,8.0
2,1,No CCA,1,0,73.0,18.0,95.0,20.0,8.0
1,0,Sports,0,1,57.0,15.0,95.0,24.0,8.0
2,0,Sports,0,1,58.0,13.0,93.0,18.0,8.0
0,0,Clubs,1,1,72.0,14.0,97.0,27.0,8.0
1,0,Clubs,0,0,58.0,11.0,100.0,27.0,8.0
2,1,Clubs,1,0,77.0,10.0,95.0,15.0,8.0
0,0,Clubs,1,0,67.0,6.0,99.0,28.0,8.0
1,1,Clubs,0,0,49.0,11.0,94.0,25.0,8.0
0,0,No CCA,1,0,90.0,8.0,96.0,23.0,8.0
1,0,Sports,0,0,54.0,11.0,99.0,25.0,8.0
0,0,Clubs,0,1,70.0,12.0,96.0,22.0,8.0
1,0,Sports,1,1,56.0,18.0,94.0,30.0,8.0
1,0,No CCA,0,1,60.0,5.0,,22.0,8.0
1,0,Clubs,0,0,50.0,6.0,94.0,25.0,8.0
1,1,Arts,1,1,94.0,7.0,92.0,21.0,8.0
1,1,Clubs,1,1,66.0,6.0,94.0,21.0,8.0
0,0,Arts,0,1,74.0,13.0,,23.0,8.0
0,0,No CCA,1,1,95.0,5.0,92.0,18.0,8.0
0,1,No CCA,1,1,78.0,8.0,94.0,15.0,8.0
1,1,Arts,1,1,91.0,5.0,97.0,21.0,8.0
1,1,No CCA,1,1,91.0,7.0,91.0,21.0,8.0
2,0,Clubs,0,0,49.0,8.0,93.0,22.0,8.0
0,0,Arts,0,1,92.0,9.0,94.0,25.0,8.0
1,1,Clubs,0,0,48.0,9.0,93.0,25.0,8.0
2,0,Arts,0,1,54.0,12.0,93.0,18.0,7.0
0,0,No CCA,1,1,86.0,6.0,93.0,23.0,8.0
0,0,No CCA,1,0,91.0,7.0,92.0,19.0,7.0
2,0,Sports,1,0,69.0,5.0,91.0,23.0,8.0
0,1,No CCA,0,0,80.0,9.0,91.0,15.0,8.0
0,1,Sports,1,0,74.0,7.0,96.0,18.0,8.0
0,1,No CCA,0,1,79.0,6.0,99.0,20.0,8.0
0,0,No CCA,0,1,94.0,7.0,96.0,21.0,8.0
1,0,Clubs,1,1,70.0,18.0,99.0,24.0,8.0
1,1,Sports,0,1,67.0,20.0,91.0,21.0,8.0
0,1,No CCA,0,0,73.0,11.0,100.0,21.0,8.0
1,0,Arts,1,1,52.0,9.0,96.0,30.0,8.0
1,0,No CCA,1,1,59.0,18.0,92.0,22.0,8.0
2,0,Arts,0,1,58.0,10.0,97.0,20.0,8.0
0,1,Sports,1,1,84.0,7.0,97.0,20.0,8.0
2,0,No CCA,0,1,60.0,19.0,96.0,22.0,8.0
0,0,No CCA,1,1,77.0,9.0,96.0,22.0,8.0
2,0,No CCA,1,1,83.0,9.0,92.0,17.0,8.0
1,1,No CCA,0,0,79.0,8.0,96.0,17.0,8.0
0,1,Arts,0,0,80.0,7.0,96.0,21.0,8.0
1,1,Arts,1,0,49.0,8.0,93.0,30.0,8.0
2,0,No CCA,1,1,79.0,8.0,,19.0,8.0
1,0,No CCA,0,0,64.0,17.0,98.0,28.0,8.0
1,0,Sports,1,1,56.0,19.0,90.0,30.0,8.0
2,0,Sports,0,1,50.0,8.0,92.0,22.0,8.0
2,1,Arts,1,0,57.0,16.0,93.0,16.0,8.0
2,0,No CCA,0,1,73.0,12.0,97.0,21.0,8.0
0,0,Clubs,0,1,68.0,16.0,97.0,22.0,8.0
1,0,Clubs,0,0,62.0,16.0,91.0,27.0,8.0
1,0,No CCA,0,1,66.0,17.0,97.0,22.0,8.0
1,1,No CCA,0,1,73.0,15.0,97.0,20.0,8.0
1,1,Clubs,0,0,78.0,9.0,92.0,19.0,8.0
1,0,Sports,0,1,59.0,10.0,90.0,24.0,8.0
1,0,Clubs,0,0,54.0,14.0,90.0,30.0,7.0
1,0,Clubs,0,1,48.0,8.0,98.0,30.0,8.0
2,1,Arts,1,0,73.0,6.0,98.0,18.0,8.0
1,1,Sports,1,1,77.0,7.0,96.0,17.0,8.0
2,1,No CCA,1,0,72.0,7.0,95.0,20.0,8.0
1,1,No CCA,0,1,85.0,10.0,96.0,22.0,8.0
1,0,Sports,0,1,59.0,10.0,97.0,27.0,8.0
1,1,Arts,0,1,73.0,8.0,93.0,20.0,8.0
1,1,Clubs,0,0,49.0,2.0,92.0,25.0,8.0
2,0,Sports,0,1,73.0,18.0,93.0,19.0,8.0
1,1,No CCA,1,0,86.0,9.0,98.0,17.0,8.0
1,0,Sports,1,0,50.0,10.0,61.0,30.0,6.0
0,0,Clubs,0,0,68.0,19.0,,20.0,8.0
1,1,Arts,0,0,69.0,19.0,96.0,19.0,8.0
0,0,Arts,0,1,73.0,8.0,91.0,21.0,8.0
2,0,Clubs,1,1,78.0,5.0,97.0,17.0,8.0
0,0,Sports,0,1,91.0,8.0,95.0,21.0,8.0
1,1,Clubs,1,0,49.0,1.0,76.0,30.0,7.0
0,0,No CCA,1,1,80.0,6.0,93.0,24.0,8.0
1,0,Arts,0,0,59.0,7.0,93.0,27.0,8.0
1,0,Arts,0,0,55.0,13.0,97.0,27.0,8.0
2,0,No CCA,0,0,50.0,8.0,63.0,22.0,5.0
1,0,Sports,0,0,39.0,15.0,94.0,28.0,8.0
1,1,Clubs,1,1,90.0,10.0,95.0,21.0,8.0
1,1,Clubs,0,1,76.0,9.0,90.0,21.0,8.0
0,0,Arts,0,0,65.0,13.0,98.0,21.0,8.0
0,0,Arts,0,1,94.0,8.0,95.0,21.0,8.0
1,0,Clubs,1,0,52.0,12.0,93.0,30.0,8.0
1,0,Sports,0,1,61.0,15.0,97.0,24.0,8.0
2,0,Clubs,0,0,42.0,10.0,84.0,24.0,8.0
1,1,Sports,0,1,76.0,9.0,97.0,20.0,8.0
1,1,No CCA,0,1,84.0,8.0,94.0,17.0,8.0
1,1,Sports,0,1,70.0,7.0,96.0,21.0,8.0
1,0,Sports,1,0,52.0,15.0,91.0,30.0,8.0
1,0,Sports,0,1,52.0,13.0,99.0,25.0,8.0
1,0,No CCA,0,1,74.0,12.0,92.0,28.0,8.0
1,0,No CCA,0,1,64.0,10.0,93.0,28.0,8.0
1,0,Clubs,0,1,68.0,7.0,,22.0,8.0
1,0,Clubs,1,1,59.0,9.0,98.0,28.0,8.0
0,0,Clubs,0,1,58.0,19.0,90.0,22.0,8.0
0,0,Arts,0,0,69.0,6.0,91.0,22.0,8.0
1,0,Clubs,1,0,52.0,18.0,99.0,30.0,8.0
0,0,Clubs,1,1,87.0,7.0,99.0,23.0,8.0
0,0,Clubs,0,1,71.0,16.0,100.0,21.0,8.0
0,1,Arts,1,0,88.0,7.0,97.0,16.0,8.0
1,0,Sports,0,1,71.0,6.0,91.0,28.0,8.0
1,1,Arts,0,1,83.0,5.0,99.0,17.0,8.0
1,0,Clubs,0,0,46.0,13.0,90.0,30.0,8.0
1,0,No CCA,1,1,60.0,9.0,98.0,22.0,8.0
0,1,Clubs,1,0,70.0,9.0,92.0,16.0,8.0
1,0,Clubs,1,1,70.0,18.0,94.0,24.0,8.0
0,1,Arts,0,0,75.0,16.0,99.0,20.0,8.0
1,0,Clubs,0,0,45.0,0.0,97.0,28.0,8.0
0,0,No CCA,0,1,96.0,7.0,97.0,25.0,8.0
0,0,Arts,0,1,73.0,9.0,99.0,23.0,8.0
0,0,No CCA,0,1,72.0,17.0,90.0,23.0,8.0
1,0,Clubs,0,0,63.0,16.0,90.0,27.0,8.0
1,1,Arts,0,1,66.0,5.0,93.0,21.0,8.0
1,0,Sports,0,0,54.0,19.0,100.0,25.0,8.0
1,1,Arts,0,1,80.0,6.0,93.0,22.0,8.0
0,0,Arts,1,0,49.0,13.0,93.0,20.0,8.0
2,0,Clubs,0,1,62.0,13.0,,20.0,8.0
2,0,Clubs,0,0,51.0,15.0,92.0,23.0,8.0
0,0,Sports,0,0,90.0,9.0,92.0,22.0,8.0
1,0,Sports,0,0,54.0,11.0,94.0,29.0,8.0
1,0,Sports,0,1,46.0,8.0,71.0,24.0,5.0
2,1,Arts,1,0,68.0,9.0,90.0,20.0,8.0
1,0,No CCA,0,1,64.0,11.0,95.0,27.0,8.0
1,0,Sports,1,0,46.0,11.0,97.0,30.0,8.0
0,0,Clubs,0,0,64.0,7.0,99.0,27.0,8.0
0,0,Clubs,1,1,70.0,8.0,,22.0,8.0
0,1,No CCA,1,1,67.0,5.0,99.0,16.0,8.0
2,0,No CCA,0,1,43.0,3.0,92.0,22.0,8.0
2,0,Sports,0,1,71.0,10.0,91.0,19.0,8.0
0,0,No CCA,1,0,74.0,19.0,99.0,28.0,8.0
1,0,Sports,1,0,76.0,10.0,94.0,25.0,7.0
2,1,Arts,0,0,58.0,12.0,,16.0,8.0
2,0,Arts,0,0,62.0,10.0,91.0,20.0,8.0
0,0,Sports,0,0,53.0,16.0,97.0,21.0,8.0
0,0,Arts,1,1,79.0,7.0,98.0,21.0,8.0
1,1,No CCA,1,1,100.0,7.0,99.0,17.0,8.0
1,0,Arts,0,0,48.0,5.0,91.0,30.0,8.0
1,0,Arts,0,0,59.0,17.0,94.0,27.0,8.0
0,0,Arts,1,0,68.0,18.0,99.0,27.0,8.0
0,0,Sports,1,1,83.0,6.0,100.0,27.0,8.0
0,0,No CCA,1,1,91.0,9.0,90.0,19.0,8.0
0,1,Clubs,1,0,79.0,6.0,94.0,15.0,7.0
0,1,Arts,1,0,81.0,9.0,91.0,17.0,8.0
1,0,Clubs,1,1,70.0,13.0,95.0,24.0,8.0
0,0,Arts,0,0,69.0,15.0,95.0,22.0,8.0
0,0,Arts,1,1,59.0,13.0,93.0,20.0,8.0
1,0,Sports,1,1,58.0,9.0,97.0,28.0,8.0
2,0,Arts,0,0,62.0,15.0,93.0,22.0,8.0
0,0,Arts,0,1,66.0,13.0,94.0,27.0,8.0
1,1,Clubs,1,0,98.0,7.0,94.0,17.0,8.0
1,1,Clubs,0,0,48.0,3.0,75.0,30.0,7.0
1,1,Arts,1,1,100.0,10.0,97.0,17.0,8.0
0,0,Sports,0,1,94.0,9.0,97.0,21.0,8.0
0,0,Sports,0,0,54.0,15.0,97.0,21.0,8.0
1,0,Sports,0,1,58.0,14.0,92.0,24.0,8.0
0,0,Arts,0,0,68.0,10.0,95.0,27.0,8.0
1,1,Arts,1,0,45.0,10.0,42.0,25.0,4.0
1,0,Arts,1,1,51.0,10.0,98.0,30.0,8.0
1,0,Clubs,0,0,52.0,5.0,91.0,29.0,8.0
0,0,Clubs,1,0,74.0,5.0,92.0,28.0,8.0
1,0,Arts,1,0,49.0,7.0,96.0,30.0,8.0
2,0,Arts,0,1,58.0,6.0,100.0,20.0,8.0
2,1,Clubs,0,1,65.0,11.0,99.0,16.0,8.0
1,0,Sports,0,0,40.0,7.0,92.0,28.0,8.0
2,1,Sports,0,0,54.0,17.0,93.0,16.0,8.0
1,0,Arts,0,0,43.0,8.0,51.0,28.0,4.0
0,0,No CCA,0,1,79.0,9.0,100.0,21.0,8.0
1,0,Arts,1,1,57.0,15.0,93.0,28.0,8.0
0,0,No CCA,1,0,80.0,10.0,,24.0,8.0
1,0,Sports,0,1,68.0,8.0,,22.0,8.0
1,0,Sports,0,1,62.0,15.0,94.0,28.0,8.0
1,0,No CCA,1,1,78.0,5.0,98.0,25.0,8.0
0,0,Sports,1,1,90.0,10.0,94.0,18.0,8.0
0,0,Sports,1,1,73.0,15.0,99.0,28.0,8.0
2,0,Arts,1,0,79.0,6.0,96.0,17.0,8.0
1,1,Clubs,0,0,49.0,5.0,55.0,25.0,5.0
0,0,Arts,0,1,74.0,8.0,91.0,21.0,8.0
1,0,Clubs,0,1,57.0,13.0,94.0,24.0,8.0
1,0,Arts,0,0,51.0,7.0,100.0,31.0,8.0
1,0,Arts,1,0,45.0,0.0,99.0,30.0,8.0
1,1,Arts,1,1,76.0,3.0,95.0,20.0,8.0
0,0,Sports,0,0,68.0,20.0,92.0,27.0,8.0
1,0,Sports,0,0,54.0,6.0,95.0,25.0,8.0
0,0,Arts,1,1,68.0,16.0,98.0,21.0,8.0
1,0,Sports,1,0,49.0,11.0,60.0,30.0,4.0
1,0,Arts,1,1,61.0,14.0,97.0,28.0,8.0
1,0,Clubs,1,0,49.0,8.0,55.0,25.0,5.0
0,0,Clubs,0,0,66.0,7.0,94.0,20.0,8.0
2,0,Arts,0,0,59.0,14.0,94.0,20.0,8.0
0,1,Arts,1,1,86.0,9.0,96.0,20.0,8.0
0,1,Clubs,0,1,75.0,12.0,95.0,20.0,8.0
1,0,Arts,1,1,64.0,8.0,91.0,28.0,8.0
0,0,Clubs,0,1,65.0,9.0,90.0,27.0,8.0
0,1,No CCA,1,0,83.0,9.0,97.0,20.0,8.0
1,0,Sports,0,1,59.0,8.0,92.0,24.0,8.0
0,0,Arts,1,1,74.0,8.0,95.0,28.0,8.0
0,0,Clubs,1,1,89.0,10.0,94.0,19.0,8.0
2,0,Clubs,0,0,51.0,6.0,93.0,20.0,8.0
1,1,No CCA,1,1,82.0,9.0,92.0,17.0,8.0
1,1,No CCA,1,1,84.0,8.0,92.0,17.0,8.0
1,1,Sports,0,0,49.0,3.0,80.0,25.0,8.0
2,0,Clubs,0,1,77.0,8.0,93.0,21.0,8.0
2,0,Sports,1,1,56.0,12.0,91.0,22.0,8.0
0,1,No CCA,0,1,83.0,5.0,100.0,19.0,8.0
1,1,Sports,0,1,71.0,17.0,92.0,21.0,8.0
1,0,Clubs,0,1,50.0,12.0,97.0,24.0,8.0
1,0,Arts,0,1,70.0,10.0,,28.0,8.0
1,0,No CCA,0,1,68.0,5.0,95.0,28.0,8.0
1,0,Clubs,0,1,55.0,16.0,97.0,22.0,8.0
0,0,Arts,0,0,64.0,7.0,93.0,21.0,8.0
1,0,Clubs,0,0,47.0,8.0,91.0,30.0,8.0
0,0,No CCA,0,0,60.0,13.0,94.0,20.0,8.0
2,0,Arts,1,1,74.0,11.0,94.0,22.0,8.0
0,0,Clubs,0,0,65.0,18.0,95.0,21.0,8.0
1,1,No CCA,1,1,99.0,5.0,90.0,21.0,7.0
0,1,Arts,0,1,80.0,9.0,99.0,21.0,8.0
0,0,No CCA,1,1,81.0,6.0,91.0,24.0,8.0
1,0,Clubs,0,1,51.0,10.0,92.0,25.0,8.0
1,0,Sports,1,1,75.0,8.0,98.0,25.0,8.0
0,1,No CCA,0,0,84.0,10.0,91.0,21.0,8.0
0,1,Clubs,0,0,62.0,18.0,98.0,16.0,8.0
2,0,Arts,0,1,56.0,14.0,94.0,18.0,8.0
1,0,Clubs,0,0,46.0,8.0,,30.0,6.0
1,0,Clubs,0,1,58.0,15.0,94.0,22.0,8.0
2,0,Clubs,1,1,75.0,16.0,93.0,19.0,8.0
0,0,Sports,0,1,82.0,9.0,91.0,22.0,8.0
2,0,Sports,0,0,49.0,13.0,98.0,23.0,8.0
1,0,Sports,0,1,66.0,5.0,99.0,28.0,8.0
1,0,Clubs,1,1,79.0,10.0,94.0,25.0,8.0
0,0,Clubs,0,1,58.0,5.0,92.0,27.0,8.0
1,0,No CCA,0,0,61.0,6.0,90.0,28.0,8.0
1,1,Clubs,0,1,75.0,13.0,95.0,17.0,8.0
1,1,No CCA,0,0,85.0,6.0,95.0,22.0,8.0
0,0,Arts,0,1,69.0,18.0,91.0,21.0,8.0
0,1,Arts,0,1,75.0,10.0,93.0,19.0,8.0
0,0,Sports,1,1,76.0,6.0,100.0,28.0,8.0
0,0,Arts,0,0,61.0,8.0,90.0,22.0,8.0
0,0,No CCA,0,0,90.0,6.0,95.0,22.0,8.0
2,0,Clubs,0,1,73.0,10.0,99.0,21.0,8.0
2,0,Sports,1,1,52.0,11.0,92.0,22.0,8.0
0,1,No CCA,1,1,81.0,6.0,,18.0,8.0
2,0,No CCA,1,1,72.0,18.0,97.0,21.0,8.0
1,0,No CCA,0,1,63.0,9.0,97.0,28.0,8.0
0,0,No CCA,1,1,90.0,8.0,93.0,23.0,7.0
1,1,Arts,1,1,78.0,7.0,93.0,17.0,8.0
2,0,Sports,0,0,57.0,5.0,96.0,22.0,8.0
0,0,No CCA,0,1,92.0,6.0,91.0,25.0,8.0
1,0,Arts,0,1,74.0,11.0,99.0,28.0,8.0
0,1,Sports,1,1,74.0,11.0,97.0,16.0,8.0
0,0,Clubs,0,0,95.0,7.0,91.0,21.0,8.0
1,0,Sports,0,1,58.0,12.0,97.0,31.0,8.0
0,0,Clubs,0,0,58.0,15.0,95.0,22.0,8.0
0,0,Clubs,0,1,74.0,16.0,99.0,21.0,8.0
2,0,Clubs,0,1,76.0,14.0,91.0,21.0,8.0
0,0,Clubs,0,1,96.0,7.0,99.0,21.0,8.0
1,1,Clubs,0,1,80.0,6.0,92.0,22.0,8.0
0,0,Sports,0,1,79.0,8.0,90.0,21.0,8.0
2,0,Arts,1,0,70.0,16.0,94.0,23.0,8.0
0,0,Clubs,0,1,88.0,6.0,99.0,22.0,8.0
2,0,Arts,1,0,53.0,11.0,90.0,19.0,8.0
1,1,Clubs,0,1,66.0,17.0,99.0,19.0,8.0
1,0,Clubs,0,0,50.0,12.0,95.0,30.0,8.0
1,1,No CCA,1,0,82.0,9.0,95.0,17.0,8.0
0,0,No CCA,0,1,77.0,9.0,98.0,21.0,8.0
1,0,No CCA,1,0,48.0,10.0,93.0,30.0,8.0
1,0,Arts,0,0,44.0,4.0,67.0,28.0,5.0
2,0,Arts,0,1,64.0,11.0,94.0,20.0,8.0
0,1,No CCA,0,1,83.0,9.0,94.0,21.0,8.0
1,0,Clubs,1,1,70.0,8.0,99.0,24.0,8.0
1,1,No CCA,1,1,100.0,6.0,95.0,17.0,8.0
2,0,Arts,1,1,60.0,14.0,93.0,22.0,8.0
1,1,Clubs,1,0,62.0,11.0,91.0,27.0,8.0
1,0,Sports,0,1,55.0,7.0,95.0,30.0,8.0
2,0,Sports,1,0,72.0,9.0,99.0,22.0,8.0
1,0,Clubs,1,0,54.0,5.0,96.0,26.0,8.0
0,0,Arts,0,1,88.0,10.0,99.0,22.0,8.0
1,1,No CCA,1,0,45.0,7.0,52.0,30.0,5.0
2,0,Clubs,1,0,69.0,6.0,96.0,23.0,8.0
2,0,No CCA,0,1,73.0,16.0,95.0,23.0,8.0
1,0,Clubs,0,0,52.0,5.0,91.0,31.0,8.0
1,0,Clubs,0,0,64.0,10.0,99.0,28.0,8.0
0,0,Clubs,0,0,60.0,11.0,96.0,22.0,8.0
1,1,No CCA,0,1,79.0,6.0,97.0,21.0,8.0
1,0,Arts,1,0,56.0,12.0,99.0,30.0,8.0
1,0,No CCA,0,1,62.0,10.0,,25.0,8.0
1,0,Sports,0,1,66.0,5.0,97.0,22.0,8.0
0,0,Sports,0,1,87.0,6.0,90.0,22.0,8.0
0,0,No CCA,0,0,68.0,8.0,97.0,20.0,8.0
0,0,Clubs,1,1,69.0,16.0,92.0,22.0,8.0
1,0,Arts,0,1,68.0,13.0,92.0,28.0,8.0
2,1,Clubs,1,0,68.0,12.0,96.0,15.0,8.0
2,1,Arts,0,1,40.0,7.0,44.0,22.0,4.0
2,0,Arts,1,1,68.0,13.0,96.0,23.0,8.0
0,0,No CCA,0,1,69.0,15.0,92.0,27.0,7.0
0,0,Arts,1,0,61.0,11.0,92.0,20.0,8.0
1,0,Clubs,0,1,62.0,16.0,92.0,28.0,8.0
0,0,Arts,1,1,90.0,9.0,90.0,23.0,8.0
2,0,Sports,1,1,54.0,12.0,98.0,18.0,8.0
0,1,No CCA,1,0,72.0,12.0,99.0,18.0,8.0
0,0,Arts,0,0,63.0,10.0,94.0,27.0,8.0
0,1,No CCA,1,1,80.0,9.0,96.0,15.0,8.0
1,1,Arts,1,1,77.0,8.0,99.0,17.0,8.0
0,0,No CCA,1,0,92.0,8.0,97.0,19.0,8.0
2,0,Clubs,0,1,55.0,19.0,99.0,22.0,8.0
0,0,Clubs,0,0,62.0,9.0,95.0,27.0,8.0
1,1,No CCA,1,0,90.0,5.0,92.0,21.0,8.0
1,0,Clubs,0,0,51.0,10.0,97.0,30.0,8.0
0,1,No CCA,1,0,85.0,10.0,99.0,16.0,8.0
2,0,Clubs,0,1,69.0,8.0,92.0,23.0,8.0
2,1,Clubs,1,0,69.0,15.0,95.0,15.0,8.0
1,0,No CCA,0,1,62.0,6.0,98.0,27.0,8.0
1,0,No CCA,1,1,78.0,9.0,91.0,25.0,8.0
1,0,Clubs,0,1,59.0,20.0,98.0,24.0,8.0
1,1,Sports,0,1,65.0,18.0,,19.0,8.0
1,1,Arts,0,1,80.0,10.0,94.0,17.0,8.0
0,0,Arts,1,1,79.0,10.0,95.0,24.0,8.0
2,0,Sports,0,1,59.0,7.0,93.0,20.0,8.0
0,0,Clubs,1,0,77.0,6.0,93.0,27.0,8.0
0,0,Sports,0,0,89.0,8.0,99.0,22.0,8.0
0,1,Clubs,0,0,76.0,10.0,98.0,19.0,8.0
1,0,Arts,0,1,66.0,10.0,90.0,22.0,7.0
0,0,Arts,0,0,64.0,10.0,98.0,27.0,8.0
0,1,No CCA,1,0,86.0,7.0,97.0,16.0,8.0
0,0,No CCA,1,0,88.0,10.0,91.0,19.0,8.0
1,0,Clubs,0,1,54.0,11.0,95.0,30.0,8.0
0,0,Sports,0,0,55.0,10.0,92.0,22.0,8.0
1,1,Arts,1,0,59.0,6.0,96.0,27.0,8.0
0,0,Arts,0,0,63.0,8.0,93.0,27.0,8.0
0,0,No CCA,0,0,68.0,9.0,99.0,27.0,8.0
2,0,Sports,0,0,54.0,5.0,98.0,20.0,8.0
1,0,Clubs,1,0,55.0,5.0,93.0,26.0,8.0
1,0,Clubs,0,1,73.0,6.0,99.0,22.0,8.0
2,0,Sports,1,1,50.0,7.0,,22.0,8.0
1,1,Sports,0,1,48.0,6.0,98.0,30.0,8.0
2,0,Arts,0,1,64.0,10.0,95.0,20.0,8.0
0,0,Sports,0,1,64.0,18.0,93.0,22.0,8.0
0,0,No CCA,1,0,71.0,6.0,94.0,28.0,8.0
0,0,Clubs,1,1,63.0,7.0,93.0,20.0,8.0
2,0,Clubs,1,0,74.0,6.0,,19.0,8.0
2,0,Clubs,0,1,56.0,12.0,92.0,20.0,8.0
2,0,No CCA,0,0,62.0,7.0,91.0,20.0,8.0
1,0,No CCA,0,0,64.0,14.0,95.0,22.0,8.0
1,1,Arts,1,0,91.0,7.0,93.0,21.0,8.0
1,1,No CCA,1,1,82.0,7.0,99.0,17.0,8.0
1,0,No CCA,0,0,50.0,7.0,100.0,30.0,8.0
0,0,No CCA,1,1,90.0,7.0,97.0,19.0,8.0
1,0,Clubs,0,1,57.0,6.0,92.0,27.0,8.0
1,1,Clubs,0,1,73.0,14.0,92.0,20.0,7.0
1,0,Clubs,0,1,54.0,7.0,94.0,24.0,8.0
0,1,No CCA,1,0,73.0,11.0,96.0,18.0,8.0
1,1,No CCA,0,1,66.0,10.0,96.0,21.0,8.0
2,0,Arts,1,0,62.0,18.0,98.0,22.0,8.0
0,0,Clubs,0,0,63.0,14.0,97.0,21.0,8.0
0,0,No CCA,1,1,93.0,7.0,91.0,19.0,8.0
1,0,Sports,0,0,50.0,4.0,94.0,30.0,8.0
0,0,Clubs,0,0,76.0,14.0,98.0,27.0,8.0
0,1,Arts,0,0,67.0,17.0,95.0,16.0,8.0
2,1,Clubs,0,0,45.0,1.0,65.0,24.0,6.0
1,0,Arts,0,0,51.0,7.0,93.0,25.0,8.0
1,1,Sports,1,0,48.0,7.0,75.0,30.0,7.0
1,0,Clubs,1,1,70.0,6.0,,24.0,8.0
2,0,Arts,1,1,56.0,14.0,,22.0,8.0
0,0,No CCA,1,1,92.0,9.0,92.0,18.0,8.0
2,0,Arts,0,0,73.0,11.0,92.0,21.0,8.0
1,1,No CCA,0,0,83.0,9.0,90.0,17.0,8.0
0,0,Sports,1,0,58.0,12.0,92.0,22.0,8.0
0,0,No CCA,1,1,65.0,13.0,98.0,20.0,8.0
0,0,No CCA,1,0,85.0,7.0,92.0,27.0,8.0
2,0,Arts,0,1,56.0,5.0,92.0,20.0,7.0
1,0,Sports,1,0,54.0,9.0,92.0,30.0,8.0
2,0,No CCA,1,0,82.0,7.0,93.0,17.0,8.0
0,0,Clubs,1,0,78.0,9.0,,27.0,8.0
1,0,Sports,0,0,59.0,14.0,94.0,27.0,8.0
0,1,No CCA,1,0,81.0,9.0,100.0,17.0,8.0
2,0,Arts,0,0,59.0,16.0,95.0,22.0,8.0
0,1,Sports,0,0,79.0,8.0,100.0,19.0,8.0
2,0,Arts,0,1,78.0,9.0,91.0,21.0,8.0
1,0,Sports,0,0,50.0,18.0,78.0,30.0,8.0
1,1,Clubs,0,1,78.0,7.0,95.0,21.0,8.0
1,0,Clubs,0,0,59.0,13.0,95.0,31.0,8.0
1,0,Arts,0,1,67.0,18.0,91.0,28.0,8.0
1,0,Arts,0,0,41.0,1.0,72.0,24.0,5.0
1,1,No CCA,1,0,48.0,7.0,99.0,30.0,8.0
0,1,Arts,0,1,76.0,6.0,90.0,15.0,8.0
2,0,Arts,0,1,53.0,5.0,91.0,18.0,8.0
1,0,Arts,1,0,80.0,7.0,91.0,25.0,8.0
0,0,Clubs,1,0,54.0,6.0,98.0,21.0,8.0
0,0,Arts,1,0,72.0,7.0,94.0,27.0,8.0
2,0,Sports,0,1,62.0,19.0,90.0,23.0,8.0
1,0,Arts,0,1,59.0,8.0,100.0,24.0,8.0
0,0,Clubs,0,0,70.0,12.0,93.0,20.0,8.0
2,0,Sports,1,1,72.0,13.0,91.0,22.0,8.0
0,0,Sports,1,0,73.0,11.0,97.0,28.0,8.0
2,0,No CCA,0,0,73.0,14.0,97.0,19.0,8.0
2,0,Clubs,0,0,40.0,3.0,86.0,23.0,7.0
0,0,Sports,1,0,92.0,5.0,98.0,23.0,8.0
2,1,Arts,1,0,69.0,5.0,91.0,20.0,8.0
0,1,Arts,0,1,80.0,7.0,97.0,21.0,8.0
1,0,Arts,0,1,69.0,14.0,96.0,22.0,8.0
1,0,Sports,0,1,65.0,6.0,91.0,28.0,8.0
0,0,No CCA,0,1,95.0,5.0,92.0,21.0,8.0
0,0,Sports,0,0,69.0,10.0,91.0,21.0,8.0
0,0,No CCA,1,1,80.0,8.0,91.0,24.0,8.0
0,0,Arts,0,1,73.0,8.0,95.0,22.0,8.0
2,0,Clubs,0,1,70.0,12.0,90.0,19.0,8.0
2,0,Arts,0,1,70.0,11.0,92.0,19.0,8.0
0,0,No CCA,0,0,95.0,5.0,97.0,21.0,8.0
1,1,Clubs,0,0,44.0,9.0,81.0,24.0,7.0
0,1,No CCA,1,1,85.0,9.0,91.0,17.0,8.0
0,0,Sports,0,1,74.0,20.0,93.0,23.0,8.0
0,0,Sports,0,0,65.0,8.0,95.0,27.0,8.0
2,0,No CCA,1,1,73.0,7.0,93.0,19.0,8.0
1,1,Clubs,0,0,53.0,9.0,90.0,25.0,8.0
1,0,Clubs,1,0,47.0,8.0,90.0,30.0,8.0
0,0,Clubs,1,1,66.0,5.0,94.0,21.0,8.0
1,0,Clubs,0,1,57.0,18.0,97.0,27.0,8.0
2,0,Sports,1,0,79.0,6.0,92.0,19.0,8.0
2,0,Clubs,0,0,53.0,11.0,95.0,19.0,8.0
1,0,No CCA,1,1,73.0,13.0,97.0,24.0,8.0
1,1,Clubs,1,1,57.0,7.0,99.0,27.0,8.0
1,0,Sports,0,0,49.0,14.0,85.0,25.0,8.0
2,1,Sports,0,0,58.0,13.0,96.0,16.0,8.0
0,0,Arts,1,1,71.0,9.0,91.0,21.0,7.0
1,0,No CCA,1,1,77.0,9.0,95.0,25.0,8.0
2,0,Clubs,0,1,55.0,10.0,98.0,18.0,8.0
2,0,No CCA,1,0,79.0,8.0,95.0,17.0,8.0
1,0,Arts,0,0,48.0,7.0,99.0,30.0,8.0
2,1,Arts,0,0,47.0,14.0,68.0,23.0,6.0
2,0,No CCA,1,0,72.0,8.0,91.0,22.0,8.0
2,0,Arts,1,1,80.0,5.0,90.0,17.0,8.0
0,0,Arts,1,0,76.0,19.0,95.0,27.0,8.0
1,0,Clubs,0,1,59.0,15.0,93.0,24.0,8.0
1,1,No CCA,1,1,90.0,6.0,,21.0,8.0
0,1,Sports,0,1,78.0,8.0,92.0,15.0,8.0
0,0,No CCA,1,1,82.0,9.0,92.0,24.0,8.0
2,1,No CCA,1,1,88.0,10.0,100.0,18.0,8.0
0,0,Sports,1,1,84.0,5.0,98.0,23.0,8.0
2,0,No CCA,0,0,62.0,9.0,100.0,20.0,8.0
1,1,Arts,0,1,67.0,15.0,92.0,21.0,8.0
1,1,Sports,0,1,69.0,9.0,93.0,21.0,8.0
1,0,Clubs,0,0,61.0,8.0,91.0,27.0,8.0
0,0,Sports,0,0,74.0,9.0,99.0,20.0,8.0
0,0,Sports,1,0,52.0,8.0,97.0,20.0,8.0
2,1,Clubs,1,0,72.0,16.0,90.0,20.0,8.0
1,1,Clubs,0,1,86.0,6.0,98.0,17.0,8.0
1,0,No CCA,0,1,50.0,10.0,98.0,25.0,8.0
2,0,No CCA,1,1,61.0,14.0,97.0,22.0,8.0
1,0,Sports,0,0,54.0,10.0,,29.0,8.0
1,1,Sports,0,1,79.0,7.0,94.0,17.0,7.0
0,0,Arts,1,1,78.0,7.0,99.0,28.0,8.0
0,0,Arts,0,1,71.0,17.0,95.0,20.0,8.0
0,0,No CCA,0,1,65.0,7.0,93.0,27.0,8.0
2,1,No CCA,1,0,70.0,11.0,94.0,15.0,8.0
0,0,Clubs,0,0,63.0,16.0,91.0,21.0,8.0
2,0,Sports,0,1,72.0,14.0,100.0,19.0,8.0
0,0,Clubs,1,0,81.0,6.0,92.0,24.0,8.0
0,1,No CCA,1,0,91.0,9.0,97.0,20.0,8.0
0,0,No CCA,1,1,77.0,6.0,96.0,22.0,8.0
1,1,No CCA,1,0,99.0,7.0,100.0,17.0,8.0
0,0,No CCA,0,1,89.0,8.0,94.0,22.0,8.0
1,1,No CCA,0,1,73.0,9.0,,20.0,8.0
0,0,Clubs,0,1,78.0,9.0,97.0,23.0,8.0
1,0,No CCA,0,1,54.0,6.0,92.0,29.0,8.0
1,0,No CCA,1,0,81.0,8.0,93.0,25.0,8.0
0,0,Clubs,1,0,90.0,6.0,,18.0,8.0
1,1,Sports,0,1,43.0,9.0,94.0,24.0,8.0
1,0,No CCA,0,1,68.0,14.0,,28.0,8.0
0,1,No CCA,0,0,74.0,12.0,99.0,19.0,8.0
1,1,Clubs,1,0,52.0,13.0,90.0,27.0,8.0
0,0,Clubs,1,1,89.0,8.0,100.0,23.0,8.0
1,0,Arts,0,1,58.0,11.0,97.0,24.0,8.0
0,1,Clubs,0,0,62.0,8.0,92.0,16.0,8.0
0,0,Clubs,0,1,83.0,7.0,90.0,23.0,8.0
1,0,Clubs,1,1,73.0,16.0,91.0,24.0,8.0
2,0,Arts,1,1,59.0,19.0,91.0,22.0,8.0
0,0,Clubs,0,1,55.0,9.0,93.0,21.0,8.0
1,0,Arts,0,1,64.0,7.0,99.0,24.0,8.0
1,0,Sports,0,0,58.0,15.0,90.0,31.0,8.0
0,0,Arts,1,1,94.0,5.0,95.0,23.0,8.0
0,0,No CCA,0,0,65.0,13.0,99.0,21.0,8.0
0,0,Clubs,1,1,67.0,12.0,93.0,20.0,8.0
2,0,Clubs,0,1,61.0,7.0,95.0,20.0,8.0
0,0,Clubs,0,1,87.0,9.0,92.0,22.0,8.0
0,0,Sports,0,1,70.0,10.0,93.0,22.0,8.0
1,0,Sports,1,1,59.0,18.0,91.0,28.0,8.0
1,0,Arts,0,1,65.0,16.0,94.0,28.0,8.0
1,0,Arts,0,0,62.0,14.0,100.0,29.0,8.0
1,0,Clubs,0,0,51.0,5.0,95.0,24.0,8.0
2,0,Arts,1,0,74.0,6.0,95.0,19.0,8.0
1,1,Sports,0,0,55.0,7.0,98.0,25.0,8.0
1,1,Clubs,1,0,58.0,11.0,96.0,27.0,8.0
1,0,Sports,0,1,64.0,7.0,92.0,28.0,8.0
0,0,No CCA,0,1,73.0,20.0,98.0,21.0,8.0
2,0,No CCA,1,0,72.0,11.0,91.0,22.0,8.0
2,1,Clubs,1,1,76.0,18.0,93.0,14.0,7.0
1,0,Clubs,0,0,61.0,14.0,94.0,27.0,8.0
0,0,Arts,0,1,72.0,19.0,96.0,21.0,8.0
0,0,No CCA,1,0,82.0,7.0,91.0,24.0,8.0
2,1,Clubs,1,0,70.0,18.0,93.0,15.0,8.0
2,1,Sports,1,1,79.0,8.0,97.0,14.0,8.0
0,1,No CCA,1,1,84.0,7.0,100.0,17.0,8.0
2,0,No CCA,0,1,72.0,10.0,90.0,21.0,8.0
1,0,No CCA,0,1,66.0,10.0,92.0,28.0,8.0
2,0,Arts,0,1,60.0,14.0,92.0,22.0,8.0
0,0,Arts,0,0,89.0,6.0,93.0,22.0,8.0
1,0,Sports,0,1,58.0,17.0,96.0,24.0,8.0
1,0,Arts,0,1,61.0,20.0,96.0,28.0,8.0
1,0,Arts,1,0,47.0,14.0,91.0,30.0,8.0
1,1,Arts,0,0,47.0,1.0,91.0,25.0,8.0
1,0,Arts,0,0,44.0,6.0,43.0,28.0,4.0
0,0,Arts,0,0,61.0,12.0,,22.0,8.0
2,0,Sports,0,0,42.0,8.0,92.0,24.0,8.0
1,1,No CCA,1,1,76.0,10.0,97.0,17.0,8.0
1,0,Clubs,0,0,44.0,10.0,83.0,28.0,8.0
2,1,Arts,1,1,83.0,6.0,98.0,18.0,8.0
0,1,No CCA,0,1,71.0,18.0,96.0,16.0,8.0
1,1,Arts,0,1,75.0,6.0,98.0,21.0,8.0
2,0,No CCA,0,1,73.0,19.0,91.0,23.0,8.0
0,1,Arts,1,0,83.0,8.0,93.0,18.0,8.0
0,0,No CCA,1,1,67.0,17.0,,20.0,8.0
2,0,Clubs,0,0,51.0,10.0,91.0,22.0,8.0
1,0,Clubs,1,1,57.0,11.0,98.0,24.0,8.0
2,1,Sports,0,1,58.0,11.0,96.0,16.0,8.0
2,0,Clubs,1,0,51.0,8.0,97.0,22.0,8.0
1,0,Arts,0,0,56.0,15.0,99.0,31.0,8.0
2,1,Sports,0,0,62.0,10.0,95.0,16.0,8.0
1,0,Sports,1,1,63.0,11.0,97.0,28.0,8.0
1,1,Arts,1,1,95.0,9.0,,21.0,8.0
0,0,Arts,0,1,75.0,6.0,96.0,22.0,8.0
2,1,Arts,0,1,43.0,7.0,92.0,22.0,8.0
0,0,Clubs,0,1,64.0,17.0,97.0,21.0,8.0
0,1,No CCA,1,1,83.0,8.0,97.0,16.0,8.0
0,0,Arts,0,0,68.0,6.0,95.0,27.0,8.0
1,1,No CCA,0,1,69.0,13.0,93.0,19.0,8.0
0,1,No CCA,1,0,83.0,7.0,94.0,15.0,8.0
1,1,Clubs,0,1,75.0,10.0,90.0,17.0,8.0
0,0,Arts,0,1,81.0,10.0,97.0,21.0,8.0
0,0,Clubs,0,1,66.0,10.0,98.0,20.0,8.0
0,0,No CCA,0,1,94.0,7.0,95.0,25.0,8.0
0,0,Clubs,0,0,95.0,6.0,96.0,25.0,8.0
2,0,No CCA,0,1,71.0,11.0,94.0,23.0,8.0
0,0,Sports,1,1,73.0,19.0,97.0,28.0,8.0
2,0,No CCA,1,0,40.0,3.0,92.0,22.0,8.0
1,0,Clubs,0,1,45.0,3.0,98.0,24.0,8.0
0,0,Sports,0,0,64.0,19.0,99.0,27.0,8.0
2,0,Arts,0,0,57.0,10.0,,19.0,8.0
1,0,Arts,1,1,67.0,11.0,94.0,24.0,8.0
1,1,No CCA,0,1,75.0,14.0,96.0,20.0,8.0
1,0,Clubs,0,0,39.0,7.0,95.0,28.0,8.0
1,1,No CCA,0,1,70.0,6.0,100.0,21.0,8.0
1,1,Clubs,1,1,57.0,12.0,92.0,27.0,8.0
1,1,Arts,1,0,55.0,6.0,99.0,27.0,8.0
1,0,Clubs,0,0,55.0,5.0,97.0,30.0,8.0
0,0,Arts,1,0,52.0,5.0,91.0,20.0,8.0
2,0,No CCA,0,1,71.0,10.0,98.0,19.0,8.0
2,0,Clubs,0,1,70.0,14.0,94.0,19.0,8.0
0,0,No CCA,0,0,63.0,11.0,94.0,27.0,8.0
1,0,No CCA,0,1,63.0,20.0,96.0,28.0,8.0
0,0,Sports,1,0,76.0,6.0,95.0,27.0,8.0
1,0,Clubs,0,1,49.0,6.0,98.0,29.0,8.0
2,0,No CCA,0,1,68.0,5.0,98.0,19.0,8.0
1,1,Clubs,1,1,54.0,14.0,96.0,25.0,8.0
1,0,Arts,0,1,69.0,14.0,91.0,28.0,8.0
1,0,Clubs,0,0,49.0,8.0,53.0,29.0,5.0
1,1,No CCA,1,1,91.0,10.0,93.0,21.0,8.0
1,1,No CCA,1,1,76.0,16.0,90.0,17.0,8.0
1,0,Clubs,0,1,62.0,8.0,93.0,28.0,8.0
0,0,Arts,0,0,93.0,8.0,99.0,22.0,8.0
0,0,No CCA,0,0,61.0,14.0,92.0,22.0,8.0
1,1,Clubs,0,0,47.0,12.0,94.0,25.0,8.0
2,0,Clubs,0,1,55.0,9.0,91.0,18.0,8.0
1,1,No CCA,0,1,70.0,19.0,90.0,21.0,8.0
0,0,Arts,0,0,54.0,8.0,93.0,21.0,8.0
0,1,Clubs,1,0,77.0,8.0,93.0,18.0,8.0
2,0,Arts,0,0,62.0,12.0,98.0,23.0,8.0
0,0,No CCA,1,1,73.0,6.0,91.0,28.0,8.0
0,0,Sports,1,1,94.0,9.0,97.0,23.0,8.0
2,0,Sports,0,0,56.0,20.0,94.0,20.0,8.0
0,0,No CCA,1,1,80.0,6.0,94.0,24.0,8.0
0,0,Clubs,0,1,74.0,15.0,99.0,21.0,8.0
1,0,Arts,1,1,48.0,11.0,98.0,30.0,8.0
1,0,No CCA,0,1,62.0,19.0,94.0,28.0,8.0
2,0,No CCA,1,1,81.0,7.0,96.0,17.0,8.0
2,0,Arts,0,1,69.0,15.0,99.0,21.0,8.0
2,0,Arts,1,1,59.0,15.0,91.0,22.0,8.0
0,0,No CCA,0,0,71.0,7.0,,27.0,8.0
1,1,No CCA,0,1,71.0,19.0,94.0,19.0,8.0
0,1,No CCA,0,0,76.0,12.0,96.0,21.0,8.0
0,1,No CCA,0,1,79.0,6.0,95.0,15.0,8.0
1,0,No CCA,0,1,61.0,9.0,97.0,24.0,8.0
0,0,Arts,1,1,80.0,7.0,95.0,27.0,8.0
1,1,Arts,1,1,86.0,8.0,99.0,17.0,8.0
1,1,Sports,0,1,79.0,9.0,91.0,21.0,7.0
2,1,Sports,0,0,62.0,15.0,96.0,16.0,8.0
1,1,Clubs,0,0,69.0,16.0,93.0,19.0,8.0
1,1,No CCA,0,1,77.0,10.0,97.0,20.0,8.0
1,0,Sports,1,1,72.0,7.0,92.0,24.0,8.0
1,0,Clubs,0,1,62.0,18.0,92.0,28.0,8.0
2,1,Clubs,1,0,68.0,19.0,95.0,20.0,8.0
1,0,No CCA,0,0,58.0,19.0,99.0,31.0,8.0
0,0,Clubs,1,1,95.0,9.0,92.0,23.0,8.0
1,0,Sports,0,0,45.0,2.0,94.0,25.0,8.0
0,0,Sports,0,1,70.0,13.0,96.0,21.0,8.0
0,1,No CCA,1,0,91.0,9.0,90.0,20.0,8.0
0,0,Clubs,0,1,65.0,20.0,97.0,22.0,8.0
0,0,No CCA,1,0,63.0,7.0,91.0,27.0,8.0
1,0,Arts,0,0,62.0,16.0,97.0,27.0,8.0
0,1,Clubs,1,0,77.0,6.0,96.0,19.0,8.0
2,0,Sports,1,0,46.0,7.0,54.0,23.0,5.0
1,0,Sports,1,1,61.0,16.0,97.0,28.0,8.0
1,0,No CCA,1,1,67.0,12.0,,28.0,8.0
1,1,No CCA,1,1,100.0,6.0,97.0,17.0,8.0
1,0,Clubs,1,1,63.0,12.0,,28.0,8.0
0,0,Sports,1,0,62.0,19.0,97.0,21.0,8.0
1,0,Sports,1,1,59.0,9.0,90.0,26.0,8.0
0,0,Sports,0,1,68.0,7.0,97.0,21.0,8.0
0,0,Clubs,1,0,62.0,11.0,100.0,27.0,8.0
2,0,Clubs,0,1,66.0,8.0,93.0,19.0,8.0
2,1,Clubs,1,0,87.0,7.0,,18.0,8.0
0,0,Sports,0,0,54.0,8.0,93.0,21.0,8.0
0,0,No CCA,1,1,87.0,7.0,96.0,23.0,8.0
0,0,Clubs,1,0,79.0,6.0,95.0,28.0,8.0
2,0,No CCA,1,0,82.0,9.0,92.0,17.0,8.0
2,0,Sports,0,0,55.0,5.0,90.0,22.0,8.0
2,1,No CCA,1,0,72.0,8.0,99.0,20.0,8.0
1,0,Arts,1,0,55.0,7.0,93.0,26.0,8.0
0,0,Arts,1,1,74.0,7.0,100.0,24.0,8.0
1,1,Arts,1,0,53.0,19.0,96.0,27.0,8.0
0,0,Sports,1,0,82.0,8.0,,27.0,8.0
0,0,Clubs,0,1,73.0,19.0,92.0,21.0,8.0
0,1,Sports,1,1,67.0,7.0,94.0,16.0,8.0
0,1,Clubs,1,1,83.0,7.0,95.0,16.0,8.0
2,0,Sports,0,1,68.0,20.0,95.0,19.0,8.0
0,1,Clubs,1,1,82.0,9.0,99.0,15.0,8.0
0,1,Arts,0,1,80.0,5.0,94.0,21.0,8.0
0,0,Sports,0,0,59.0,11.0,,21.0,8.0
1,0,Sports,1,1,48.0,9.0,76.0,30.0,8.0
0,0,Clubs,0,1,71.0,17.0,90.0,21.0,7.0
0,0,Arts,0,0,63.0,12.0,99.0,21.0,8.0
0,1,Sports,0,1,78.0,6.0,98.0,20.0,8.0
1,0,Arts,0,0,50.0,1.0,51.0,25.0,4.0
1,0,Clubs,1,0,51.0,6.0,98.0,30.0,8.0
2,0,Arts,1,0,74.0,20.0,93.0,19.0,8.0
2,0,Arts,0,1,70.0,19.0,95.0,21.0,8.0
1,0,Arts,1,1,59.0,11.0,94.0,28.0,8.0
2,0,Clubs,0,1,71.0,14.0,91.0,19.0,7.0
2,0,Clubs,0,1,71.0,7.0,95.0,19.0,8.0
0,0,No CCA,0,1,93.0,9.0,98.0,21.0,8.0
0,1,Sports,0,0,78.0,8.0,93.0,15.0,8.0
1,0,Arts,0,1,54.0,12.0,93.0,24.0,8.0
1,0,No CCA,0,0,50.0,15.0,95.0,24.0,8.0
2,0,No CCA,0,1,71.0,7.0,96.0,19.0,8.0
1,1,No CCA,0,1,75.0,7.0,98.0,17.0,8.0
0,0,No CCA,0,1,87.0,8.0,96.0,22.0,8.0
1,0,Arts,1,0,47.0,3.0,93.0,30.0,7.0
2,1,Arts,0,0,39.0,6.0,96.0,22.0,8.0
2,0,Clubs,0,0,49.0,9.0,93.0,24.0,8.0
2,0,Arts,0,0,48.0,1.0,96.0,19.0,8.0
1,1,No CCA,0,1,75.0,8.0,95.0,17.0,8.0
1,0,Clubs,0,0,50.0,13.0,95.0,24.0,8.0
1,0,Clubs,1,0,44.0,10.0,73.0,30.0,6.0
1,0,Clubs,1,1,57.0,11.0,97.0,28.0,8.0
0,0,Sports,1,1,74.0,14.0,98.0,28.0,8.0
0,1,No CCA,0,1,74.0,6.0,93.0,20.0,8.0
2,0,No CCA,0,1,71.0,14.0,95.0,21.0,8.0
1,0,Arts,0,1,63.0,12.0,93.0,27.0,7.0
1,1,Sports,1,0,48.0,10.0,86.0,30.0,8.0
2,1,Arts,1,0,78.0,7.0,97.0,14.0,8.0
2,0,No CCA,0,1,64.0,18.0,96.0,20.0,8.0
1,0,Clubs,0,0,62.0,17.0,91.0,27.0,8.0
1,1,Arts,0,0,56.0,9.0,90.0,25.0,8.0
0,1,Sports,1,1,78.0,6.0,98.0,20.0,8.0
2,0,No CCA,0,0,45.0,8.0,91.0,24.0,8.0
1,1,No CCA,0,1,80.0,6.0,91.0,17.0,8.0
1,0,Sports,0,1,73.0,7.0,95.0,22.0,8.0
2,0,Clubs,0,0,57.0,11.0,94.0,19.0,8.0
0,0,Sports,1,0,73.0,17.0,95.0,28.0,8.0
0,0,No CCA,1,1,93.0,9.0,98.0,19.0,8.0
0,0,Arts,0,0,61.0,9.0,92.0,27.0,8.0
2,0,Sports,0,1,70.0,9.0,91.0,19.0,8.0
2,1,Clubs,1,1,77.0,7.0,96.0,14.0,8.0
0,0,No CCA,1,0,69.0,11.0,95.0,21.0,8.0
0,0,No CCA,1,0,89.0,10.0,97.0,23.0,8.0
0,1,Sports,1,0,74.0,11.0,92.0,18.0,8.0
1,0,Arts,1,0,51.0,15.0,96.0,31.0,8.0
0,0,Clubs,0,0,67.0,8.0,96.0,27.0,8.0
0,0,No CCA,0,0,68.0,8.0,94.0,20.0,8.0
0,0,Arts,0,0,49.0,14.0,86.0,21.0,8.0
1,1,Clubs,1,0,59.0,20.0,92.0,27.0,8.0
1,1,No CCA,0,0,82.0,8.0,93.0,22.0,7.0
1,0,Sports,0,1,53.0,11.0,91.0,30.0,7.0
0,1,No CCA,1,1,89.0,5.0,96.0,16.0,8.0
2,0,Sports,0,1,58.0,17.0,92.0,20.0,8.0
0,1,Clubs,1,1,70.0,11.0,94.0,16.0,8.0
2,0,Sports,0,0,43.0,2.0,,24.0,8.0
0,0,Arts,0,0,79.0,7.0,90.0,21.0,7.0
2,0,Arts,0,0,45.0,7.0,47.0,23.0,4.0
0,0,Arts,1,0,74.0,9.0,94.0,27.0,8.0
2,0,Arts,0,1,70.0,9.0,97.0,19.0,8.0
1,0,Sports,0,0,44.0,13.0,54.0,24.0,5.0
0,0,Sports,1,0,68.0,13.0,99.0,28.0,8.0
2,1,Clubs,0,1,56.0,10.0,98.0,16.0,8.0
0,0,No CCA,0,0,66.0,17.0,92.0,27.0,8.0
2,0,Sports,0,1,75.0,13.0,98.0,19.0,8.0
1,0,Sports,1,1,59.0,6.0,92.0,26.0,7.0
1,0,Sports,1,0,51.0,6.0,98.0,30.0,8.0
0,0,Arts,1,0,64.0,19.0,,20.0,8.0
0,1,No CCA,0,1,74.0,13.0,,20.0,8.0
1,0,Arts,0,0,58.0,10.0,91.0,31.0,7.0
1,0,Arts,0,0,54.0,8.0,95.0,25.0,8.0
0,1,Sports,1,1,70.0,8.0,97.0,16.0,8.0
1,0,Clubs,0,1,67.0,7.0,95.0,28.0,8.0
0,0,Arts,1,1,92.0,6.0,92.0,19.0,8.0
0,0,No CCA,0,1,92.0,6.0,92.0,22.0,8.0
0,1,No CCA,0,0,82.0,10.0,93.0,21.0,8.0
0,0,Arts,0,1,73.0,20.0,99.0,21.0,8.0
0,0,Arts,1,0,82.0,7.0,96.0,24.0,8.0
0,0,Sports,0,1,74.0,18.0,97.0,23.0,8.0
1,0,Arts,0,0,52.0,18.0,91.0,31.0,7.0
0,1,Clubs,0,0,49.0,11.0,93.0,21.0,7.0
1,0,Clubs,0,1,47.0,9.0,63.0,25.0,6.0
1,0,Arts,1,1,47.0,1.0,94.0,30.0,8.0
2,0,Sports,0,1,55.0,13.0,94.0,18.0,8.0
0,0,No CCA,0,0,88.0,8.0,96.0,22.0,8.0
0,0,Sports,0,0,59.0,7.0,93.0,27.0,8.0
1,0,Clubs,0,1,63.0,17.0,91.0,28.0,8.0
2,0,Sports,0,0,48.0,2.0,94.0,19.0,8.0
0,0,Arts,0,0,56.0,17.0,93.0,22.0,8.0
2,0,Sports,0,1,58.0,7.0,94.0,18.0,8.0
1,0,Arts,0,0,50.0,16.0,91.0,29.0,8.0
2,0,Clubs,1,0,72.0,11.0,97.0,22.0,8.0
2,0,Sports,0,1,73.0,9.0,91.0,19.0,8.0
1,1,Arts,0,0,83.0,8.0,99.0,17.0,8.0
0,0,No CCA,0,1,84.0,7.0,91.0,22.0,8.0
0,0,Sports,0,0,65.0,6.0,93.0,27.0,8.0
1,0,Sports,0,1,67.0,15.0,98.0,28.0,8.0
1,1,No CCA,1,1,76.0,15.0,96.0,17.0,8.0
2,1,Arts,1,0,72.0,9.0,94.0,20.0,8.0
0,0,No CCA,0,1,94.0,5.0,96.0,25.0,8.0
0,0,Arts,0,0,58.0,8.0,99.0,22.0,8.0
0,0,No CCA,0,0,93.0,8.0,98.0,25.0,8.0
2,0,Clubs,0,0,54.0,19.0,99.0,22.0,8.0
0,1,Arts,0,1,76.0,14.0,100.0,19.0,8.0
0,0,No CCA,1,0,84.0,8.0,,23.0,8.0
1,0,Arts,1,0,56.0,19.0,93.0,26.0,8.0
1,0,Sports,1,1,64.0,14.0,95.0,26.0,8.0
1,0,Sports,0,0,48.0,3.0,93.0,24.0,8.0
0,0,No CCA,0,0,81.0,8.0,94.0,21.0,8.0
2,0,Clubs,0,0,73.0,10.0,99.0,19.0,8.0
2,0,Sports,0,1,64.0,15.0,91.0,20.0,8.0
0,1,No CCA,1,0,79.0,10.0,93.0,15.0,8.0
0,0,Arts,1,0,90.0,8.0,94.0,23.0,8.0
2,1,Arts,1,0,70.0,13.0,90.0,15.0,8.0
0,0,Sports,1,1,94.0,5.0,94.0,23.0,8.0
0,1,Arts,1,1,78.0,8.0,98.0,18.0,8.0
0,1,Clubs,0,0,77.0,9.0,96.0,20.0,8.0
1,0,Sports,1,0,59.0,18.0,95.0,30.0,8.0
0,0,Sports,0,0,63.0,14.0,98.0,27.0,8.0
1,0,No CCA,1,1,64.0,11.0,92.0,26.0,8.0
1,0,No CCA,1,0,47.0,8.0,58.0,30.0,6.0
0,0,Sports,1,0,83.0,8.0,98.0,24.0,8.0
2,1,Clubs,1,0,74.0,20.0,99.0,15.0,8.0
0,0,No CCA,0,0,66.0,11.0,96.0,20.0,8.0
0,0,Sports,0,1,72.0,16.0,94.0,23.0,8.0
1,0,Arts,0,1,58.0,16.0,93.0,28.0,8.0
0,0,Sports,0,1,71.0,12.0,93.0,21.0,8.0
2,1,Arts,0,0,40.0,8.0,52.0,22.0,5.0
1,0,Sports,1,1,75.0,8.0,97.0,25.0,8.0
1,0,Clubs,0,1,66.0,5.0,90.0,22.0,8.0
0,0,Clubs,0,0,64.0,8.0,96.0,27.0,8.0
0,0,Arts,0,1,94.0,5.0,97.0,21.0,8.0
2,1,Sports,0,1,54.0,13.0,100.0,16.0,8.0
2,1,No CCA,0,1,47.0,9.0,96.0,23.0,8.0
0,0,Clubs,1,1,63.0,8.0,99.0,20.0,8.0
1,0,Sports,0,0,46.0,12.0,62.0,24.0,5.0
1,0,Arts,0,1,53.0,12.0,96.0,30.0,8.0
0,0,Clubs,0,1,81.0,8.0,,21.0,8.0
2,0,No CCA,0,0,73.0,15.0,98.0,19.0,8.0
0,0,Clubs,1,0,74.0,8.0,93.0,28.0,8.0
2,0,Arts,1,0,79.0,7.0,94.0,17.0,8.0
0,0,Sports,1,0,78.0,5.0,93.0,28.0,8.0
1,0,Arts,0,0,48.0,8.0,93.0,25.0,8.0
1,1,Arts,1,0,58.0,13.0,94.0,27.0,8.0
0,0,No CCA,0,1,70.0,19.0,93.0,22.0,8.0
1,1,Clubs,0,1,41.0,3.0,,28.0,8.0
1,1,Sports,0,0,32.0,9.0,50.0,28.0,5.0
2,0,Clubs,1,1,79.0,5.0,100.0,17.0,8.0
0,0,No CCA,1,0,71.0,5.0,92.0,27.0,8.0
2,0,Arts,1,1,73.0,5.0,98.0,19.0,8.0
1,1,No CCA,0,1,79.0,9.0,96.0,21.0,8.0
1,1,Sports,0,0,78.0,9.0,94.0,21.0,8.0
0,1,No CCA,0,0,76.0,11.0,96.0,19.0,8.0
2,1,Arts,1,0,40.0,5.0,48.0,22.0,5.0
0,1,No CCA,1,0,83.0,6.0,93.0,20.0,8.0
2,1,No CCA,1,1,82.0,10.0,95.0,18.0,8.0
2,1,Clubs,0,1,44.0,3.0,77.0,24.0,7.0
2,0,Clubs,0,0,55.0,18.0,98.0,20.0,8.0
0,0,Arts,0,0,54.0,16.0,90.0,21.0,7.0
1,1,Clubs,0,0,83.0,7.0,95.0,17.0,8.0
0,0,No CCA,1,1,80.0,8.0,92.0,27.0,8.0
0,0,No CCA,0,1,94.0,7.0,93.0,21.0,8.0
1,0,Arts,0,0,45.0,1.0,63.0,28.0,6.0
2,0,No CCA,0,0,69.0,15.0,92.0,21.0,8.0
2,0,Sports,0,0,45.0,1.0,70.0,23.0,6.0
0,0,No CCA,0,0,66.0,10.0,97.0,27.0,8.0
2,0,Clubs,1,0,61.0,18.0,91.0,23.0,8.0
0,0,Sports,1,1,90.0,8.0,93.0,23.0,7.0
2,0,Sports,0,1,42.0,4.0,53.0,22.0,4.0
1,0,Arts,1,0,48.0,6.0,99.0,30.0,8.0
0,1,No CCA,1,1,90.0,10.0,96.0,16.0,8.0
1,0,Arts,1,0,55.0,12.0,98.0,30.0,8.0
1,1,Sports,0,1,81.0,7.0,96.0,22.0,8.0
0,0,Clubs,0,1,64.0,12.0,96.0,27.0,8.0
1,0,No CCA,0,1,74.0,5.0,96.0,28.0,8.0
1,0,Arts,0,0,53.0,19.0,98.0,31.0,8.0
1,1,No CCA,0,1,87.0,8.0,90.0,22.0,8.0
2,1,Arts,0,0,43.0,12.0,99.0,24.0,8.0
0,0,No CCA,1,1,85.0,7.0,100.0,18.0,8.0
2,0,Sports,0,0,54.0,19.0,96.0,20.0,8.0
0,0,Sports,0,0,63.0,8.0,91.0,27.0,8.0
2,0,Sports,0,1,63.0,15.0,98.0,19.0,8.0
1,0,No CCA,1,1,64.0,9.0,,28.0,8.0
1,0,Sports,1,1,66.0,9.0,95.0,24.0,8.0
0,0,No CCA,1,1,82.0,6.0,,24.0,8.0
0,1,Clubs,0,0,76.0,13.0,95.0,19.0,8.0
0,1,No CCA,1,1,72.0,7.0,93.0,16.0,8.0
0,1,Clubs,0,1,79.0,5.0,92.0,15.0,8.0
1,0,Clubs,0,1,65.0,18.0,99.0,28.0,8.0
0,0,Sports,0,1,87.0,9.0,98.0,22.0,8.0
1,0,Arts,0,0,48.0,2.0,71.0,25.0,6.0
0,0,Sports,0,0,59.0,6.0,91.0,22.0,8.0
1,0,Arts,1,0,56.0,12.0,92.0,26.0,8.0
2,0,Arts,0,0,48.0,3.0,,19.0,5.0
2,0,Arts,1,0,70.0,7.0,90.0,23.0,8.0
0,0,Sports,1,0,92.0,5.0,97.0,23.0,8.0
1,0,Sports,0,0,51.0,8.0,91.0,29.0,8.0
0,1,Arts,1,0,73.0,15.0,97.0,18.0,8.0
0,1,No CCA,1,0,84.0,7.0,98.0,20.0,8.0
1,0,Clubs,0,1,61.0,12.0,,27.0,7.0
1,0,Arts,1,1,48.0,10.0,95.0,30.0,8.0
0,0,Sports,1,0,80.0,6.0,95.0,24.0,8.0
2,0,Clubs,1,1,78.0,8.0,95.0,17.0,8.0
1,0,Arts,1,1,56.0,8.0,92.0,30.0,8.0
0,0,Clubs,1,1,78.0,9.0,93.0,28.0,8.0
1,1,No CCA,0,0,85.0,10.0,93.0,22.0,7.0
0,0,No CCA,0,1,91.0,8.0,94.0,25.0,8.0
1,0,Sports,1,0,56.0,7.0,94.0,30.0,8.0
1,0,Arts,0,0,52.0,11.0,95.0,30.0,8.0
1,1,Arts,0,1,75.0,6.0,96.0,17.0,8.0
1,0,Arts,0,0,41.0,8.0,59.0,28.0,4.0
2,0,Sports,0,0,45.0,12.0,92.0,24.0,8.0
1,1,Clubs,0,1,75.0,8.0,96.0,17.0,8.0
1,0,Sports,1,0,50.0,9.0,99.0,30.0,8.0
2,0,Sports,1,1,46.0,6.0,70.0,23.0,7.0
1,0,Arts,1,0,59.0,15.0,92.0,26.0,8.0
2,0,Sports,0,1,65.0,6.0,92.0,19.0,8.0
2,1,No CCA,1,0,73.0,9.0,99.0,18.0,8.0
1,1,No CCA,1,1,95.0,8.0,92.0,21.0,7.0
0,0,Clubs,1,1,80.0,6.0,95.0,24.0,8.0
2,0,No CCA,0,1,66.0,14.0,91.0,23.0,8.0
1,1,Arts,0,1,72.0,10.0,99.0,20.0,8.0
0,0,Sports,1,0,74.0,15.0,93.0,28.0,8.0
1,0,Sports,1,0,49.0,7.0,84.0,30.0,8.0
0,1,Clubs,0,1,84.0,7.0,94.0,21.0,8.0
2,1,Sports,1,0,43.0,5.0,43.0,22.0,4.0
0,0,Clubs,0,1,58.0,10.0,92.0,27.0,8.0
2,0,Clubs,1,1,61.0,10.0,97.0,22.0,8.0
2,1,Clubs,0,0,43.0,5.0,95.0,22.0,8.0
1,0,Clubs,0,0,38.0,3.0,60.0,28.0,5.0
0,1,Sports,0,0,78.0,5.0,92.0,20.0,8.0
1,1,No CCA,1,1,99.0,10.0,90.0,21.0,8.0
2,0,No CCA,0,0,60.0,13.0,94.0,20.0,8.0
2,0,Sports,1,1,59.0,12.0,93.0,22.0,8.0
0,1,Sports,1,0,69.0,13.0,93.0,16.0,8.0
1,0,Clubs,1,0,52.0,9.0,99.0,30.0,8.0
2,1,Clubs,0,1,42.0,13.0,,22.0,5.0
2,0,Clubs,0,1,46.0,14.0,94.0,23.0,8.0
2,0,Clubs,1,1,72.0,17.0,100.0,17.0,8.0
1,0,No CCA,0,0,47.0,7.0,99.0,30.0,8.0
0,0,No CCA,0,1,95.0,6.0,93.0,25.0,8.0
1,1,Sports,0,1,74.0,12.0,93.0,17.0,8.0
1,0,Clubs,1,0,66.0,12.0,98.0,22.0,8.0
0,0,No CCA,1,0,66.0,7.0,96.0,27.0,8.0
1,1,Sports,0,0,45.0,7.0,59.0,28.0,6.0
1,1,Clubs,0,1,51.0,15.0,98.0,25.0,8.0
0,0,No CCA,0,0,64.0,7.0,98.0,21.0,8.0
1,1,No CCA,1,0,88.0,7.0,91.0,21.0,8.0
0,1,Clubs,1,0,69.0,20.0,99.0,16.0,8.0
2,0,Arts,1,1,51.0,10.0,90.0,19.0,8.0
2,0,Sports,0,1,70.0,20.0,93.0,19.0,7.0
0,1,No CCA,1,1,84.0,5.0,91.0,16.0,8.0
0,0,Sports,0,0,58.0,7.0,94.0,21.0,8.0
0,0,Sports,0,0,69.0,6.0,94.0,20.0,8.0
1,1,Clubs,0,0,69.0,6.0,94.0,19.0,8.0
1,0,Clubs,0,1,59.0,12.0,93.0,27.0,8.0
2,1,Clubs,1,0,79.0,7.0,99.0,14.0,8.0
0,0,Sports,1,1,80.0,9.0,97.0,24.0,8.0
0,0,Sports,0,1,73.0,6.0,92.0,22.0,8.0
1,0,Clubs,0,1,44.0,5.0,98.0,28.0,8.0
0,1,Sports,1,1,80.0,9.0,98.0,15.0,8.0
2,0,Clubs,0,0,54.0,9.0,99.0,22.0,8.0
0,0,No CCA,1,1,92.0,9.0,96.0,23.0,8.0
1,0,Sports,0,0,40.0,13.0,82.0,24.0,8.0
0,0,Sports,0,1,61.0,10.0,99.0,20.0,8.0
0,1,No CCA,0,1,83.0,9.0,92.0,21.0,8.0
1,1,Arts,0,1,71.0,20.0,90.0,19.0,8.0
1,0,Arts,1,1,42.0,13.0,75.0,30.0,7.0
1,0,Arts,0,0,50.0,7.0,92.0,30.0,8.0
0,0,No CCA,0,0,69.0,12.0,91.0,27.0,8.0
0,1,No CCA,1,1,81.0,9.0,99.0,15.0,8.0
1,1,Arts,1,1,100.0,9.0,93.0,17.0,8.0
1,0,Arts,0,0,48.0,7.0,67.0,25.0,6.0
1,0,Clubs,1,0,39.0,9.0,65.0,30.0,5.0
1,1,Arts,0,0,45.0,7.0,84.0,24.0,8.0
1,1,Sports,0,0,46.0,1.0,92.0,30.0,8.0
0,1,Arts,0,1,70.0,8.0,99.0,19.0,8.0
1,1,No CCA,1,0,88.0,6.0,97.0,21.0,8.0
1,1,Arts,0,1,78.0,8.0,,17.0,8.0
1,1,Clubs,1,1,82.0,6.0,98.0,17.0,8.0
2,0,No CCA,0,1,62.0,15.0,96.0,20.0,8.0
0,0,Arts,0,1,79.0,8.0,97.0,23.0,8.0
1,1,No CCA,0,1,77.0,5.0,94.0,17.0,8.0
0,0,No CCA,0,1,80.0,6.0,99.0,22.0,8.0
1,0,Clubs,0,0,46.0,4.0,96.0,29.0,8.0
1,0,Sports,1,1,54.0,12.0,93.0,24.0,8.0
0,0,Clubs,0,1,59.0,15.0,96.0,27.0,8.0
0,0,Sports,0,1,77.0,7.0,99.0,21.0,8.0
0,0,Sports,1,1,88.0,8.0,90.0,23.0,7.0
1,0,Arts,0,1,58.0,13.0,98.0,22.0,8.0
1,0,Clubs,0,1,65.0,13.0,100.0,28.0,8.0
0,0,No CCA,0,1,94.0,7.0,91.0,21.0,8.0
0,0,Sports,1,1,74.0,8.0,99.0,22.0,8.0
1,0,Sports,0,1,59.0,13.0,91.0,24.0,8.0
1,1,Clubs,0,0,54.0,12.0,94.0,25.0,8.0
0,0,Sports,0,0,70.0,13.0,100.0,20.0,8.0
1,1,Sports,0,1,71.0,17.0,100.0,21.0,8.0
1,1,Clubs,1,1,95.0,6.0,90.0,17.0,8.0
0,0,Arts,1,1,74.0,15.0,97.0,28.0,8.0
1,0,Arts,1,1,57.0,7.0,93.0,28.0,8.0
1,1,No CCA,0,1,81.0,6.0,99.0,22.0,8.0
0,0,No CCA,1,1,83.0,6.0,97.0,24.0,8.0
2,0,Clubs,0,1,44.0,0.0,91.0,24.0,7.0
0,0,Arts,1,0,58.0,9.0,93.0,22.0,8.0
2,0,Arts,1,1,57.0,13.0,98.0,22.0,8.0
1,1,No CCA,1,1,46.0,9.0,96.0,30.0,8.0
1,0,Arts,0,1,65.0,12.0,95.0,28.0,8.0
1,1,Clubs,0,1,78.0,9.0,93.0,21.0,8.0
1,0,No CCA,1,1,79.0,9.0,96.0,25.0,8.0
0,0,No CCA,1,0,82.0,10.0,94.0,27.0,8.0
1,0,Arts,0,0,55.0,19.0,91.0,27.0,8.0
2,0,Clubs,0,0,57.0,7.0,92.0,22.0,7.0
1,0,Sports,1,1,56.0,14.0,90.0,28.0,7.0
1,1,Clubs,1,0,49.0,4.0,59.0,30.0,5.0
1,0,No CCA,0,1,60.0,15.0,92.0,22.0,8.0
0,0,Arts,0,0,65.0,6.0,94.0,27.0,8.0
0,0,No CCA,1,1,90.0,6.0,91.0,23.0,7.0
0,1,Clubs,0,0,78.0,6.0,99.0,21.0,8.0
2,0,Arts,0,1,67.0,5.0,92.0,23.0,8.0
1,0,Sports,1,1,59.0,10.0,96.0,26.0,8.0
2,0,Arts,0,1,56.0,14.0,96.0,18.0,8.0
1,0,Sports,0,1,53.0,9.0,100.0,30.0,8.0
0,0,No CCA,0,1,99.0,8.0,99.0,21.0,8.0
0,1,No CCA,1,1,85.0,7.0,91.0,16.0,7.0
0,0,Clubs,0,0,67.0,7.0,95.0,27.0,8.0
1,0,Arts,0,1,64.0,9.0,94.0,28.0,8.0
2,1,Clubs,0,0,58.0,19.0,96.0,16.0,8.0
2,0,No CCA,0,1,65.0,15.0,99.0,19.0,8.0
1,0,Arts,0,1,69.0,15.0,100.0,28.0,8.0
0,0,Sports,1,1,85.0,10.0,97.0,18.0,8.0
1,1,No CCA,0,1,82.0,6.0,92.0,21.0,8.0
1,0,No CCA,0,1,57.0,14.0,95.0,30.0,8.0
1,0,Clubs,0,0,58.0,18.0,94.0,31.0,8.0
2,1,Clubs,1,1,74.0,7.0,99.0,14.0,8.0
0,1,Arts,1,0,76.0,20.0,,18.0,8.0
0,0,No CCA,0,0,74.0,8.0,99.0,20.0,8.0
1,1,No CCA,0,1,80.0,7.0,97.0,17.0,8.0
1,1,Sports,1,1,100.0,9.0,,17.0,8.0
0,0,No CCA,0,1,94.0,10.0,94.0,21.0,8.0
1,0,Clubs,0,0,43.0,12.0,82.0,30.0,6.0
0,0,No CCA,1,1,94.0,10.0,97.0,23.0,8.0
2,1,Arts,1,0,85.0,8.0,100.0,18.0,8.0
2,0,Clubs,0,0,50.0,18.0,,22.0,8.0
1,1,Clubs,0,1,82.0,7.0,93.0,21.0,8.0
1,1,Sports,1,1,88.0,9.0,92.0,21.0,8.0
0,1,Clubs,1,1,77.0,10.0,98.0,15.0,8.0
0,1,No CCA,1,1,82.0,10.0,95.0,17.0,8.0
1,0,Arts,0,1,45.0,10.0,76.0,30.0,7.0
1,0,Clubs,1,0,54.0,11.0,99.0,30.0,8.0
0,0,No CCA,0,1,92.0,6.0,96.0,25.0,8.0
1,1,No CCA,0,1,86.0,5.0,99.0,17.0,8.0
2,0,Arts,0,1,57.0,19.0,99.0,19.0,8.0
0,0,No CCA,1,1,91.0,5.0,90.0,23.0,8.0
1,0,Clubs,0,1,55.0,17.0,94.0,24.0,8.0
1,1,Sports,0,1,74.0,10.0,,20.0,8.0
0,1,No CCA,0,0,75.0,7.0,99.0,20.0,8.0
1,0,Clubs,0,1,65.0,12.0,100.0,27.0,8.0
1,0,Arts,0,0,40.0,3.0,,28.0,8.0
1,0,No CCA,1,0,47.0,10.0,62.0,30.0,5.0
2,0,Sports,0,1,71.0,12.0,97.0,19.0,8.0
1,1,No CCA,1,1,86.0,9.0,92.0,22.0,8.0
1,1,Arts,0,0,44.0,4.0,93.0,25.0,8.0
2,0,No CCA,0,1,63.0,11.0,95.0,19.0,8.0
1,0,Sports,1,0,59.0,6.0,100.0,26.0,8.0
1,1,Arts,0,1,56.0,13.0,,25.0,8.0
0,1,Arts,0,0,80.0,10.0,90.0,21.0,8.0
2,0,Sports,1,1,59.0,10.0,100.0,22.0,8.0
1,0,Sports,0,1,40.0,13.0,65.0,24.0,5.0
1,1,Sports,0,0,47.0,6.0,54.0,25.0,5.0
1,1,Clubs,1,0,58.0,6.0,96.0,27.0,8.0
1,1,Clubs,0,0,47.0,1.0,93.0,25.0,8.0
0,0,Sports,0,1,69.0,6.0,93.0,21.0,8.0
1,0,Sports,0,0,53.0,6.0,92.0,27.0,8.0
2,0,No CCA,1,0,72.0,20.0,98.0,19.0,8.0
1,1,No CCA,1,1,69.0,7.0,100.0,21.0,8.0
0,0,Arts,1,0,52.0,11.0,91.0,20.0,8.0
0,0,Sports,0,0,70.0,11.0,92.0,20.0,8.0
1,0,Sports,1,0,47.0,6.0,95.0,30.0,8.0
0,0,Arts,0,0,63.0,5.0,94.0,27.0,8.0
1,0,Clubs,0,1,53.0,10.0,95.0,29.0,8.0
0,1,No CCA,0,1,82.0,6.0,96.0,20.0,8.0
0,0,Sports,0,0,62.0,16.0,95.0,27.0,8.0
2,0,Sports,0,1,72.0,7.0,100.0,19.0,8.0
2,0,Clubs,0,1,57.0,7.0,98.0,22.0,8.0
1,0,Sports,0,0,46.0,4.0,91.0,30.0,8.0
1,1,No CCA,0,1,82.0,6.0,99.0,22.0,8.0
1,0,Sports,0,1,58.0,14.0,94.0,28.0,8.0
1,1,Sports,1,1,46.0,7.0,79.0,30.0,7.0
1,0,Arts,0,0,45.0,5.0,63.0,30.0,6.0
2,0,Arts,0,1,67.0,14.0,97.0,19.0,8.0
0,0,Clubs,0,0,63.0,14.0,92.0,21.0,8.0
1,1,Clubs,0,1,86.0,6.0,90.0,22.0,8.0
1,1,Sports,1,1,67.0,17.0,91.0,27.0,8.0
2,0,Sports,0,1,58.0,17.0,97.0,22.0,8.0
1,0,Sports,0,0,54.0,7.0,96.0,29.0,8.0
1,1,Clubs,1,1,92.0,10.0,96.0,21.0,8.0
2,0,Clubs,1,0,72.0,13.0,93.0,22.0,8.0
1,0,Sports,1,0,46.0,7.0,99.0,30.0,8.0
2,1,Arts,1,1,83.0,7.0,,18.0,8.0
2,0,Arts,0,1,78.0,8.0,93.0,21.0,8.0
0,0,Arts,0,1,70.0,11.0,,21.0,8.0
1,0,No CCA,1,1,72.0,9.0,92.0,24.0,8.0
1,1,Clubs,0,0,49.0,8.0,96.0,29.0,8.0
1,1,Arts,0,1,77.0,6.0,90.0,21.0,8.0
1,0,Clubs,0,0,43.0,1.0,91.0,30.0,8.0
2,0,Arts,0,1,57.0,20.0,98.0,22.0,8.0
0,0,Sports,0,0,66.0,18.0,99.0,27.0,8.0
1,0,Clubs,1,1,63.0,19.0,92.0,28.0,8.0
0,0,Sports,1,1,90.0,8.0,99.0,18.0,8.0
0,0,Sports,1,0,76.0,6.0,94.0,22.0,8.0
1,1,No CCA,1,0,91.0,7.0,99.0,21.0,8.0
0,1,Arts,1,0,73.0,11.0,97.0,18.0,8.0
0,1,Arts,0,0,80.0,9.0,94.0,21.0,8.0
0,0,No CCA,1,0,84.0,5.0,98.0,23.0,8.0
0,0,Sports,0,1,60.0,13.0,95.0,27.0,8.0
0,1,No CCA,0,1,75.0,5.0,100.0,20.0,8.0
0,1,Clubs,0,0,79.0,6.0,99.0,15.0,8.0
1,0,Arts,0,1,61.0,14.0,90.0,24.0,8.0
0,1,No CCA,1,1,85.0,8.0,96.0,17.0,8.0
2,0,Sports,0,1,67.0,15.0,93.0,21.0,8.0
1,0,Sports,0,0,50.0,8.0,100.0,30.0,8.0
1,0,Arts,0,1,69.0,17.0,91.0,22.0,8.0
0,0,Sports,0,1,72.0,18.0,98.0,21.0,8.0
0,1,No CCA,1,1,74.0,17.0,92.0,16.0,8.0
0,0,Arts,0,1,92.0,10.0,93.0,25.0,8.0
1,0,Clubs,1,1,66.0,12.0,98.0,28.0,8.0
1,0,Sports,0,0,50.0,6.0,92.0,29.0,8.0
1,0,Arts,1,0,51.0,6.0,100.0,25.0,8.0
1,0,Sports,0,1,62.0,20.0,90.0,27.0,8.0
0,0,Arts,1,1,74.0,11.0,100.0,28.0,8.0
2,1,No CCA,1,1,73.0,5.0,90.0,20.0,8.0
0,0,No CCA,1,1,83.0,7.0,94.0,24.0,8.0
0,0,No CCA,0,1,91.0,8.0,90.0,21.0,8.0
2,1,Clubs,1,0,70.0,19.0,100.0,15.0,8.0
2,0,Clubs,1,1,61.0,7.0,96.0,22.0,8.0
2,1,Sports,1,0,77.0,7.0,94.0,14.0,8.0
2,0,Arts,0,0,57.0,5.0,91.0,22.0,8.0
0,0,Sports,0,0,64.0,11.0,96.0,27.0,8.0
0,0,Arts,1,0,77.0,7.0,95.0,24.0,8.0
2,0,No CCA,1,1,68.0,17.0,91.0,21.0,7.0
0,0,Arts,0,1,75.0,9.0,93.0,27.0,8.0
1,0,Sports,1,0,49.0,15.0,92.0,30.0,8.0
0,1,No CCA,1,1,82.0,6.0,91.0,17.0,8.0
0,0,Arts,1,1,79.0,9.0,93.0,21.0,8.0
1,0,No CCA,1,1,71.0,20.0,93.0,25.0,8.0
1,0,Sports,0,1,57.0,12.0,98.0,24.0,8.0
0,1,Arts,1,1,87.0,9.0,95.0,20.0,8.0
0,0,Sports,1,1,89.0,8.0,98.0,23.0,8.0
2,0,Sports,0,1,56.0,16.0,96.0,20.0,8.0
0,1,No CCA,1,1,90.0,8.0,94.0,16.0,8.0
0,1,Clubs,0,1,71.0,12.0,97.0,20.0,8.0
1,0,Arts,0,1,59.0,6.0,100.0,31.0,8.0
2,0,Clubs,1,1,71.0,7.0,92.0,21.0,8.0
0,0,Arts,0,0,64.0,6.0,99.0,21.0,8.0
1,0,Clubs,0,0,52.0,20.0,,30.0,8.0
2,0,Clubs,1,0,71.0,18.0,95.0,17.0,8.0
1,0,Arts,1,1,49.0,1.0,79.0,30.0,7.0
1,0,Arts,0,1,57.0,9.0,97.0,22.0,8.0
1,1,Sports,1,1,98.0,8.0,95.0,17.0,8.0
1,0,Sports,0,1,56.0,16.0,97.0,24.0,8.0
1,0,Sports,0,1,51.0,19.0,91.0,31.0,8.0
2,0,Clubs,1,1,68.0,19.0,99.0,23.0,8.0
1,0,Clubs,0,0,53.0,15.0,96.0,30.0,8.0
1,0,Sports,1,1,60.0,20.0,100.0,28.0,8.0
0,0,Sports,0,0,61.0,14.0,92.0,27.0,8.0
0,0,Arts,0,1,56.0,16.0,99.0,22.0,8.0
1,0,Sports,1,0,49.0,3.0,94.0,30.0,8.0
1,1,Clubs,0,1,80.0,9.0,100.0,21.0,8.0
2,0,No CCA,1,1,77.0,6.0,98.0,19.0,8.0
2,0,No CCA,0,1,68.0,13.0,95.0,19.0,8.0
1,0,Clubs,0,1,67.0,9.0,95.0,28.0,8.0
1,0,Arts,0,1,54.0,8.0,97.0,24.0,8.0
0,0,Sports,0,1,71.0,13.0,,22.0,8.0
2,1,No CCA,1,1,73.0,8.0,97.0,20.0,8.0
2,0,No CCA,1,1,62.0,12.0,90.0,22.0,8.0
2,1,Clubs,1,1,79.0,10.0,91.0,14.0,8.0
1,0,No CCA,0,0,60.0,14.0,91.0,31.0,8.0
1,0,Clubs,0,0,55.0,9.0,96.0,27.0,8.0
0,0,Arts,0,1,60.0,13.0,91.0,21.0,8.0
1,0,No CCA,0,1,55.0,17.0,99.0,27.0,8.0
1,1,Sports,1,0,57.0,14.0,97.0,27.0,8.0
1,0,Clubs,0,1,50.0,15.0,91.0,30.0,8.0
2,0,No CCA,0,0,46.0,10.0,62.0,23.0,5.0
0,0,Arts,0,0,66.0,8.0,92.0,20.0,8.0
2,0,Clubs,1,1,68.0,13.0,96.0,23.0,8.0
1,1,Clubs,0,1,48.0,6.0,71.0,24.0,6.0
1,0,Sports,0,0,51.0,9.0,91.0,25.0,8.0
1,1,Clubs,1,1,57.0,20.0,97.0,27.0,8.0
1,0,No CCA,1,1,64.0,13.0,96.0,28.0,8.0
0,1,No CCA,0,0,67.0,20.0,98.0,16.0,8.0
0,0,Arts,0,0,77.0,6.0,97.0,21.0,8.0
1,1,Arts,1,1,87.0,8.0,93.0,17.0,8.0
0,1,Clubs,0,1,77.0,7.0,98.0,19.0,8.0
0,0,Clubs,1,0,90.0,6.0,98.0,23.0,8.0
0,1,No CCA,0,1,84.0,8.0,95.0,21.0,8.0
1,0,Clubs,1,1,63.0,18.0,93.0,28.0,8.0
1,1,Arts,0,0,43.0,4.0,69.0,28.0,7.0
1,0,Sports,0,1,55.0,13.0,98.0,22.0,8.0
2,0,No CCA,1,1,83.0,7.0,100.0,17.0,8.0
2,0,Arts,0,1,56.0,7.0,99.0,18.0,8.0
2,0,Sports,0,1,59.0,8.0,97.0,22.0,8.0
1,0,No CCA,0,1,67.0,14.0,95.0,28.0,8.0
2,1,Sports,0,1,48.0,10.0,65.0,19.0,5.0
0,1,No CCA,0,1,82.0,9.0,94.0,20.0,8.0
0,1,Clubs,1,0,76.0,16.0,97.0,18.0,8.0
2,0,Sports,0,1,37.0,13.0,100.0,22.0,8.0
2,1,Arts,1,1,84.0,6.0,95.0,14.0,8.0
0,0,Clubs,0,1,71.0,13.0,96.0,20.0,8.0
2,0,Clubs,0,0,50.0,10.0,82.0,19.0,8.0
2,1,Sports,0,0,37.0,14.0,99.0,22.0,8.0
1,0,Clubs,0,1,51.0,12.0,98.0,25.0,8.0
1,0,Sports,0,1,64.0,6.0,91.0,27.0,8.0
1,0,Arts,0,1,71.0,6.0,98.0,22.0,8.0
0,1,No CCA,0,0,80.0,9.0,93.0,21.0,8.0
2,1,No CCA,1,0,81.0,8.0,91.0,18.0,8.0
1,1,Sports,1,0,43.0,5.0,40.0,28.0,4.0
0,1,Arts,0,0,69.0,14.0,99.0,19.0,8.0
0,1,Sports,1,1,86.0,8.0,95.0,20.0,8.0
1,0,Arts,0,0,46.0,9.0,98.0,25.0,8.0
0,1,No CCA,1,0,83.0,10.0,92.0,20.0,8.0
2,0,No CCA,1,0,69.0,17.0,94.0,22.0,8.0
0,0,Arts,1,1,81.0,8.0,95.0,27.0,8.0
1,1,Clubs,1,0,61.0,6.0,92.0,27.0,7.0
2,0,Clubs,0,1,73.0,6.0,95.0,23.0,8.0
1,0,Sports,0,1,69.0,17.0,94.0,22.0,8.0
2,1,Arts,1,1,81.0,5.0,100.0,14.0,8.0
1,0,Sports,0,1,48.0,7.0,93.0,24.0,8.0
0,0,No CCA,0,0,69.0,14.0,99.0,27.0,8.0
2,0,Sports,0,0,54.0,7.0,,20.0,8.0
0,0,Clubs,1,0,95.0,8.0,94.0,23.0,8.0
2,0,Clubs,1,0,71.0,14.0,93.0,23.0,8.0
1,1,Arts,0,1,80.0,9.0,100.0,17.0,8.0
1,0,Arts,0,0,36.0,5.0,92.0,24.0,7.0
0,1,Clubs,1,0,75.0,7.0,93.0,18.0,8.0
0,1,No CCA,1,1,85.0,10.0,94.0,16.0,8.0
1,0,Arts,0,1,61.0,20.0,93.0,22.0,8.0
0,0,No CCA,0,1,93.0,9.0,98.0,21.0,8.0
1,0,Clubs,0,0,51.0,19.0,92.0,31.0,8.0
1,1,Sports,0,1,72.0,15.0,94.0,21.0,8.0
1,0,Arts,0,0,56.0,15.0,98.0,27.0,8.0
0,0,Clubs,1,0,71.0,7.0,98.0,28.0,8.0
0,1,Sports,1,0,85.0,8.0,98.0,20.0,8.0
0,0,Clubs,0,0,76.0,0.0,94.0,22.0,8.0
0,1,Arts,0,0,79.0,5.0,97.0,15.0,8.0
1,0,Sports,1,0,73.0,11.0,94.0,25.0,8.0
2,0,Clubs,0,1,68.0,9.0,100.0,21.0,8.0
1,1,Clubs,1,1,87.0,5.0,92.0,21.0,8.0
2,0,Sports,0,1,51.0,5.0,96.0,22.0,8.0
1,0,Sports,0,1,64.0,5.0,90.0,27.0,8.0
2,0,No CCA,1,1,74.0,5.0,99.0,19.0,8.0
1,1,Sports,0,1,78.0,8.0,94.0,20.0,8.0
1,0,Arts,0,1,66.0,18.0,100.0,27.0,8.0
1,0,Arts,0,0,55.0,5.0,99.0,27.0,8.0
0,0,No CCA,0,1,79.0,8.0,93.0,21.0,8.0
1,1,No CCA,0,1,82.0,10.0,90.0,22.0,8.0
1,0,Arts,0,1,74.0,19.0,97.0,28.0,8.0
2,0,Clubs,0,1,71.0,7.0,97.0,19.0,8.0
0,0,Arts,0,1,71.0,20.0,95.0,20.0,8.0
1,0,Clubs,0,1,60.0,10.0,90.0,22.0,7.0
1,0,Arts,1,1,69.0,8.0,91.0,24.0,8.0
1,0,No CCA,0,1,61.0,12.0,99.0,22.0,8.0
1,1,Arts,0,1,64.0,17.0,99.0,19.0,8.0
2,1,No CCA,1,0,70.0,11.0,98.0,15.0,8.0
0,1,No CCA,1,1,85.0,10.0,90.0,16.0,8.0
1,1,Clubs,0,1,80.0,7.0,94.0,17.0,8.0
1,0,Clubs,1,0,59.0,15.0,92.0,26.0,8.0
0,1,Arts,0,1,78.0,9.0,,15.0,8.0
1,0,Clubs,0,0,52.0,17.0,97.0,25.0,8.0
1,0,Arts,0,0,59.0,13.0,98.0,27.0,8.0
2,0,Clubs,1,0,62.0,8.0,100.0,23.0,8.0
0,1,Clubs,0,1,80.0,9.0,95.0,20.0,8.0
0,0,No CCA,1,1,96.0,8.0,96.0,18.0,8.0
1,0,Clubs,1,1,77.0,9.0,91.0,25.0,8.0
0,1,No CCA,0,1,74.0,16.0,98.0,20.0,8.0
2,0,Sports,0,1,53.0,19.0,92.0,19.0,8.0
2,1,Arts,1,1,68.0,19.0,95.0,14.0,8.0
0,0,No CCA,1,0,82.0,8.0,100.0,27.0,8.0
0,0,No CCA,1,1,77.0,7.0,96.0,24.0,8.0
2,0,Clubs,0,0,39.0,11.0,90.0,22.0,8.0
1,1,Clubs,0,0,45.0,5.0,58.0,25.0,5.0
0,0,Arts,1,1,90.0,9.0,90.0,19.0,8.0
1,0,Sports,0,1,62.0,11.0,95.0,28.0,8.0
1,0,Clubs,0,0,54.0,13.0,95.0,29.0,8.0
1,0,Sports,0,1,54.0,14.0,91.0,24.0,8.0
1,0,No CCA,0,1,58.0,13.0,97.0,22.0,8.0
2,0,Arts,1,1,75.0,10.0,95.0,19.0,8.0
0,0,Arts,0,0,61.0,14.0,95.0,21.0,8.0
1,0,Clubs,0,1,64.0,17.0,97.0,28.0,8.0
1,1,Arts,1,0,55.0,18.0,98.0,27.0,8.0
0,0,No CCA,1,1,92.0,8.0,90.0,19.0,8.0
0,0,Clubs,0,0,54.0,10.0,92.0,27.0,8.0
2,0,No CCA,1,0,71.0,17.0,100.0,22.0,8.0
2,1,Sports,1,0,68.0,15.0,98.0,20.0,8.0
0,0,No CCA,0,1,78.0,10.0,96.0,22.0,8.0
2,1,Sports,0,1,58.0,10.0,96.0,16.0,8.0
0,0,No CCA,0,1,94.0,7.0,98.0,25.0,8.0
0,0,Arts,1,1,93.0,7.0,96.0,19.0,8.0
1,0,Arts,1,1,69.0,18.0,91.0,28.0,8.0
1,1,Arts,0,1,54.0,18.0,97.0,25.0,8.0
1,0,Clubs,0,0,46.0,11.0,92.0,25.0,8.0
2,0,No CCA,1,1,83.0,6.0,96.0,17.0,8.0
1,1,No CCA,1,1,98.0,7.0,96.0,17.0,8.0
0,1,Sports,1,1,84.0,6.0,,20.0,8.0
1,0,No CCA,1,1,66.0,9.0,92.0,24.0,8.0
1,0,Sports,1,0,66.0,12.0,96.0,22.0,8.0
2,0,Arts,1,0,43.0,1.0,76.0,24.0,7.0
0,0,No CCA,1,1,75.0,10.0,94.0,22.0,8.0
2,0,No CCA,1,1,69.0,16.0,96.0,23.0,8.0
0,0,No CCA,0,1,75.0,11.0,99.0,22.0,8.0
0,1,No CCA,1,1,82.0,10.0,94.0,15.0,8.0
2,0,Arts,1,1,77.0,5.0,98.0,19.0,8.0
2,0,No CCA,1,0,72.0,8.0,97.0,22.0,8.0
2,0,Arts,0,1,59.0,12.0,96.0,20.0,8.0
1,0,Arts,1,1,70.0,15.0,91.0,28.0,8.0
0,0,Arts,0,1,67.0,8.0,91.0,22.0,8.0
2,0,Sports,0,1,58.0,7.0,99.0,22.0,8.0
2,0,Clubs,1,1,74.0,10.0,94.0,22.0,8.0
1,1,Arts,0,1,76.0,13.0,91.0,21.0,8.0
1,1,Clubs,0,0,79.0,10.0,93.0,17.0,8.0
2,0,No CCA,1,0,62.0,12.0,93.0,20.0,8.0
0,0,Arts,0,0,79.0,9.0,94.0,21.0,8.0
2,1,Sports,1,0,72.0,9.0,99.0,20.0,8.0
1,1,Sports,1,1,87.0,8.0,95.0,21.0,8.0
1,1,Clubs,0,1,75.0,12.0,98.0,17.0,8.0
0,0,Clubs,1,0,72.0,5.0,98.0,27.0,8.0
1,0,Arts,0,0,64.0,16.0,99.0,22.0,8.0
2,0,Sports,0,1,56.0,17.0,94.0,22.0,8.0
1,1,Arts,0,0,80.0,7.0,95.0,17.0,8.0
2,0,Sports,1,0,77.0,10.0,90.0,17.0,8.0
1,0,Arts,0,1,58.0,13.0,95.0,22.0,8.0
2,0,Clubs,0,1,58.0,18.0,100.0,18.0,8.0
1,0,Arts,0,0,65.0,15.0,94.0,28.0,8.0
0,0,Arts,1,0,55.0,19.0,98.0,22.0,8.0
1,0,Arts,0,0,63.0,17.0,92.0,27.0,8.0
1,0,Clubs,1,0,51.0,7.0,97.0,30.0,8.0
0,1,No CCA,1,1,83.0,10.0,98.0,15.0,8.0
0,0,Sports,0,1,79.0,7.0,91.0,21.0,8.0
1,0,Arts,0,1,74.0,5.0,95.0,28.0,8.0
2,0,No CCA,0,1,64.0,19.0,97.0,20.0,8.0
0,0,No CCA,0,1,71.0,10.0,96.0,21.0,8.0
0,0,Arts,0,0,64.0,17.0,95.0,22.0,8.0
0,0,Clubs,0,0,56.0,17.0,100.0,22.0,8.0
0,0,No CCA,1,1,96.0,7.0,92.0,18.0,7.0
2,0,No CCA,1,0,68.0,11.0,97.0,22.0,8.0
0,0,Arts,0,1,58.0,10.0,96.0,22.0,8.0
0,0,Sports,1,1,95.0,6.0,91.0,23.0,8.0
0,0,Clubs,0,0,81.0,6.0,99.0,23.0,8.0
1,0,Sports,0,0,48.0,5.0,92.0,29.0,8.0
0,0,Sports,1,1,80.0,6.0,95.0,24.0,8.0
2,1,Sports,1,1,80.0,8.0,91.0,18.0,8.0
0,1,Arts,1,1,71.0,5.0,99.0,16.0,8.0
0,0,Sports,1,0,82.0,9.0,96.0,27.0,8.0
2,0,Arts,1,1,79.0,8.0,95.0,19.0,8.0
1,0,Clubs,0,0,54.0,8.0,97.0,30.0,8.0
1,1,No CCA,1,1,95.0,10.0,99.0,21.0,8.0
1,0,Arts,0,1,48.0,5.0,98.0,30.0,8.0
0,0,No CCA,1,1,86.0,6.0,93.0,18.0,8.0
2,0,Sports,0,0,48.0,12.0,96.0,19.0,8.0
2,0,Sports,0,1,62.0,7.0,93.0,23.0,8.0
1,1,Arts,0,1,79.0,9.0,92.0,21.0,8.0
2,0,Sports,0,1,67.0,9.0,,19.0,8.0
1,1,Clubs,1,1,100.0,8.0,93.0,17.0,8.0
1,0,No CCA,0,1,64.0,7.0,92.0,27.0,8.0
2,0,Arts,1,1,78.0,8.0,96.0,17.0,8.0
2,0,Arts,0,1,50.0,11.0,62.0,18.0,6.0
0,0,Sports,0,0,82.0,9.0,99.0,22.0,8.0
2,0,Sports,0,0,71.0,12.0,92.0,21.0,8.0
1,0,Clubs,1,0,49.0,5.0,68.0,30.0,5.0
0,0,Clubs,0,1,79.0,10.0,98.0,21.0,8.0
0,0,Sports,0,1,68.0,15.0,94.0,21.0,8.0
1,0,Sports,0,0,62.0,16.0,92.0,31.0,8.0
1,0,No CCA,1,0,51.0,7.0,99.0,25.0,8.0
1,0,Arts,1,1,61.0,19.0,95.0,28.0,8.0
0,0,No CCA,1,0,86.0,6.0,98.0,23.0,8.0
1,0,Sports,0,0,42.0,7.0,46.0,24.0,4.0
2,1,Sports,1,0,78.0,8.0,94.0,14.0,8.0
1,0,Arts,1,1,59.0,5.0,93.0,22.0,8.0
2,0,No CCA,1,0,71.0,9.0,93.0,22.0,8.0
1,0,No CCA,1,1,80.0,8.0,91.0,25.0,7.0
2,1,No CCA,0,0,62.0,5.0,93.0,16.0,8.0
0,0,Arts,1,1,58.0,16.0,95.0,20.0,8.0
1,1,Sports,0,1,70.0,12.0,91.0,19.0,8.0
0,0,Arts,0,1,72.0,16.0,95.0,23.0,8.0
2,1,Clubs,1,0,73.0,9.0,94.0,15.0,8.0
0,0,No CCA,0,0,63.0,14.0,95.0,27.0,8.0
0,0,No CCA,0,0,87.0,7.0,97.0,22.0,8.0
2,0,Clubs,0,1,60.0,16.0,91.0,22.0,8.0
0,0,No CCA,1,1,91.0,10.0,92.0,23.0,8.0
0,0,Sports,1,0,70.0,12.0,92.0,20.0,8.0
1,0,Sports,0,0,49.0,0.0,97.0,30.0,8.0
1,0,Arts,0,1,45.0,7.0,,24.0,6.0
0,0,Sports,0,0,68.0,14.0,91.0,27.0,8.0
1,0,No CCA,1,1,72.0,18.0,91.0,24.0,8.0
1,0,Sports,0,1,63.0,18.0,99.0,22.0,8.0
1,0,No CCA,0,1,66.0,17.0,99.0,22.0,8.0
1,0,Arts,0,1,47.0,9.0,96.0,29.0,8.0
0,1,Arts,1,1,82.0,8.0,100.0,20.0,8.0
1,1,Sports,1,1,100.0,9.0,94.0,17.0,8.0
1,0,Clubs,0,1,55.0,6.0,99.0,30.0,8.0
1,0,Arts,0,0,51.0,7.0,97.0,31.0,8.0
2,1,Arts,1,1,76.0,9.0,99.0,18.0,8.0
1,0,Clubs,1,1,51.0,9.0,96.0,29.0,8.0
1,1,No CCA,0,0,77.0,6.0,98.0,20.0,8.0
2,0,Arts,0,0,39.0,13.0,42.0,22.0,4.0
0,1,Arts,0,0,76.0,13.0,,19.0,8.0
0,0,Sports,1,0,67.0,20.0,98.0,28.0,8.0
1,0,Arts,0,1,46.0,3.0,56.0,24.0,5.0
0,1,No CCA,0,1,82.0,9.0,96.0,19.0,8.0
0,1,Arts,0,1,73.0,8.0,96.0,16.0,8.0
1,0,Clubs,0,0,62.0,12.0,94.0,27.0,8.0
1,1,Arts,0,1,86.0,9.0,97.0,22.0,8.0
1,1,No CCA,0,1,72.0,6.0,92.0,20.0,8.0
0,0,Sports,0,0,69.0,16.0,100.0,21.0,8.0
1,0,Sports,1,1,57.0,18.0,91.0,28.0,8.0
1,0,Sports,1,1,57.0,10.0,97.0,28.0,8.0
2,1,No CCA,1,1,81.0,7.0,91.0,14.0,8.0
1,1,Clubs,0,0,55.0,16.0,94.0,25.0,8.0
2,1,Sports,0,0,52.0,9.0,94.0,16.0,8.0
1,0,Sports,1,0,54.0,12.0,92.0,30.0,7.0
1,1,Clubs,1,1,42.0,5.0,95.0,28.0,8.0
1,0,Sports,0,0,44.0,11.0,49.0,24.0,4.0
1,1,Sports,0,1,80.0,5.0,,17.0,8.0
0,0,No CCA,0,0,69.0,14.0,95.0,27.0,8.0
1,0,Clubs,1,1,64.0,9.0,98.0,28.0,8.0
1,0,Arts,0,1,58.0,6.0,99.0,31.0,8.0
1,0,Arts,1,0,47.0,4.0,64.0,30.0,6.0
0,0,Sports,1,1,78.0,9.0,96.0,24.0,8.0
1,1,Clubs,1,0,44.0,7.0,99.0,28.0,8.0
0,0,No CCA,1,0,91.0,6.0,97.0,23.0,8.0
1,0,Clubs,1,0,57.0,11.0,92.0,30.0,8.0
0,0,Clubs,1,1,90.0,9.0,99.0,18.0,8.0
1,1,Arts,0,1,49.0,11.0,80.0,24.0,8.0
1,1,Sports,0,0,44.0,6.0,55.0,25.0,5.0
1,1,Sports,0,1,54.0,9.0,91.0,25.0,8.0
1,0,Arts,0,0,50.0,12.0,90.0,25.0,8.0
2,0,Arts,1,1,78.0,6.0,99.0,17.0,8.0
0,0,Sports,0,0,68.0,11.0,,20.0,8.0
1,1,No CCA,0,0,83.0,5.0,95.0,17.0,8.0
1,0,Arts,0,1,59.0,10.0,93.0,24.0,8.0
0,0,Sports,1,1,91.0,6.0,92.0,24.0,8.0
2,0,Sports,0,1,51.0,18.0,93.0,18.0,8.0
0,1,Sports,0,1,80.0,6.0,97.0,21.0,8.0
1,0,Clubs,0,0,55.0,8.0,95.0,27.0,8.0
1,0,Clubs,0,1,59.0,9.0,93.0,31.0,8.0
0,0,Sports,0,1,73.0,19.0,100.0,22.0,8.0
1,0,Clubs,0,1,67.0,12.0,91.0,22.0,8.0
2,0,Arts,1,0,80.0,7.0,92.0,19.0,8.0
1,0,Clubs,1,0,49.0,1.0,91.0,30.0,8.0
1,0,Arts,0,0,51.0,8.0,99.0,25.0,8.0
1,1,Sports,0,0,56.0,16.0,95.0,25.0,8.0
0,0,Arts,0,0,60.0,8.0,92.0,27.0,8.0
0,1,Sports,1,0,69.0,12.0,95.0,16.0,8.0
0,1,No CCA,1,0,83.0,8.0,91.0,20.0,8.0
0,0,No CCA,0,1,63.0,20.0,94.0,27.0,8.0
0,0,Arts,1,0,79.0,9.0,91.0,27.0,7.0
0,0,No CCA,1,0,91.0,7.0,98.0,19.0,8.0
0,0,No CCA,1,0,82.0,9.0,97.0,24.0,8.0
1,0,Clubs,1,0,57.0,15.0,92.0,26.0,8.0
1,0,Arts,0,1,59.0,6.0,96.0,31.0,8.0
1,0,Sports,0,1,58.0,7.0,91.0,24.0,8.0
0,0,Arts,1,1,68.0,14.0,94.0,23.0,8.0
1,1,No CCA,1,1,88.0,7.0,96.0,17.0,8.0
0,0,No CCA,0,1,62.0,8.0,93.0,21.0,8.0
0,0,No CCA,0,1,93.0,9.0,97.0,25.0,8.0
2,0,Clubs,1,1,57.0,19.0,98.0,22.0,8.0
1,0,Sports,1,0,55.0,13.0,98.0,26.0,8.0
2,0,Clubs,1,0,72.0,14.0,99.0,22.0,8.0
1,0,Arts,1,1,70.0,8.0,94.0,24.0,8.0
1,1,Clubs,0,1,71.0,7.0,97.0,20.0,8.0
0,0,Clubs,0,0,67.0,7.0,99.0,27.0,8.0
2,1,Arts,0,0,43.0,7.0,74.0,23.0,7.0
1,0,Sports,1,0,57.0,9.0,100.0,31.0,8.0
1,0,Clubs,0,0,59.0,16.0,95.0,27.0,8.0
0,0,No CCA,0,1,67.0,15.0,91.0,21.0,8.0
2,0,Clubs,0,1,67.0,18.0,93.0,21.0,8.0
0,0,Arts,0,0,70.0,14.0,92.0,20.0,8.0
0,0,Clubs,1,0,72.0,13.0,92.0,28.0,8.0
2,0,Sports,1,1,70.0,20.0,91.0,22.0,8.0
1,1,Sports,0,1,80.0,10.0,98.0,21.0,8.0
1,0,Arts,1,1,75.0,8.0,96.0,25.0,8.0
0,1,Arts,1,0,77.0,10.0,94.0,18.0,8.0
1,1,No CCA,0,1,77.0,8.0,95.0,17.0,8.0
1,0,No CCA,0,0,56.0,11.0,95.0,27.0,8.0
0,0,Clubs,1,1,93.0,6.0,94.0,19.0,8.0
0,0,Clubs,0,1,87.0,6.0,90.0,22.0,8.0
2,0,No CCA,0,0,73.0,9.0,95.0,21.0,8.0
0,0,No CCA,0,0,61.0,15.0,92.0,27.0,8.0
1,0,Clubs,1,0,50.0,2.0,93.0,30.0,8.0
0,0,No CCA,1,1,93.0,9.0,96.0,19.0,8.0
1,0,Clubs,0,0,43.0,13.0,97.0,28.0,8.0
1,0,Arts,0,1,64.0,8.0,93.0,28.0,8.0
0,0,No CCA,0,1,68.0,7.0,90.0,27.0,8.0
1,1,Clubs,0,0,53.0,6.0,91.0,25.0,8.0
2,0,Arts,1,1,78.0,9.0,91.0,17.0,8.0
2,0,Sports,0,1,53.0,7.0,94.0,19.0,8.0
1,0,Arts,1,0,57.0,16.0,99.0,26.0,8.0
1,1,No CCA,0,1,85.0,10.0,,22.0,8.0
0,0,Clubs,1,0,86.0,7.0,92.0,24.0,8.0
2,1,No CCA,1,0,74.0,13.0,92.0,15.0,8.0
1,0,Clubs,0,0,50.0,10.0,73.0,30.0,7.0
2,0,Clubs,0,0,44.0,9.0,99.0,24.0,8.0
2,0,Clubs,0,0,56.0,13.0,98.0,19.0,8.0
2,0,Clubs,0,0,62.0,17.0,91.0,20.0,8.0
0,0,Clubs,0,1,65.0,5.0,96.0,22.0,8.0
2,0,Arts,0,0,44.0,10.0,91.0,24.0,8.0
1,0,No CCA,0,1,69.0,17.0,97.0,22.0,8.0
1,0,Sports,1,1,58.0,10.0,94.0,28.0,8.0
2,0,Sports,0,0,41.0,14.0,96.0,22.0,8.0
1,1,Arts,0,0,48.0,10.0,93.0,30.0,8.0
2,0,Arts,0,1,68.0,10.0,96.0,19.0,8.0
0,0,Arts,0,1,65.0,16.0,92.0,22.0,8.0
1,0,Clubs,0,0,62.0,7.0,94.0,31.0,8.0
0,0,Clubs,0,1,68.0,12.0,97.0,27.0,8.0
0,0,No CCA,1,0,88.0,9.0,99.0,23.0,8.0
0,0,No CCA,1,1,90.0,7.0,93.0,23.0,8.0
0,0,No CCA,0,0,89.0,10.0,99.0,22.0,8.0
1,1,Arts,0,1,85.0,7.0,90.0,22.0,8.0
2,1,No CCA,1,0,69.0,17.0,93.0,15.0,8.0
1,1,Clubs,0,0,46.0,2.0,96.0,29.0,8.0
2,1,Clubs,1,1,73.0,8.0,99.0,20.0,8.0
1,0,Arts,0,1,62.0,9.0,96.0,28.0,8.0
1,0,Sports,0,0,51.0,18.0,98.0,30.0,8.0
2,0,Arts,1,1,59.0,7.0,,22.0,8.0
0,0,Arts,1,1,94.0,8.0,91.0,23.0,8.0
0,0,Sports,1,1,92.0,6.0,95.0,23.0,8.0
1,0,Arts,0,0,60.0,16.0,93.0,27.0,8.0
1,0,Clubs,0,0,50.0,8.0,92.0,30.0,8.0
0,1,No CCA,0,1,80.0,5.0,95.0,19.0,8.0
0,0,Arts,0,0,58.0,19.0,98.0,22.0,8.0
2,0,Clubs,0,0,62.0,10.0,98.0,20.0,8.0
0,1,Sports,1,1,79.0,8.0,95.0,17.0,8.0
0,1,Sports,0,1,76.0,4.0,100.0,20.0,8.0
0,0,No CCA,0,1,75.0,8.0,95.0,23.0,8.0
0,0,No CCA,1,0,65.0,10.0,96.0,27.0,8.0
2,0,No CCA,1,1,78.0,5.0,91.0,17.0,7.0
1,1,No CCA,0,1,86.0,7.0,96.0,17.0,8.0
1,0,Clubs,0,0,53.0,9.0,91.0,31.0,8.0
1,1,Sports,0,1,47.0,1.0,95.0,25.0,8.0
2,0,Clubs,0,1,74.0,19.0,91.0,23.0,8.0
0,0,Clubs,0,1,60.0,7.0,94.0,21.0,8.0
0,0,Arts,0,1,69.0,11.0,98.0,22.0,8.0
1,0,Arts,0,0,52.0,19.0,100.0,25.0,8.0
0,0,Clubs,0,1,69.0,7.0,97.0,27.0,8.0
1,0,Clubs,1,1,70.0,15.0,91.0,24.0,7.0
0,0,Clubs,0,0,64.0,9.0,90.0,27.0,8.0
1,0,Clubs,1,1,45.0,4.0,94.0,28.0,8.0
0,0,Clubs,0,1,68.0,14.0,95.0,21.0,8.0
0,0,No CCA,0,1,75.0,8.0,96.0,22.0,8.0
2,0,Clubs,1,1,73.0,12.0,96.0,19.0,8.0
1,0,Arts,0,1,57.0,16.0,92.0,31.0,8.0
1,0,Arts,1,0,45.0,9.0,97.0,30.0,8.0
1,0,Clubs,1,0,50.0,7.0,94.0,30.0,8.0
2,0,Sports,0,0,56.0,6.0,96.0,20.0,8.0
0,0,No CCA,0,1,89.0,5.0,97.0,21.0,8.0
0,0,Arts,0,0,64.0,14.0,94.0,21.0,8.0
1,0,Arts,0,1,54.0,7.0,92.0,25.0,8.0
1,0,Arts,0,0,49.0,1.0,93.0,24.0,8.0
0,0,Arts,0,1,58.0,15.0,98.0,27.0,8.0
1,0,Arts,1,0,45.0,15.0,98.0,30.0,8.0
2,0,Sports,0,0,45.0,13.0,51.0,23.0,5.0
1,1,No CCA,0,0,87.0,6.0,98.0,17.0,8.0
0,0,Clubs,0,0,70.0,17.0,95.0,27.0,8.0
2,1,Arts,1,0,66.0,16.0,97.0,15.0,8.0
2,0,Clubs,1,1,62.0,14.0,99.0,22.0,8.0
0,0,Sports,0,1,71.0,19.0,99.0,23.0,8.0
1,1,Arts,0,0,45.0,5.0,91.0,25.0,7.0
1,1,No CCA,1,1,87.0,10.0,97.0,21.0,8.0
2,0,Sports,0,0,44.0,11.0,91.0,23.0,8.0
1,1,No CCA,0,1,73.0,17.0,94.0,20.0,8.0
0,0,Sports,0,0,59.0,15.0,93.0,22.0,7.0
0,0,No CCA,1,1,90.0,7.0,99.0,23.0,8.0
1,0,Clubs,0,1,58.0,7.0,99.0,27.0,8.0
2,0,Arts,1,0,74.0,13.0,98.0,23.0,8.0
1,0,Sports,0,0,34.0,13.0,99.0,28.0,8.0
1,0,Clubs,0,0,57.0,9.0,,28.0,8.0
1,0,Clubs,0,0,50.0,14.0,83.0,24.0,8.0
2,0,Clubs,0,0,71.0,10.0,100.0,21.0,8.0
1,0,Clubs,0,0,48.0,10.0,95.0,25.0,8.0
2,0,Sports,1,1,43.0,0.0,98.0,22.0,8.0
0,1,Clubs,1,0,80.0,5.0,92.0,21.0,7.0
0,0,Sports,1,0,62.0,16.0,97.0,27.0,8.0
0,0,No CCA,0,1,90.0,7.0,98.0,22.0,8.0
0,0,No CCA,1,1,86.0,8.0,98.0,23.0,8.0
1,0,Sports,0,0,41.0,3.0,,28.0,5.0
1,1,No CCA,1,1,92.0,9.0,90.0,21.0,8.0
1,1,Clubs,1,0,48.0,15.0,96.0,30.0,8.0
1,0,Sports,1,1,45.0,8.0,99.0,30.0,8.0
2,0,Arts,0,1,67.0,14.0,97.0,21.0,8.0
1,0,Clubs,0,1,59.0,17.0,92.0,27.0,8.0
0,0,Clubs,1,0,76.0,18.0,96.0,27.0,8.0
0,0,No CCA,0,1,89.0,7.0,100.0,22.0,8.0
0,0,Sports,0,1,69.0,7.0,92.0,21.0,8.0
2,0,Sports,0,1,57.0,20.0,98.0,22.0,8.0
2,0,Clubs,1,1,74.0,19.0,91.0,17.0,8.0
2,0,Sports,0,1,65.0,6.0,94.0,23.0,8.0
2,1,Clubs,1,0,71.0,17.0,92.0,20.0,8.0
1,1,Arts,0,0,45.0,3.0,,24.0,8.0
1,0,Clubs,0,0,48.0,10.0,87.0,30.0,8.0
1,0,Sports,1,1,49.0,7.0,56.0,30.0,5.0
2,0,Sports,1,1,77.0,10.0,99.0,17.0,8.0
1,0,Clubs,1,0,50.0,6.0,100.0,30.0,8.0
2,0,No CCA,1,1,57.0,17.0,100.0,22.0,8.0
1,0,Clubs,0,0,51.0,11.0,98.0,25.0,8.0
1,0,Arts,0,0,54.0,18.0,97.0,24.0,8.0
1,1,Sports,0,1,45.0,15.0,50.0,24.0,5.0
0,0,Sports,1,0,75.0,10.0,95.0,27.0,8.0
0,1,Sports,0,1,79.0,6.0,97.0,20.0,8.0
0,0,Sports,0,0,60.0,20.0,96.0,27.0,8.0
1,0,Arts,1,1,69.0,10.0,94.0,24.0,8.0
2,0,Arts,0,0,45.0,11.0,54.0,24.0,4.0
2,1,Clubs,0,0,56.0,17.0,93.0,16.0,8.0
0,0,Arts,0,1,67.0,16.0,94.0,27.0,8.0
1,0,Arts,0,0,49.0,9.0,96.0,25.0,8.0
0,0,No CCA,0,1,95.0,5.0,98.0,25.0,8.0
2,0,No CCA,1,0,83.0,9.0,91.0,17.0,8.0
1,0,Arts,1,1,78.0,6.0,97.0,25.0,8.0
1,1,Sports,1,0,62.0,13.0,92.0,27.0,7.0
0,1,Clubs,1,1,85.0,8.0,97.0,17.0,8.0
0,0,Arts,1,1,68.0,15.0,94.0,22.0,7.0
2,1,Arts,1,0,64.0,13.0,94.0,15.0,8.0
1,0,Clubs,0,1,63.0,20.0,99.0,22.0,8.0
0,1,No CCA,1,1,83.0,7.0,98.0,18.0,8.0
0,0,Sports,0,0,54.0,10.0,93.0,21.0,8.0
2,1,Clubs,1,0,71.0,10.0,96.0,20.0,8.0
0,1,No CCA,1,0,81.0,9.0,92.0,18.0,7.0
1,1,Clubs,0,1,77.0,8.0,99.0,20.0,8.0
2,0,Clubs,0,0,61.0,17.0,100.0,20.0,8.0
1,0,Arts,0,1,67.0,14.0,93.0,22.0,8.0
2,1,Arts,0,0,42.0,3.0,100.0,24.0,8.0
2,0,Sports,0,1,68.0,11.0,97.0,23.0,8.0
2,0,Arts,1,1,59.0,9.0,99.0,22.0,8.0
1,0,No CCA,1,0,73.0,9.0,98.0,25.0,8.0
0,0,Sports,0,1,77.0,9.0,93.0,21.0,8.0
2,0,No CCA,1,0,69.0,18.0,100.0,22.0,8.0
1,0,Arts,0,1,67.0,5.0,96.0,28.0,8.0
2,0,Sports,0,1,60.0,9.0,94.0,22.0,8.0
1,0,Clubs,1,1,49.0,14.0,67.0,30.0,6.0
2,1,No CCA,1,1,77.0,7.0,93.0,14.0,8.0
0,1,No CCA,1,1,89.0,5.0,96.0,17.0,8.0
1,1,Clubs,1,1,76.0,10.0,96.0,17.0,8.0
0,0,Clubs,0,0,63.0,20.0,97.0,27.0,8.0
0,0,Clubs,0,1,95.0,8.0,97.0,21.0,8.0
1,1,Arts,1,0,57.0,6.0,91.0,27.0,8.0
1,0,Sports,0,1,66.0,10.0,93.0,22.0,8.0
0,0,Clubs,0,0,66.0,18.0,95.0,22.0,8.0
1,0,Clubs,1,1,57.0,20.0,93.0,28.0,7.0
1,0,Sports,1,0,57.0,19.0,94.0,26.0,8.0
0,0,No CCA,0,0,66.0,11.0,99.0,20.0,8.0
1,0,Arts,0,1,52.0,17.0,97.0,30.0,8.0
2,0,No CCA,0,0,41.0,9.0,94.0,23.0,8.0
0,0,Clubs,1,0,74.0,10.0,98.0,28.0,8.0
0,1,No CCA,1,1,81.0,7.0,98.0,17.0,8.0
2,0,Arts,0,1,58.0,16.0,95.0,18.0,8.0
1,0,Arts,0,1,63.0,19.0,98.0,27.0,8.0
0,0,No CCA,0,1,69.0,12.0,98.0,21.0,8.0
0,0,No CCA,1,1,74.0,12.0,91.0,28.0,8.0
1,0,Clubs,1,1,62.0,6.0,97.0,27.0,8.0
2,0,No CCA,1,0,70.0,10.0,98.0,23.0,8.0
1,0,Clubs,1,0,51.0,12.0,91.0,30.0,8.0
1,0,Sports,0,1,66.0,12.0,98.0,27.0,8.0
0,0,No CCA,1,1,93.0,6.0,,21.0,8.0
1,0,Clubs,0,0,59.0,17.0,99.0,31.0,8.0
1,0,Clubs,1,0,51.0,18.0,95.0,24.0,8.0
2,1,No CCA,1,1,78.0,7.0,96.0,14.0,8.0
2,1,Arts,0,0,43.0,5.0,91.0,24.0,8.0
0,0,No CCA,1,0,82.0,10.0,92.0,27.0,8.0
1,1,No CCA,0,1,80.0,7.0,97.0,17.0,8.0
2,0,Sports,1,1,73.0,10.0,98.0,19.0,8.0
1,0,Arts,1,0,48.0,6.0,96.0,30.0,8.0
0,1,Sports,1,1,72.0,8.0,99.0,15.0,8.0
0,0,Clubs,0,0,55.0,9.0,96.0,22.0,8.0
2,0,No CCA,0,0,76.0,8.0,96.0,21.0,8.0
1,0,Sports,0,0,50.0,15.0,99.0,29.0,8.0
0,1,Clubs,1,1,80.0,9.0,95.0,21.0,8.0
2,0,Sports,1,1,68.0,9.0,98.0,23.0,8.0
0,0,No CCA,0,1,94.0,5.0,93.0,21.0,8.0
2,0,Sports,0,0,49.0,11.0,90.0,22.0,8.0
1,0,Arts,0,0,32.0,7.0,,28.0,8.0
1,1,Arts,1,1,67.0,18.0,90.0,27.0,8.0
1,0,Arts,0,1,63.0,19.0,99.0,22.0,8.0
0,0,Sports,0,1,81.0,9.0,97.0,22.0,8.0
2,0,Arts,1,1,80.0,6.0,99.0,17.0,8.0
0,0,Sports,1,0,94.0,8.0,98.0,23.0,8.0
1,0,Sports,0,1,70.0,16.0,91.0,28.0,8.0
2,0,Arts,0,0,73.0,20.0,,21.0,8.0
1,1,Sports,1,0,57.0,16.0,99.0,27.0,8.0
1,1,No CCA,1,1,100.0,6.0,90.0,17.0,8.0
0,0,Arts,1,1,79.0,5.0,97.0,28.0,8.0
1,1,No CCA,0,1,80.0,9.0,98.0,22.0,8.0
2,0,Clubs,0,1,58.0,16.0,92.0,22.0,8.0
1,0,Arts,1,0,49.0,2.0,86.0,30.0,7.0
1,1,Arts,0,1,79.0,7.0,91.0,20.0,8.0
0,0,Sports,0,1,77.0,8.0,91.0,21.0,8.0
0,1,No CCA,1,0,91.0,10.0,94.0,20.0,8.0
1,0,Arts,0,0,58.0,16.0,96.0,31.0,8.0
0,0,Arts,0,1,70.0,16.0,95.0,27.0,8.0
1,0,Arts,0,0,54.0,11.0,93.0,31.0,8.0
0,1,Arts,1,0,83.0,5.0,93.0,20.0,8.0
2,0,No CCA,1,1,70.0,15.0,,22.0,8.0
1,0,No CCA,0,1,63.0,11.0,96.0,22.0,8.0
1,0,Clubs,1,0,49.0,9.0,92.0,30.0,8.0
0,0,Clubs,1,0,66.0,19.0,92.0,27.0,8.0
2,1,No CCA,1,0,81.0,9.0,93.0,18.0,8.0
1,0,Clubs,1,1,68.0,9.0,99.0,28.0,8.0
1,0,Arts,0,1,53.0,8.0,98.0,24.0,8.0
0,1,Sports,1,1,79.0,6.0,91.0,20.0,8.0
2,0,Sports,0,1,62.0,5.0,92.0,20.0,8.0
0,1,Sports,1,0,69.0,13.0,90.0,16.0,8.0
0,0,Sports,1,1,93.0,9.0,97.0,19.0,8.0
0,1,No CCA,1,1,82.0,10.0,99.0,19.0,8.0
1,0,No CCA,1,1,67.0,15.0,100.0,22.0,8.0
1,0,Clubs,0,0,53.0,5.0,92.0,31.0,8.0
0,0,Arts,1,1,79.0,8.0,95.0,24.0,8.0
1,0,Arts,0,0,55.0,13.0,96.0,27.0,8.0
2,0,Arts,0,1,74.0,16.0,98.0,23.0,8.0
0,0,Clubs,0,1,72.0,16.0,97.0,23.0,8.0
0,1,Sports,1,1,81.0,7.0,94.0,18.0,8.0
1,0,Sports,1,0,47.0,13.0,56.0,30.0,6.0
1,0,Arts,0,1,65.0,12.0,93.0,28.0,8.0
0,0,Arts,1,0,75.0,15.0,93.0,27.0,8.0
2,0,Sports,1,1,60.0,14.0,96.0,22.0,8.0
1,0,No CCA,1,1,74.0,11.0,91.0,24.0,8.0
0,1,No CCA,0,1,72.0,10.0,98.0,16.0,8.0
0,0,No CCA,0,0,67.0,13.0,97.0,27.0,8.0
0,1,Sports,0,0,62.0,17.0,96.0,16.0,8.0
2,1,No CCA,1,1,81.0,6.0,91.0,18.0,8.0
1,1,Sports,1,0,61.0,7.0,91.0,27.0,7.0
1,1,No CCA,0,1,66.0,17.0,99.0,21.0,8.0
0,0,Clubs,0,1,88.0,8.0,92.0,25.0,8.0
2,1,Arts,1,1,83.0,10.0,98.0,18.0,8.0
1,1,Arts,0,0,55.0,11.0,93.0,25.0,8.0
0,0,Arts,1,1,74.0,13.0,90.0,28.0,8.0
0,0,Sports,0,0,53.0,16.0,91.0,21.0,7.0
0,0,Sports,0,1,68.0,18.0,95.0,21.0,8.0
1,0,No CCA,0,1,69.0,14.0,99.0,28.0,8.0
1,0,Sports,0,1,64.0,5.0,94.0,28.0,8.0
0,0,Clubs,0,0,67.0,20.0,99.0,27.0,8.0
2,1,No CCA,1,1,88.0,6.0,94.0,18.0,8.0
2,0,Sports,0,1,67.0,9.0,90.0,23.0,7.0
2,0,No CCA,0,1,68.0,13.0,92.0,19.0,8.0
0,0,Sports,1,1,91.0,7.0,91.0,23.0,8.0
2,0,Sports,1,0,78.0,9.0,100.0,17.0,8.0
0,0,Sports,1,1,75.0,11.0,97.0,28.0,8.0
0,0,No CCA,0,0,65.0,10.0,99.0,27.0,8.0
2,0,Sports,1,0,45.0,8.0,90.0,24.0,8.0
1,1,Arts,1,1,77.0,7.0,94.0,20.0,8.0
2,0,Clubs,0,1,75.0,5.0,94.0,21.0,8.0
2,0,Sports,1,0,67.0,12.0,92.0,22.0,8.0
2,0,Sports,0,1,42.0,10.0,90.0,23.0,8.0
0,0,Clubs,1,0,61.0,7.0,92.0,20.0,8.0
0,0,Sports,1,1,78.0,8.0,99.0,24.0,8.0
0,1,Clubs,1,1,75.0,10.0,98.0,16.0,8.0
0,0,Arts,1,1,74.0,6.0,93.0,24.0,8.0
0,0,Sports,0,1,64.0,12.0,95.0,21.0,8.0
1,0,Clubs,0,1,63.0,14.0,98.0,22.0,8.0
2,1,Clubs,0,1,42.0,1.0,78.0,22.0,8.0
1,1,Arts,0,1,49.0,11.0,99.0,25.0,8.0
1,0,Arts,1,1,39.0,5.0,97.0,30.0,8.0
0,0,Clubs,1,1,72.0,13.0,91.0,22.0,8.0
1,0,Arts,0,0,51.0,12.0,93.0,29.0,8.0
0,0,No CCA,1,0,65.0,8.0,,21.0,8.0
0,0,Clubs,1,1,63.0,5.0,95.0,20.0,8.0
0,1,No CCA,0,1,84.0,8.0,92.0,21.0,8.0
1,1,No CCA,1,1,96.0,7.0,97.0,17.0,8.0
0,0,No CCA,1,1,87.0,7.0,93.0,23.0,8.0
1,0,Clubs,0,0,62.0,11.0,98.0,27.0,8.0
2,0,Arts,0,1,64.0,18.0,92.0,20.0,8.0
1,0,No CCA,1,1,59.0,12.0,96.0,26.0,8.0
1,1,Sports,0,0,79.0,6.0,92.0,21.0,8.0
1,0,Sports,0,1,57.0,5.0,95.0,30.0,8.0
2,0,Clubs,1,0,70.0,14.0,98.0,23.0,8.0
1,1,Clubs,0,0,32.0,0.0,92.0,28.0,8.0
2,0,Sports,0,1,46.0,1.0,85.0,23.0,8.0
0,0,Sports,0,0,55.0,16.0,96.0,22.0,8.0
0,0,Arts,1,0,93.0,6.0,94.0,23.0,8.0
0,0,Sports,1,0,59.0,13.0,98.0,22.0,8.0
1,1,No CCA,0,1,88.0,7.0,98.0,22.0,8.0
0,0,No CCA,0,1,72.0,6.0,93.0,27.0,8.0
0,1,Clubs,0,0,69.0,7.0,91.0,19.0,8.0
1,1,No CCA,0,1,69.0,11.0,90.0,21.0,8.0
1,0,Arts,0,0,55.0,19.0,98.0,30.0,8.0
2,1,Clubs,1,0,72.0,16.0,96.0,20.0,8.0
2,0,Clubs,0,1,36.0,3.0,90.0,22.0,8.0
0,0,Arts,0,0,63.0,16.0,96.0,27.0,8.0
0,0,Sports,0,0,66.0,18.0,97.0,27.0,8.0
1,0,Sports,0,1,54.0,5.0,98.0,24.0,8.0
2,1,Arts,1,0,67.0,13.0,92.0,20.0,8.0
0,0,Arts,1,1,80.0,8.0,92.0,24.0,8.0
2,0,Arts,0,1,72.0,5.0,91.0,21.0,8.0
1,1,No CCA,0,0,84.0,8.0,98.0,22.0,8.0
1,1,Arts,0,1,76.0,9.0,94.0,21.0,8.0
1,0,Arts,1,0,51.0,8.0,92.0,25.0,8.0
1,1,No CCA,0,0,86.0,9.0,95.0,17.0,8.0
1,1,Clubs,1,0,87.0,6.0,91.0,17.0,8.0
2,0,Arts,0,1,72.0,15.0,96.0,21.0,8.0
1,1,Arts,1,1,82.0,9.0,99.0,17.0,8.0
2,0,No CCA,1,1,81.0,9.0,90.0,17.0,7.0
1,0,Sports,0,0,51.0,16.0,97.0,30.0,8.0
1,0,Sports,1,1,72.0,5.0,92.0,24.0,8.0
0,1,Arts,1,0,74.0,8.0,91.0,15.0,8.0
2,0,Sports,0,1,58.0,9.0,97.0,18.0,8.0
2,0,No CCA,1,1,80.0,8.0,99.0,17.0,8.0
2,0,Sports,0,0,62.0,18.0,96.0,20.0,8.0
0,0,No CCA,0,1,68.0,15.0,96.0,23.0,8.0
1,0,Clubs,0,1,56.0,15.0,97.0,27.0,8.0
1,1,Sports,0,1,68.0,7.0,96.0,21.0,8.0
2,0,No CCA,1,1,79.0,6.0,94.0,17.0,8.0
2,0,Sports,0,0,53.0,20.0,90.0,19.0,8.0
2,0,Sports,0,1,70.0,8.0,98.0,21.0,8.0
0,0,Arts,1,1,74.0,15.0,91.0,21.0,8.0
1,0,Arts,1,1,59.0,11.0,97.0,26.0,8.0
0,0,Clubs,0,0,68.0,14.0,97.0,27.0,8.0
2,0,Clubs,0,1,55.0,13.0,91.0,18.0,8.0
2,1,No CCA,1,1,78.0,5.0,94.0,14.0,8.0
1,0,Clubs,0,1,58.0,14.0,92.0,31.0,8.0
1,0,Sports,1,1,55.0,11.0,95.0,30.0,8.0
2,1,Clubs,1,0,85.0,10.0,97.0,18.0,8.0
0,1,No CCA,1,0,87.0,8.0,99.0,17.0,8.0
1,1,Sports,0,1,70.0,17.0,98.0,19.0,8.0
1,1,Clubs,1,0,48.0,14.0,95.0,30.0,8.0
2,0,Clubs,1,0,54.0,20.0,91.0,20.0,7.0
0,1,Arts,0,1,70.0,5.0,94.0,16.0,8.0
0,0,Sports,1,1,63.0,19.0,100.0,20.0,8.0
2,0,Sports,0,1,76.0,9.0,99.0,21.0,8.0
0,0,Arts,0,1,93.0,6.0,92.0,25.0,8.0
1,1,Sports,0,1,72.0,18.0,99.0,17.0,8.0
0,1,No CCA,1,0,82.0,7.0,94.0,15.0,8.0
1,0,No CCA,1,1,60.0,11.0,96.0,28.0,8.0
1,0,No CCA,0,0,44.0,1.0,93.0,24.0,8.0
1,1,Sports,1,1,75.0,7.0,96.0,17.0,8.0
1,0,No CCA,1,0,56.0,16.0,96.0,26.0,8.0
0,0,Sports,0,1,64.0,18.0,91.0,27.0,7.0
0,0,Arts,1,0,53.0,15.0,94.0,20.0,8.0
1,0,Clubs,1,1,55.0,12.0,98.0,26.0,8.0
0,0,No CCA,0,1,77.0,9.0,97.0,23.0,8.0
1,0,Arts,1,1,61.0,15.0,92.0,28.0,8.0
2,0,No CCA,1,0,66.0,6.0,94.0,23.0,8.0
1,0,Sports,0,0,54.0,9.0,90.0,31.0,7.0
2,0,Clubs,1,0,68.0,18.0,99.0,22.0,8.0
1,0,Clubs,0,1,46.0,11.0,63.0,30.0,5.0
1,0,Sports,1,0,57.0,12.0,90.0,28.0,8.0
1,0,Sports,1,1,74.0,17.0,100.0,24.0,8.0
0,0,Clubs,0,1,79.0,10.0,98.0,23.0,8.0
0,0,Arts,0,1,73.0,7.0,95.0,23.0,8.0
1,0,Clubs,0,1,51.0,6.0,99.0,24.0,8.0
0,0,Arts,1,1,59.0,17.0,,27.0,8.0
0,0,Sports,0,0,69.0,11.0,98.0,22.0,8.0
1,0,Arts,0,0,50.0,6.0,98.0,24.0,8.0
1,0,Clubs,0,0,42.0,6.0,95.0,24.0,8.0
1,0,Sports,1,0,55.0,16.0,91.0,26.0,8.0
2,1,Clubs,0,1,65.0,16.0,94.0,16.0,8.0
0,0,No CCA,1,0,65.0,11.0,96.0,27.0,8.0
1,1,Arts,0,1,63.0,7.0,100.0,21.0,8.0
0,0,No CCA,1,0,90.0,9.0,95.0,23.0,8.0
0,0,Clubs,1,0,54.0,7.0,96.0,21.0,8.0
2,1,Arts,1,0,73.0,6.0,99.0,15.0,8.0
0,0,No CCA,0,1,95.0,7.0,94.0,21.0,8.0
1,0,Arts,1,1,54.0,7.0,98.0,30.0,8.0
1,0,Clubs,0,0,49.0,4.0,95.0,24.0,8.0
1,0,Sports,0,0,43.0,6.0,86.0,24.0,7.0
0,1,Arts,1,1,79.0,9.0,93.0,20.0,8.0
0,0,No CCA,1,1,95.0,8.0,96.0,19.0,8.0
2,0,Arts,0,1,59.0,14.0,91.0,20.0,8.0
1,0,Clubs,1,1,44.0,3.0,93.0,30.0,8.0
1,0,Sports,1,0,52.0,18.0,96.0,30.0,8.0
2,1,No CCA,1,0,72.0,15.0,96.0,20.0,8.0
2,0,Sports,0,0,59.0,17.0,92.0,20.0,8.0
1,0,Sports,0,0,59.0,12.0,93.0,27.0,8.0
1,0,Sports,0,0,59.0,11.0,98.0,27.0,8.0
0,0,Arts,1,1,74.0,6.0,90.0,23.0,8.0
1,0,Sports,1,1,65.0,10.0,91.0,24.0,7.0
1,0,No CCA,1,1,69.0,12.0,,24.0,8.0
1,0,Clubs,1,0,49.0,7.0,92.0,30.0,8.0
0,1,Sports,1,1,85.0,7.0,95.0,16.0,8.0
1,0,Arts,1,1,46.0,15.0,93.0,30.0,8.0
1,1,No CCA,1,1,85.0,7.0,,17.0,8.0
0,0,Sports,0,0,61.0,10.0,94.0,27.0,8.0
0,0,No CCA,1,0,79.0,7.0,96.0,27.0,8.0
0,1,Sports,0,1,79.0,8.0,100.0,20.0,8.0
1,0,Sports,0,1,39.0,8.0,40.0,28.0,4.0
2,0,Clubs,0,1,68.0,18.0,99.0,23.0,8.0
0,1,Clubs,0,1,72.0,15.0,96.0,19.0,8.0
0,1,Clubs,0,1,70.0,13.0,95.0,16.0,8.0
0,0,Clubs,0,1,72.0,19.0,95.0,21.0,8.0
2,0,Arts,1,1,75.0,14.0,96.0,19.0,8.0
2,0,Sports,0,0,55.0,10.0,95.0,20.0,8.0
0,0,No CCA,0,1,86.0,7.0,94.0,22.0,8.0
1,0,No CCA,0,1,52.0,5.0,98.0,30.0,8.0
2,0,Arts,0,1,55.0,18.0,92.0,18.0,8.0
0,0,No CCA,0,1,81.0,5.0,96.0,22.0,8.0
0,0,No CCA,1,0,85.0,9.0,98.0,24.0,8.0
0,0,Clubs,1,1,79.0,10.0,90.0,24.0,8.0
0,1,Clubs,0,1,78.0,9.0,92.0,15.0,8.0
0,0,Arts,0,0,64.0,17.0,98.0,21.0,8.0
1,0,No CCA,0,1,63.0,17.0,91.0,28.0,8.0
1,0,Sports,0,1,49.0,4.0,85.0,24.0,8.0
1,1,No CCA,0,0,82.0,8.0,99.0,17.0,8.0
1,1,Sports,0,0,48.0,3.0,66.0,25.0,6.0
0,1,No CCA,0,1,83.0,6.0,99.0,15.0,8.0
1,0,No CCA,0,1,63.0,10.0,98.0,22.0,8.0
0,0,Sports,0,1,58.0,7.0,94.0,27.0,8.0
1,1,No CCA,0,0,43.0,1.0,90.0,28.0,8.0
1,1,Clubs,1,0,52.0,8.0,97.0,27.0,8.0
1,1,Clubs,1,1,57.0,15.0,93.0,27.0,8.0
1,0,No CCA,1,1,66.0,8.0,92.0,24.0,8.0
1,1,Arts,0,1,80.0,9.0,95.0,17.0,8.0
0,0,No CCA,0,1,93.0,7.0,90.0,22.0,8.0
1,0,Sports,0,0,40.0,0.0,41.0,24.0,4.0
1,0,Clubs,0,1,62.0,17.0,90.0,22.0,8.0
0,0,Arts,1,0,80.0,6.0,96.0,24.0,8.0
0,0,Sports,0,0,59.0,8.0,94.0,22.0,8.0
1,0,Sports,0,1,66.0,15.0,92.0,22.0,8.0
1,0,Clubs,1,1,59.0,9.0,96.0,26.0,8.0
2,0,No CCA,0,0,66.0,7.0,96.0,23.0,8.0
1,1,Arts,1,1,98.0,6.0,94.0,17.0,8.0
1,0,Arts,0,0,60.0,17.0,94.0,27.0,8.0
0,0,No CCA,1,1,74.0,5.0,95.0,28.0,8.0
1,0,Clubs,0,0,49.0,3.0,92.0,25.0,8.0
1,0,No CCA,0,1,74.0,13.0,97.0,28.0,8.0
0,1,Arts,0,1,80.0,9.0,,20.0,8.0
1,0,Sports,0,1,51.0,7.0,99.0,29.0,8.0
1,0,Arts,0,1,54.0,12.0,98.0,24.0,8.0
1,0,Arts,0,0,47.0,2.0,58.0,30.0,4.0
1,1,Clubs,1,1,100.0,10.0,99.0,17.0,8.0
2,0,Arts,1,0,43.0,8.0,80.0,24.0,8.0
1,0,Arts,1,0,56.0,16.0,,28.0,8.0
1,0,Sports,1,1,76.0,6.0,100.0,25.0,8.0
1,0,Clubs,0,0,59.0,13.0,93.0,27.0,8.0
1,0,Sports,1,1,79.0,8.0,,25.0,8.0
1,0,Sports,0,1,63.0,7.0,94.0,27.0,8.0
2,0,Arts,0,0,62.0,19.0,90.0,23.0,8.0
0,1,Sports,0,1,79.0,8.0,100.0,20.0,8.0
0,0,Clubs,0,0,95.0,5.0,96.0,21.0,8.0
1,1,No CCA,0,1,72.0,16.0,95.0,21.0,8.0
0,0,No CCA,0,1,73.0,8.0,94.0,23.0,8.0
0,0,No CCA,0,0,64.0,7.0,93.0,27.0,8.0
1,0,Clubs,1,1,55.0,20.0,94.0,30.0,8.0
0,0,Sports,0,0,66.0,20.0,95.0,20.0,8.0
2,0,Arts,1,0,65.0,6.0,95.0,22.0,8.0
0,0,No CCA,1,1,91.0,8.0,98.0,24.0,8.0
1,0,Sports,1,1,58.0,13.0,94.0,28.0,8.0
0,1,Arts,0,0,74.0,6.0,93.0,19.0,8.0
1,0,No CCA,0,1,61.0,18.0,90.0,22.0,7.0
0,0,No CCA,1,1,83.0,8.0,90.0,24.0,8.0
0,0,Arts,0,1,65.0,19.0,100.0,22.0,8.0
0,0,Sports,0,0,55.0,16.0,,21.0,8.0
1,0,Clubs,0,0,66.0,20.0,98.0,22.0,8.0
1,0,No CCA,0,1,72.0,20.0,92.0,28.0,8.0
2,0,Sports,1,0,68.0,14.0,91.0,23.0,8.0
1,1,No CCA,1,0,82.0,9.0,100.0,17.0,8.0
1,1,Sports,1,0,62.0,19.0,97.0,27.0,8.0
0,0,Arts,0,0,54.0,15.0,91.0,21.0,8.0
2,0,Arts,0,1,62.0,15.0,92.0,20.0,8.0
1,0,Sports,1,1,59.0,19.0,95.0,27.0,8.0
1,0,Sports,0,1,60.0,15.0,90.0,22.0,8.0
1,0,Arts,1,1,75.0,7.0,91.0,25.0,8.0
0,1,Sports,0,1,72.0,15.0,,15.0,8.0
2,0,No CCA,0,0,56.0,16.0,92.0,20.0,8.0
2,1,Clubs,1,0,73.0,19.0,93.0,20.0,8.0
1,0,Clubs,0,0,41.0,3.0,72.0,24.0,5.0
2,0,Clubs,0,1,71.0,17.0,99.0,23.0,8.0
2,0,Clubs,0,0,41.0,7.0,64.0,22.0,6.0
0,0,Sports,0,0,49.0,5.0,90.0,22.0,8.0
0,0,Arts,1,0,73.0,15.0,91.0,28.0,8.0
1,1,No CCA,1,1,96.0,7.0,94.0,17.0,8.0
0,0,Sports,0,0,94.0,6.0,96.0,25.0,8.0
1,1,Arts,0,1,75.0,9.0,97.0,20.0,8.0
0,0,Clubs,0,0,78.0,7.0,96.0,22.0,8.0
1,0,Clubs,0,1,62.0,8.0,95.0,31.0,8.0
2,0,Arts,0,0,38.0,2.0,60.0,23.0,5.0
2,0,No CCA,0,1,75.0,16.0,95.0,21.0,8.0
2,1,Arts,1,1,78.0,8.0,94.0,14.0,8.0
0,0,Sports,0,0,60.0,15.0,,27.0,8.0
2,0,Arts,1,0,69.0,15.0,91.0,23.0,8.0
2,0,Sports,0,0,43.0,14.0,69.0,22.0,6.0
0,0,Arts,0,1,94.0,8.0,93.0,21.0,8.0
0,0,No CCA,0,0,92.0,7.0,94.0,22.0,8.0
0,1,Sports,1,0,77.0,8.0,98.0,18.0,8.0
1,0,Clubs,1,0,54.0,11.0,95.0,26.0,8.0
2,1,Arts,0,0,40.0,6.0,67.0,22.0,6.0
2,0,Clubs,1,1,58.0,9.0,98.0,22.0,8.0
2,0,Clubs,0,1,59.0,8.0,98.0,22.0,8.0
0,0,No CCA,0,1,65.0,15.0,94.0,22.0,7.0
1,1,No CCA,1,1,75.0,9.0,98.0,21.0,8.0
1,1,No CCA,0,0,49.0,2.0,96.0,29.0,8.0
0,0,Clubs,0,1,69.0,7.0,91.0,22.0,7.0
2,0,Sports,0,0,54.0,5.0,91.0,20.0,8.0
2,1,Sports,1,0,78.0,8.0,99.0,14.0,8.0
0,1,No CCA,1,1,88.0,9.0,,17.0,8.0
0,0,Arts,0,1,68.0,8.0,96.0,22.0,8.0
1,0,Sports,0,0,40.0,12.0,74.0,24.0,5.0
2,0,Clubs,1,1,50.0,10.0,92.0,22.0,8.0
1,1,Sports,0,1,76.0,13.0,93.0,20.0,8.0
0,1,Sports,1,1,87.0,9.0,,16.0,8.0
1,0,Arts,1,1,79.0,6.0,97.0,25.0,8.0
0,0,Arts,0,0,77.0,9.0,94.0,21.0,7.0
0,0,No CCA,1,1,78.0,6.0,97.0,28.0,8.0
2,1,Sports,1,1,78.0,5.0,97.0,14.0,8.0
2,0,Clubs,0,1,70.0,11.0,98.0,19.0,8.0
1,0,Arts,0,1,61.0,18.0,92.0,22.0,8.0
0,0,Arts,0,0,57.0,19.0,100.0,27.0,8.0
2,0,No CCA,1,1,79.0,6.0,99.0,19.0,8.0
0,0,Clubs,0,0,57.0,20.0,91.0,27.0,8.0
2,0,Clubs,1,1,58.0,15.0,95.0,22.0,8.0
1,0,No CCA,1,1,76.0,9.0,95.0,25.0,8.0
1,1,Sports,1,0,55.0,17.0,100.0,27.0,8.0
2,0,Sports,1,0,55.0,14.0,95.0,22.0,8.0
1,0,Arts,0,1,62.0,15.0,100.0,28.0,8.0
1,1,Sports,0,0,79.0,10.0,100.0,21.0,8.0
2,0,Sports,0,1,64.0,16.0,92.0,20.0,8.0
1,0,Sports,0,1,67.0,8.0,99.0,28.0,8.0
0,1,Arts,1,1,71.0,13.0,95.0,16.0,8.0
0,0,Arts,0,0,63.0,7.0,93.0,27.0,8.0
0,0,Arts,0,0,67.0,15.0,95.0,27.0,8.0
1,1,Arts,0,0,49.0,13.0,95.0,25.0,8.0
2,0,No CCA,1,1,73.0,7.0,,19.0,8.0
1,1,Clubs,1,1,82.0,7.0,96.0,17.0,8.0
0,0,Arts,0,1,74.0,11.0,97.0,22.0,8.0
0,1,Clubs,1,0,73.0,10.0,95.0,16.0,8.0
1,0,Arts,0,1,61.0,13.0,94.0,22.0,8.0
1,0,Clubs,1,0,53.0,10.0,96.0,30.0,8.0
1,1,Sports,1,1,88.0,5.0,94.0,17.0,8.0
2,0,No CCA,0,1,53.0,6.0,90.0,19.0,8.0
1,0,Clubs,0,1,61.0,7.0,93.0,24.0,8.0
1,0,Arts,0,1,57.0,5.0,90.0,22.0,8.0
2,0,Arts,0,0,45.0,12.0,96.0,24.0,8.0
1,0,No CCA,0,0,62.0,20.0,97.0,27.0,8.0
1,0,No CCA,1,1,79.0,7.0,90.0,25.0,8.0
0,0,Arts,0,0,61.0,17.0,92.0,22.0,8.0
1,1,Arts,0,1,80.0,7.0,90.0,17.0,8.0
1,1,Sports,0,0,51.0,12.0,91.0,25.0,8.0
1,0,Arts,0,1,57.0,10.0,94.0,24.0,8.0
1,1,Clubs,1,0,47.0,13.0,67.0,30.0,6.0
2,1,Clubs,1,0,78.0,7.0,94.0,14.0,8.0
0,1,No CCA,1,0,81.0,7.0,96.0,15.0,8.0
1,0,Clubs,0,0,60.0,7.0,91.0,27.0,8.0
2,1,Arts,1,1,76.0,10.0,92.0,14.0,8.0
1,0,Arts,0,1,57.0,10.0,,31.0,8.0
1,0,Arts,0,1,58.0,8.0,90.0,28.0,7.0
1,1,Arts,0,1,79.0,9.0,,20.0,8.0
1,0,Sports,0,1,57.0,14.0,98.0,31.0,8.0
1,0,Arts,0,0,50.0,4.0,79.0,30.0,8.0
1,0,Arts,0,1,59.0,13.0,93.0,31.0,8.0
0,0,Clubs,1,0,73.0,13.0,96.0,27.0,8.0
0,0,Sports,0,0,62.0,6.0,99.0,27.0,8.0
1,0,Clubs,0,0,62.0,19.0,98.0,28.0,8.0
0,1,Sports,1,0,77.0,9.0,100.0,15.0,8.0
0,0,Arts,0,1,77.0,9.0,97.0,21.0,8.0
0,0,Sports,1,1,95.0,6.0,98.0,23.0,8.0
1,0,No CCA,1,1,69.0,9.0,95.0,22.0,8.0
1,0,Arts,0,0,47.0,6.0,72.0,25.0,7.0
0,1,Sports,1,0,69.0,14.0,99.0,16.0,8.0
0,1,Arts,0,1,77.0,5.0,96.0,20.0,8.0
0,1,No CCA,0,1,75.0,8.0,93.0,16.0,8.0
0,0,No CCA,1,1,85.0,9.0,96.0,23.0,8.0
0,0,Clubs,0,0,68.0,13.0,90.0,27.0,8.0
1,1,Sports,0,1,44.0,11.0,91.0,25.0,8.0
2,0,Clubs,0,1,58.0,19.0,94.0,22.0,8.0
2,0,Clubs,1,1,78.0,6.0,100.0,17.0,8.0
0,0,Clubs,0,0,50.0,9.0,96.0,22.0,8.0
1,0,Arts,0,1,64.0,9.0,100.0,24.0,8.0
1,0,Clubs,1,0,60.0,19.0,95.0,27.0,8.0
0,0,Arts,1,1,87.0,6.0,95.0,23.0,8.0
0,0,Clubs,1,1,86.0,6.0,98.0,24.0,8.0
0,1,Sports,1,0,87.0,7.0,99.0,20.0,8.0
0,0,Arts,0,1,67.0,5.0,93.0,21.0,8.0
0,0,No CCA,1,0,81.0,6.0,98.0,27.0,8.0
1,1,Arts,1,0,88.0,9.0,90.0,17.0,8.0
1,0,Sports,0,0,50.0,15.0,98.0,29.0,8.0
0,0,Arts,1,0,74.0,11.0,,28.0,8.0
2,0,Clubs,0,1,71.0,16.0,94.0,19.0,8.0
1,1,Arts,1,1,91.0,8.0,98.0,21.0,8.0
2,1,Arts,1,1,74.0,18.0,94.0,14.0,8.0
0,0,No CCA,0,1,91.0,7.0,91.0,25.0,7.0
0,0,No CCA,1,1,68.0,17.0,99.0,22.0,8.0
1,0,Arts,1,0,59.0,16.0,90.0,27.0,8.0
1,0,Arts,1,0,60.0,9.0,97.0,26.0,8.0
0,0,Arts,0,1,94.0,10.0,98.0,21.0,8.0
1,0,Clubs,1,1,78.0,5.0,94.0,25.0,8.0
1,0,No CCA,0,1,69.0,12.0,91.0,28.0,8.0
1,1,Sports,0,1,51.0,14.0,91.0,25.0,8.0
1,1,No CCA,0,1,75.0,7.0,93.0,17.0,8.0
2,0,Sports,0,1,69.0,11.0,98.0,23.0,8.0
0,1,Arts,1,1,82.0,7.0,99.0,15.0,8.0
2,0,Sports,1,0,62.0,14.0,98.0,20.0,8.0
0,0,No CCA,1,1,96.0,6.0,93.0,23.0,8.0
2,0,No CCA,0,1,73.0,16.0,95.0,23.0,8.0
1,0,Sports,0,0,53.0,20.0,99.0,25.0,8.0
1,0,Arts,0,0,52.0,10.0,93.0,30.0,8.0
2,0,Sports,0,0,59.0,12.0,96.0,22.0,8.0
2,1,Sports,1,0,66.0,10.0,92.0,15.0,8.0
2,0,Sports,1,1,67.0,6.0,92.0,21.0,8.0
1,0,Arts,1,1,57.0,11.0,95.0,28.0,8.0
1,1,No CCA,0,1,71.0,6.0,92.0,19.0,8.0
1,1,Arts,0,0,77.0,9.0,95.0,20.0,8.0
2,0,Clubs,0,1,68.0,5.0,91.0,19.0,7.0
2,0,Arts,0,0,47.0,3.0,92.0,23.0,8.0
1,0,Arts,1,1,74.0,11.0,99.0,24.0,8.0
0,0,Sports,1,0,76.0,19.0,97.0,28.0,8.0
0,0,No CCA,1,1,93.0,7.0,95.0,25.0,8.0
1,0,Sports,0,0,51.0,0.0,100.0,30.0,8.0
1,0,Clubs,0,1,52.0,9.0,98.0,30.0,8.0
1,1,No CCA,0,1,78.0,7.0,98.0,17.0,8.0
2,0,No CCA,1,1,80.0,6.0,99.0,17.0,8.0
2,0,Clubs,1,0,68.0,11.0,91.0,22.0,7.0
1,0,Arts,1,1,56.0,6.0,93.0,30.0,8.0
1,0,Sports,0,0,51.0,15.0,95.0,30.0,8.0
2,0,No CCA,0,1,67.0,12.0,90.0,23.0,7.0
1,0,Arts,0,0,55.0,6.0,94.0,31.0,8.0
0,0,Sports,1,1,67.0,16.0,96.0,22.0,8.0
1,0,Sports,1,1,49.0,1.0,94.0,25.0,8.0
0,0,Clubs,0,1,80.0,7.0,,22.0,8.0
1,1,Arts,1,1,91.0,7.0,99.0,21.0,8.0
0,0,Clubs,0,1,86.0,10.0,98.0,22.0,8.0
2,0,Arts,0,1,69.0,16.0,90.0,21.0,8.0
2,0,Clubs,0,1,56.0,19.0,93.0,22.0,8.0
0,0,No CCA,0,1,74.0,19.0,94.0,23.0,8.0
1,1,Sports,1,0,47.0,2.0,96.0,30.0,8.0
1,1,Sports,0,1,69.0,12.0,92.0,19.0,8.0
1,0,Clubs,0,1,52.0,14.0,90.0,30.0,8.0
0,0,Clubs,0,1,62.0,9.0,,21.0,8.0
0,0,Sports,1,1,88.0,8.0,96.0,23.0,8.0
1,0,No CCA,0,1,70.0,20.0,93.0,28.0,8.0
0,1,Sports,0,0,83.0,9.0,,21.0,8.0
1,1,Sports,1,1,100.0,6.0,96.0,17.0,8.0
0,0,No CCA,1,0,69.0,14.0,96.0,21.0,8.0
0,0,No CCA,1,1,85.0,8.0,94.0,24.0,8.0
1,1,Arts,0,0,56.0,16.0,97.0,25.0,8.0
1,0,Clubs,0,1,61.0,10.0,98.0,28.0,8.0
2,0,No CCA,1,0,71.0,11.0,100.0,22.0,8.0
1,0,Arts,0,0,49.0,1.0,96.0,25.0,8.0
0,1,Arts,0,1,73.0,10.0,92.0,16.0,8.0
0,0,Clubs,0,0,61.0,18.0,97.0,22.0,8.0
2,0,Clubs,0,1,58.0,19.0,93.0,22.0,8.0
2,0,Clubs,0,1,73.0,5.0,97.0,23.0,8.0
0,0,Arts,1,0,69.0,17.0,91.0,21.0,8.0
2,0,Arts,1,1,60.0,20.0,95.0,22.0,8.0
1,0,Sports,1,1,48.0,8.0,58.0,30.0,5.0
1,1,Sports,0,1,78.0,9.0,98.0,17.0,8.0
2,0,Sports,1,0,71.0,18.0,97.0,17.0,8.0
1,0,Arts,1,1,78.0,6.0,,25.0,8.0
2,0,Sports,0,1,64.0,14.0,96.0,20.0,8.0
1,0,Clubs,0,1,64.0,11.0,93.0,24.0,8.0
0,1,Sports,0,0,81.0,7.0,98.0,21.0,8.0
1,1,Clubs,1,1,62.0,13.0,97.0,27.0,8.0
1,0,Sports,1,0,55.0,9.0,98.0,30.0,8.0
1,1,No CCA,0,1,70.0,16.0,92.0,21.0,8.0
2,0,Sports,0,1,38.0,2.0,71.0,23.0,7.0
1,0,No CCA,0,1,63.0,5.0,95.0,24.0,8.0
1,0,No CCA,0,0,61.0,11.0,94.0,27.0,8.0
2,0,Clubs,1,0,74.0,17.0,92.0,19.0,8.0
2,1,Sports,1,0,84.0,9.0,93.0,18.0,8.0
1,0,Arts,1,0,46.0,13.0,69.0,30.0,6.0
1,1,Arts,0,0,41.0,13.0,63.0,28.0,6.0
2,1,Sports,1,0,68.0,10.0,91.0,20.0,8.0
1,0,Sports,0,0,55.0,10.0,92.0,30.0,7.0
0,1,Clubs,1,0,78.0,7.0,95.0,18.0,8.0
2,0,Sports,0,0,57.0,12.0,92.0,22.0,8.0
0,0,Sports,0,1,71.0,8.0,96.0,20.0,8.0
1,0,Sports,0,0,59.0,10.0,99.0,31.0,8.0
1,0,Sports,0,0,55.0,8.0,98.0,31.0,8.0
2,0,Arts,0,1,49.0,2.0,50.0,24.0,5.0
1,1,Clubs,1,0,56.0,20.0,99.0,27.0,8.0
1,1,No CCA,1,1,91.0,10.0,95.0,21.0,8.0
1,1,Clubs,0,1,79.0,9.0,94.0,17.0,8.0
1,1,Sports,0,1,70.0,10.0,95.0,21.0,8.0
0,1,No CCA,0,1,80.0,6.0,91.0,21.0,8.0
1,1,Clubs,0,1,69.0,9.0,,19.0,7.0
2,0,Clubs,0,0,44.0,2.0,73.0,23.0,6.0
0,0,Clubs,0,0,54.0,6.0,93.0,21.0,8.0
2,0,Sports,0,1,74.0,18.0,,23.0,8.0
2,0,Sports,0,0,61.0,8.0,92.0,20.0,8.0
1,0,Arts,0,0,53.0,13.0,96.0,31.0,8.0
1,1,Sports,0,1,85.0,7.0,96.0,22.0,8.0
0,0,No CCA,1,0,79.0,8.0,97.0,27.0,8.0
0,0,Sports,0,0,55.0,5.0,92.0,22.0,8.0
0,0,Clubs,0,1,67.0,5.0,98.0,21.0,8.0
1,0,Sports,0,0,48.0,4.0,,25.0,5.0
2,0,Arts,1,0,82.0,10.0,95.0,17.0,8.0
2,0,Arts,1,1,43.0,5.0,97.0,24.0,8.0
1,1,Clubs,0,0,48.0,2.0,94.0,29.0,8.0
1,0,Clubs,1,1,55.0,18.0,97.0,30.0,8.0
0,0,Clubs,0,0,66.0,18.0,97.0,22.0,8.0
0,0,No CCA,1,1,90.0,7.0,96.0,19.0,8.0
0,0,Arts,1,0,94.0,7.0,94.0,21.0,8.0
0,0,Arts,0,1,69.0,15.0,91.0,22.0,8.0
1,0,Clubs,0,1,64.0,6.0,94.0,24.0,8.0
2,1,No CCA,1,0,62.0,12.0,94.0,16.0,8.0
2,0,Clubs,1,0,45.0,13.0,83.0,23.0,8.0
0,0,Sports,1,0,52.0,13.0,97.0,20.0,8.0
0,0,Arts,1,1,93.0,7.0,97.0,19.0,8.0
1,0,Sports,0,1,58.0,19.0,92.0,24.0,8.0
1,0,Clubs,1,1,61.0,19.0,98.0,22.0,8.0
0,1,No CCA,1,1,80.0,5.0,98.0,15.0,8.0
0,0,Arts,1,0,52.0,18.0,94.0,20.0,8.0
2,0,Arts,0,0,42.0,0.0,54.0,24.0,5.0
2,0,Arts,1,1,80.0,10.0,93.0,17.0,8.0
1,1,Sports,0,1,71.0,16.0,99.0,20.0,8.0
0,0,No CCA,1,1,93.0,8.0,100.0,19.0,8.0
0,0,Sports,0,1,77.0,7.0,97.0,21.0,8.0
1,0,Clubs,0,1,64.0,15.0,97.0,27.0,8.0
0,0,Clubs,1,0,78.0,9.0,99.0,27.0,8.0
2,0,Arts,0,0,55.0,14.0,96.0,22.0,8.0
0,0,Clubs,0,0,49.0,8.0,68.0,21.0,7.0
1,1,Arts,1,0,55.0,8.0,95.0,27.0,8.0
0,0,No CCA,0,0,96.0,9.0,97.0,21.0,8.0
2,0,No CCA,1,1,84.0,7.0,99.0,17.0,8.0
2,0,Clubs,0,0,56.0,6.0,93.0,22.0,8.0
1,1,Sports,0,1,68.0,14.0,92.0,21.0,8.0
2,0,Clubs,0,1,62.0,18.0,96.0,22.0,8.0
2,0,Clubs,0,1,70.0,7.0,93.0,21.0,8.0
1,1,Clubs,1,0,47.0,2.0,,30.0,8.0
0,0,Clubs,1,0,79.0,6.0,97.0,27.0,8.0
0,1,No CCA,0,1,75.0,13.0,100.0,20.0,8.0
2,1,No CCA,1,0,78.0,6.0,96.0,14.0,8.0
0,0,Sports,0,1,64.0,17.0,95.0,27.0,8.0
0,0,Arts,0,1,55.0,19.0,90.0,22.0,7.0
0,0,Clubs,0,1,93.0,5.0,93.0,21.0,8.0
1,1,No CCA,0,0,79.0,9.0,98.0,17.0,8.0
1,0,No CCA,0,0,55.0,12.0,92.0,30.0,8.0
2,0,Arts,0,0,53.0,7.0,96.0,19.0,8.0
1,0,Arts,0,0,48.0,12.0,97.0,30.0,8.0
0,0,Sports,0,1,74.0,11.0,99.0,23.0,8.0
0,0,No CCA,1,0,72.0,16.0,99.0,27.0,8.0
0,0,No CCA,1,1,87.0,8.0,95.0,23.0,8.0
1,0,Clubs,0,1,61.0,6.0,,22.0,8.0
0,0,Clubs,0,0,60.0,14.0,95.0,27.0,8.0
1,0,Clubs,1,0,52.0,9.0,94.0,30.0,8.0
1,0,Sports,1,0,53.0,15.0,96.0,26.0,8.0
1,0,Clubs,0,0,55.0,14.0,98.0,27.0,8.0
1,0,Clubs,0,1,42.0,4.0,88.0,24.0,8.0
1,0,Sports,0,0,62.0,16.0,98.0,31.0,8.0
0,0,Sports,0,1,72.0,9.0,91.0,27.0,7.0
0,0,Arts,0,1,58.0,11.0,96.0,22.0,8.0
1,1,Arts,0,1,70.0,19.0,92.0,21.0,8.0
1,1,No CCA,0,0,81.0,6.0,94.0,17.0,8.0
1,0,Sports,1,0,54.0,14.0,93.0,30.0,8.0
1,1,Arts,0,0,69.0,6.0,94.0,19.0,8.0
1,1,No CCA,1,0,88.0,9.0,91.0,21.0,8.0
0,1,No CCA,1,1,84.0,9.0,99.0,20.0,8.0
1,1,Clubs,0,1,78.0,7.0,91.0,19.0,8.0
1,0,Clubs,1,0,39.0,9.0,83.0,30.0,8.0
1,1,Clubs,0,0,47.0,5.0,93.0,25.0,8.0
2,0,Clubs,1,1,68.0,15.0,93.0,23.0,8.0
1,0,Sports,0,1,69.0,10.0,95.0,28.0,8.0
1,0,Clubs,0,0,44.0,0.0,69.0,24.0,6.0
2,1,Arts,0,1,41.0,12.0,90.0,23.0,8.0
1,1,Arts,1,1,71.0,19.0,93.0,21.0,8.0
0,0,No CCA,1,1,86.0,6.0,97.0,23.0,8.0
1,0,Clubs,0,1,57.0,12.0,97.0,27.0,8.0
1,1,Sports,0,1,71.0,6.0,93.0,21.0,8.0
0,0,No CCA,1,1,89.0,6.0,94.0,18.0,8.0
2,0,Sports,1,1,58.0,10.0,93.0,22.0,8.0
1,1,No CCA,0,1,84.0,7.0,94.0,22.0,8.0
0,0,No CCA,1,0,82.0,9.0,91.0,27.0,8.0
0,0,Arts,0,0,55.0,16.0,95.0,21.0,8.0
2,0,Clubs,0,0,54.0,11.0,99.0,20.0,8.0
0,0,Arts,1,1,71.0,8.0,92.0,21.0,8.0
0,0,Clubs,1,1,72.0,16.0,94.0,20.0,8.0
1,0,No CCA,1,0,47.0,3.0,,30.0,6.0
1,1,Arts,0,1,46.0,11.0,94.0,29.0,8.0
1,0,Arts,1,1,61.0,7.0,95.0,28.0,8.0
2,0,Arts,0,0,49.0,6.0,86.0,23.0,8.0
0,0,Sports,0,1,70.0,9.0,99.0,22.0,8.0
1,1,Clubs,0,1,80.0,9.0,,17.0,8.0
1,1,No CCA,1,1,100.0,9.0,93.0,17.0,8.0
0,1,Sports,0,0,82.0,10.0,94.0,20.0,8.0
2,0,Arts,0,1,69.0,19.0,94.0,23.0,8.0
0,0,Arts,0,1,75.0,13.0,98.0,21.0,8.0
1,1,Arts,0,0,78.0,9.0,94.0,17.0,8.0
1,1,Arts,1,0,62.0,19.0,97.0,27.0,8.0
0,0,No CCA,0,1,88.0,10.0,95.0,22.0,8.0
1,1,Arts,0,1,72.0,14.0,97.0,21.0,8.0
0,0,Sports,0,1,72.0,7.0,94.0,22.0,8.0
2,0,Clubs,0,0,55.0,7.0,92.0,20.0,8.0
2,0,Arts,1,0,75.0,15.0,92.0,22.0,8.0
0,0,No CCA,0,0,83.0,5.0,,23.0,8.0
1,1,Clubs,0,1,73.0,9.0,94.0,20.0,8.0
0,0,Arts,0,1,65.0,15.0,97.0,22.0,8.0
1,0,Arts,1,0,51.0,15.0,93.0,30.0,8.0
1,0,Clubs,1,0,55.0,5.0,93.0,26.0,8.0
1,1,No CCA,0,1,83.0,7.0,97.0,17.0,8.0
2,0,Sports,1,1,72.0,16.0,95.0,19.0,8.0
2,0,Clubs,0,0,53.0,11.0,90.0,19.0,8.0
1,1,Arts,0,0,46.0,1.0,92.0,29.0,8.0
1,0,Clubs,0,0,50.0,8.0,67.0,30.0,6.0
1,0,Clubs,1,1,53.0,13.0,94.0,30.0,8.0
1,0,Clubs,0,1,54.0,14.0,95.0,24.0,8.0
0,0,No CCA,0,0,63.0,16.0,100.0,27.0,8.0
1,0,Sports,0,0,40.0,6.0,83.0,24.0,7.0
1,0,Arts,0,0,44.0,3.0,95.0,24.0,8.0
1,0,Arts,0,0,39.0,2.0,,24.0,8.0
1,0,Arts,0,0,51.0,11.0,99.0,29.0,8.0
1,0,Clubs,1,1,76.0,10.0,99.0,25.0,8.0
1,1,Clubs,0,1,74.0,12.0,91.0,20.0,8.0
1,1,Clubs,0,1,75.0,3.0,99.0,17.0,8.0
1,1,No CCA,0,1,72.0,14.0,98.0,20.0,8.0
1,1,No CCA,1,1,48.0,8.0,96.0,25.0,8.0
1,0,Sports,0,1,63.0,11.0,94.0,28.0,8.0
1,0,Arts,0,1,58.0,19.0,98.0,22.0,8.0
2,0,Sports,0,0,49.0,12.0,68.0,22.0,6.0
1,0,Arts,1,0,54.0,17.0,96.0,30.0,8.0
1,0,Clubs,1,0,67.0,12.0,92.0,24.0,8.0
0,0,No CCA,0,1,93.0,7.0,98.0,25.0,8.0
1,1,Sports,0,1,76.0,8.0,95.0,17.0,8.0
1,0,Clubs,1,1,71.0,17.0,98.0,25.0,8.0
0,0,Sports,0,0,63.0,13.0,97.0,27.0,8.0
0,0,Arts,0,1,60.0,20.0,94.0,21.0,8.0
0,0,No CCA,0,0,65.0,18.0,99.0,27.0,8.0
1,0,Clubs,0,1,59.0,12.0,96.0,27.0,8.0
2,0,Clubs,0,0,42.0,1.0,92.0,22.0,7.0
0,0,No CCA,1,1,92.0,9.0,99.0,19.0,8.0
1,0,Arts,0,1,69.0,12.0,93.0,28.0,8.0
1,0,Clubs,1,0,53.0,10.0,92.0,30.0,8.0
0,0,Sports,0,1,69.0,14.0,97.0,21.0,8.0
0,0,Clubs,0,0,63.0,11.0,99.0,21.0,8.0
1,1,No CCA,1,1,82.0,9.0,96.0,17.0,8.0
0,0,Clubs,1,1,58.0,12.0,92.0,20.0,8.0
2,0,Arts,1,0,56.0,16.0,94.0,19.0,8.0
2,0,Arts,0,0,60.0,10.0,99.0,20.0,8.0
2,0,No CCA,1,1,80.0,6.0,99.0,19.0,8.0
2,1,Clubs,0,0,41.0,13.0,81.0,22.0,7.0
0,0,Arts,1,1,75.0,19.0,97.0,23.0,8.0
1,0,Sports,1,1,80.0,8.0,98.0,25.0,8.0
1,1,Sports,1,0,48.0,5.0,92.0,30.0,8.0
0,1,Arts,1,1,87.0,5.0,97.0,17.0,8.0
0,1,Clubs,1,1,81.0,10.0,97.0,17.0,8.0
1,0,Clubs,0,1,66.0,9.0,100.0,22.0,8.0
1,0,Sports,0,1,54.0,17.0,,31.0,8.0
1,1,Sports,1,1,100.0,9.0,,17.0,8.0
0,0,Arts,0,0,58.0,13.0,96.0,22.0,8.0
0,1,No CCA,1,0,83.0,8.0,91.0,20.0,8.0
0,0,Arts,0,1,61.0,14.0,98.0,22.0,8.0
0,0,Clubs,0,1,65.0,12.0,97.0,22.0,8.0
0,0,Sports,1,1,90.0,8.0,100.0,23.0,8.0
2,0,No CCA,0,1,64.0,11.0,99.0,20.0,8.0
1,0,Sports,0,0,43.0,13.0,85.0,30.0,7.0
0,1,Clubs,1,0,74.0,14.0,96.0,15.0,8.0
0,0,No CCA,0,1,94.0,5.0,98.0,21.0,8.0
0,0,Sports,0,1,65.0,16.0,90.0,27.0,8.0
0,0,No CCA,0,1,94.0,9.0,94.0,25.0,8.0
2,1,Clubs,1,0,70.0,6.0,94.0,15.0,8.0
1,0,Arts,1,1,49.0,7.0,73.0,30.0,7.0
0,0,No CCA,0,0,69.0,9.0,93.0,21.0,8.0
1,1,Arts,0,0,39.0,6.0,74.0,28.0,7.0
1,1,No CCA,1,1,100.0,7.0,97.0,17.0,8.0
0,1,No CCA,1,1,85.0,8.0,97.0,16.0,8.0
1,1,No CCA,1,1,94.0,8.0,93.0,21.0,8.0
1,0,Arts,1,1,49.0,12.0,,30.0,8.0
2,0,Clubs,1,0,69.0,7.0,96.0,22.0,8.0
1,0,Sports,0,0,65.0,19.0,91.0,28.0,8.0
0,0,No CCA,0,0,90.0,9.0,98.0,22.0,8.0
2,0,Arts,0,1,67.0,10.0,,23.0,8.0
1,1,No CCA,1,1,91.0,7.0,94.0,21.0,8.0
0,0,Clubs,1,0,76.0,15.0,99.0,27.0,8.0
0,0,No CCA,1,1,79.0,7.0,95.0,28.0,8.0
1,0,No CCA,1,1,52.0,12.0,95.0,24.0,8.0
0,1,No CCA,0,1,75.0,6.0,96.0,20.0,8.0
1,0,No CCA,1,1,78.0,6.0,99.0,25.0,8.0
1,1,Clubs,0,0,78.0,8.0,96.0,19.0,8.0
1,0,Clubs,0,0,49.0,1.0,98.0,24.0,8.0
0,1,Sports,1,0,73.0,16.0,97.0,21.0,8.0
2,0,Clubs,0,1,60.0,5.0,99.0,20.0,8.0
0,0,No CCA,1,0,67.0,8.0,100.0,28.0,8.0
1,0,Clubs,0,0,62.0,7.0,99.0,27.0,8.0
1,1,Sports,0,1,48.0,9.0,82.0,25.0,6.0
0,1,Sports,0,1,78.0,6.0,96.0,20.0,8.0
2,0,Arts,1,1,59.0,12.0,99.0,22.0,8.0
2,0,Sports,0,1,65.0,18.0,91.0,19.0,8.0
0,0,No CCA,0,1,94.0,9.0,97.0,21.0,8.0
0,1,Clubs,1,1,77.0,7.0,97.0,18.0,8.0
1,0,Sports,1,0,59.0,12.0,98.0,26.0,8.0
1,0,Sports,0,1,51.0,9.0,93.0,31.0,8.0
1,0,Arts,1,0,60.0,19.0,92.0,27.0,8.0
1,1,Sports,0,0,77.0,7.0,98.0,21.0,8.0
0,0,Clubs,0,1,74.0,15.0,91.0,27.0,8.0
0,0,Sports,1,1,84.0,7.0,92.0,27.0,8.0
0,1,Sports,0,1,76.0,15.0,99.0,20.0,8.0
0,0,Sports,0,1,69.0,8.0,91.0,22.0,8.0
1,1,Sports,0,1,75.0,6.0,92.0,21.0,8.0
0,0,No CCA,1,1,92.0,9.0,93.0,19.0,8.0
0,1,Clubs,1,1,87.0,9.0,95.0,20.0,8.0
1,0,Sports,1,1,59.0,5.0,97.0,30.0,8.0
0,0,Sports,0,0,64.0,9.0,100.0,27.0,8.0
1,0,Arts,1,0,52.0,14.0,99.0,30.0,8.0
0,0,Clubs,0,1,70.0,9.0,95.0,21.0,8.0
1,0,No CCA,1,0,73.0,9.0,96.0,25.0,8.0
0,1,Clubs,0,1,76.0,14.0,100.0,15.0,8.0
0,0,No CCA,1,1,64.0,17.0,91.0,22.0,8.0
2,0,Clubs,1,1,78.0,10.0,97.0,17.0,8.0
1,0,Sports,0,1,47.0,2.0,96.0,25.0,8.0
1,1,Sports,0,1,71.0,6.0,99.0,21.0,8.0
1,0,Arts,0,1,55.0,11.0,100.0,22.0,8.0
1,1,Sports,0,0,54.0,19.0,92.0,25.0,8.0
1,0,Arts,0,1,62.0,19.0,98.0,28.0,8.0
2,0,Clubs,0,1,77.0,9.0,96.0,21.0,8.0
1,0,Clubs,0,0,52.0,11.0,94.0,29.0,8.0
1,0,No CCA,1,1,79.0,7.0,94.0,25.0,8.0
0,0,Sports,0,1,70.0,6.0,95.0,27.0,8.0
1,1,Sports,1,0,98.0,7.0,95.0,17.0,8.0
2,0,Clubs,0,1,53.0,9.0,92.0,19.0,8.0
0,0,Arts,0,0,66.0,7.0,93.0,27.0,8.0
0,0,No CCA,0,1,87.0,6.0,93.0,22.0,8.0
1,0,No CCA,0,0,51.0,18.0,94.0,29.0,8.0
0,0,Arts,0,1,65.0,10.0,99.0,22.0,8.0
1,0,Arts,0,0,47.0,5.0,67.0,25.0,6.0
0,0,No CCA,0,0,63.0,13.0,92.0,27.0,8.0
1,0,Sports,0,1,59.0,18.0,94.0,27.0,8.0
1,0,Sports,1,0,51.0,7.0,99.0,30.0,8.0
0,1,Sports,0,1,73.0,19.0,93.0,20.0,8.0
0,0,No CCA,1,1,81.0,5.0,91.0,27.0,8.0
1,1,Arts,1,1,91.0,6.0,93.0,21.0,8.0
2,0,No CCA,1,1,59.0,14.0,91.0,20.0,8.0
1,1,Arts,0,1,76.0,8.0,93.0,20.0,8.0
0,0,Arts,0,1,70.0,9.0,99.0,22.0,8.0
0,1,No CCA,0,0,91.0,6.0,94.0,21.0,8.0
1,0,No CCA,0,1,66.0,18.0,99.0,28.0,8.0
0,0,Clubs,0,1,93.0,6.0,96.0,22.0,8.0
0,0,No CCA,1,0,71.0,12.0,94.0,28.0,7.0
1,0,Sports,0,0,44.0,6.0,97.0,25.0,8.0
1,1,Sports,1,0,55.0,14.0,94.0,27.0,8.0
2,0,Clubs,1,0,59.0,12.0,98.0,20.0,8.0
0,0,Clubs,0,1,94.0,10.0,99.0,21.0,8.0
1,0,No CCA,0,0,48.0,10.0,82.0,29.0,8.0
2,0,Arts,1,1,78.0,9.0,93.0,17.0,8.0
0,1,No CCA,1,1,82.0,8.0,91.0,17.0,8.0
1,1,Arts,1,0,47.0,4.0,96.0,30.0,8.0
1,0,Sports,0,1,49.0,15.0,92.0,30.0,8.0
0,1,Clubs,1,0,73.0,15.0,91.0,18.0,7.0
1,0,Arts,1,0,47.0,8.0,,25.0,8.0
1,1,Clubs,0,1,48.0,12.0,90.0,24.0,8.0
1,0,Sports,0,0,43.0,2.0,67.0,24.0,5.0
2,0,Sports,0,0,43.0,9.0,92.0,22.0,8.0
1,0,Arts,1,1,54.0,20.0,97.0,30.0,8.0
0,0,No CCA,0,0,94.0,6.0,92.0,21.0,8.0
1,0,Clubs,0,0,48.0,8.0,58.0,30.0,5.0
0,0,Sports,0,1,72.0,15.0,97.0,20.0,8.0
2,0,Arts,0,1,62.0,16.0,96.0,22.0,8.0
0,0,Sports,0,0,67.0,11.0,95.0,27.0,8.0
0,1,Arts,1,1,83.0,7.0,96.0,18.0,8.0
1,0,No CCA,1,1,78.0,6.0,,25.0,8.0
0,0,Arts,1,1,94.0,9.0,96.0,23.0,8.0
1,1,No CCA,0,0,78.0,6.0,96.0,17.0,8.0
0,0,Sports,1,1,75.0,6.0,95.0,28.0,8.0
0,0,No CCA,0,1,72.0,8.0,94.0,22.0,8.0
1,1,Sports,1,1,61.0,6.0,91.0,27.0,8.0
1,0,Sports,0,1,63.0,15.0,99.0,28.0,8.0
0,1,Sports,1,1,70.0,6.0,99.0,16.0,8.0
2,0,No CCA,0,1,67.0,14.0,93.0,19.0,8.0
0,1,Arts,1,0,72.0,13.0,98.0,18.0,8.0
1,1,Clubs,1,0,55.0,16.0,93.0,27.0,8.0
1,0,Clubs,0,0,61.0,17.0,99.0,28.0,8.0
0,1,Arts,1,0,87.0,8.0,91.0,16.0,8.0
1,0,Sports,0,0,52.0,12.0,99.0,25.0,8.0
1,0,Sports,0,1,46.0,6.0,91.0,24.0,8.0
1,0,Arts,0,0,57.0,15.0,97.0,31.0,8.0
0,0,Sports,0,1,59.0,11.0,98.0,27.0,8.0
1,0,Clubs,1,1,63.0,20.0,,28.0,8.0
1,1,No CCA,1,1,45.0,5.0,74.0,30.0,6.0
1,1,No CCA,0,1,49.0,5.0,61.0,24.0,6.0
0,0,No CCA,1,1,86.0,9.0,95.0,23.0,8.0
2,0,Arts,1,1,80.0,10.0,98.0,17.0,8.0
2,0,Arts,1,1,60.0,10.0,95.0,22.0,8.0
1,1,No CCA,1,0,92.0,9.0,94.0,21.0,8.0
2,0,Sports,1,0,77.0,10.0,97.0,22.0,8.0
2,0,Sports,1,1,79.0,8.0,94.0,17.0,8.0
0,0,Sports,1,0,68.0,19.0,94.0,28.0,8.0
1,0,Arts,0,1,63.0,6.0,92.0,28.0,8.0
1,0,Sports,0,0,51.0,11.0,96.0,30.0,8.0
1,0,Sports,1,1,72.0,12.0,99.0,24.0,8.0
2,0,Sports,1,0,69.0,9.0,91.0,22.0,8.0
1,0,Arts,0,1,44.0,11.0,80.0,24.0,6.0
0,0,No CCA,0,1,93.0,9.0,98.0,22.0,8.0
2,1,Sports,1,0,74.0,18.0,99.0,20.0,8.0
0,1,Clubs,1,1,77.0,7.0,92.0,15.0,8.0
0,0,Clubs,1,0,69.0,20.0,100.0,20.0,8.0
0,0,Clubs,1,1,67.0,7.0,99.0,20.0,8.0
0,0,Sports,1,1,93.0,6.0,94.0,19.0,8.0
1,0,Arts,0,1,64.0,18.0,94.0,27.0,8.0
0,0,Arts,1,1,94.0,6.0,96.0,23.0,8.0
2,0,No CCA,0,1,69.0,19.0,94.0,19.0,8.0
0,0,No CCA,1,1,77.0,7.0,95.0,28.0,8.0
0,0,No CCA,0,1,79.0,9.0,96.0,21.0,8.0
1,0,Sports,0,1,63.0,8.0,98.0,22.0,8.0
0,0,No CCA,1,1,91.0,7.0,96.0,19.0,8.0
0,0,Sports,0,0,60.0,18.0,95.0,21.0,8.0
0,0,Arts,0,0,60.0,7.0,,27.0,8.0
0,0,Sports,0,1,74.0,18.0,100.0,23.0,8.0
1,0,Clubs,0,0,55.0,10.0,91.0,27.0,8.0
1,0,Sports,1,0,48.0,7.0,94.0,30.0,8.0
0,1,Sports,1,1,71.0,15.0,100.0,16.0,8.0
1,0,No CCA,0,1,62.0,6.0,,31.0,8.0
0,0,Clubs,0,1,55.0,16.0,99.0,27.0,8.0
2,0,Sports,0,1,71.0,8.0,100.0,19.0,8.0
1,0,Sports,0,0,46.0,6.0,97.0,29.0,8.0
2,1,Sports,1,0,73.0,7.0,94.0,14.0,8.0
2,0,Clubs,1,1,64.0,6.0,,20.0,8.0
0,0,Arts,0,0,60.0,5.0,,20.0,8.0
1,1,Arts,1,1,81.0,7.0,93.0,17.0,8.0
0,0,Sports,0,0,57.0,20.0,95.0,21.0,8.0
2,0,Arts,0,0,39.0,11.0,92.0,24.0,8.0
1,0,Sports,1,0,51.0,5.0,94.0,30.0,8.0
1,0,Arts,0,1,68.0,19.0,95.0,28.0,8.0
2,0,No CCA,0,1,77.0,8.0,97.0,21.0,8.0
1,0,Sports,0,0,51.0,6.0,94.0,29.0,8.0
2,1,Sports,1,0,69.0,10.0,98.0,15.0,8.0
0,1,No CCA,1,1,89.0,7.0,98.0,16.0,8.0
2,0,Sports,1,1,78.0,5.0,99.0,17.0,8.0
2,0,Sports,1,1,55.0,7.0,98.0,22.0,8.0
0,0,Clubs,0,1,74.0,20.0,94.0,21.0,8.0
2,0,Arts,0,1,65.0,18.0,92.0,19.0,8.0
0,0,Clubs,0,1,58.0,16.0,,22.0,8.0
1,1,Sports,0,1,47.0,7.0,58.0,25.0,5.0
2,0,Clubs,1,1,81.0,7.0,95.0,17.0,8.0
2,1,Clubs,1,1,74.0,16.0,99.0,14.0,8.0
0,1,Clubs,0,1,71.0,9.0,94.0,16.0,8.0
1,0,Arts,1,0,56.0,15.0,93.0,26.0,8.0
2,0,Clubs,0,0,47.0,3.0,62.0,24.0,4.0
2,1,Arts,1,1,75.0,15.0,,14.0,8.0
0,0,Arts,0,1,73.0,10.0,98.0,22.0,8.0
1,1,Arts,0,0,54.0,5.0,94.0,25.0,8.0
2,0,Arts,0,0,42.0,10.0,87.0,23.0,8.0
1,0,Arts,0,1,74.0,19.0,94.0,22.0,8.0
0,0,Arts,0,0,64.0,11.0,94.0,27.0,8.0
1,1,Clubs,0,1,66.0,20.0,94.0,21.0,8.0
1,0,Sports,1,1,59.0,5.0,91.0,27.0,8.0
0,0,Sports,1,0,67.0,15.0,97.0,28.0,8.0
0,1,Sports,0,1,77.0,7.0,92.0,20.0,8.0
1,1,Clubs,0,1,44.0,9.0,95.0,25.0,8.0
1,0,Sports,1,0,56.0,17.0,92.0,26.0,8.0
2,1,No CCA,0,1,56.0,16.0,99.0,16.0,8.0
2,0,Sports,1,1,59.0,17.0,93.0,20.0,8.0
1,0,Sports,0,0,47.0,13.0,53.0,25.0,4.0
1,1,Clubs,0,1,74.0,10.0,92.0,20.0,8.0
0,0,Arts,0,1,77.0,7.0,99.0,21.0,8.0
2,1,Sports,1,1,75.0,9.0,91.0,14.0,8.0
2,0,Sports,1,0,80.0,9.0,90.0,19.0,7.0
0,0,Sports,1,1,96.0,9.0,92.0,23.0,8.0
2,0,Clubs,0,0,42.0,9.0,47.0,22.0,4.0
1,1,No CCA,0,1,83.0,7.0,98.0,17.0,8.0
0,0,Clubs,0,0,64.0,18.0,98.0,22.0,8.0
0,1,Arts,0,1,77.0,8.0,95.0,19.0,8.0
1,0,Sports,1,1,74.0,18.0,93.0,25.0,7.0
1,0,No CCA,1,1,72.0,7.0,93.0,24.0,8.0
0,0,Arts,0,1,67.0,13.0,99.0,21.0,8.0
1,0,Clubs,0,1,65.0,8.0,,27.0,8.0
1,0,Clubs,1,0,47.0,3.0,99.0,30.0,8.0
1,1,Arts,0,0,42.0,5.0,91.0,24.0,8.0
2,0,Clubs,0,0,39.0,1.0,53.0,22.0,4.0
2,0,Sports,0,1,62.0,6.0,97.0,20.0,8.0
1,0,Clubs,1,0,54.0,5.0,98.0,30.0,8.0
1,0,Arts,0,0,48.0,8.0,93.0,30.0,8.0
1,0,Arts,0,1,58.0,19.0,96.0,22.0,8.0
2,1,No CCA,1,1,81.0,5.0,98.0,18.0,8.0
1,0,Sports,1,0,48.0,9.0,94.0,30.0,8.0
1,1,Arts,0,0,46.0,14.0,97.0,29.0,8.0
0,0,No CCA,0,1,77.0,6.0,95.0,22.0,8.0
1,0,No CCA,0,1,61.0,12.0,98.0,24.0,8.0
2,1,Arts,0,0,46.0,3.0,76.0,23.0,7.0
0,0,Arts,1,1,62.0,10.0,99.0,20.0,8.0
1,1,Arts,0,1,82.0,9.0,99.0,22.0,8.0
2,1,Sports,1,1,72.0,14.0,93.0,14.0,8.0
2,0,Arts,0,0,50.0,9.0,65.0,22.0,6.0
1,0,Arts,0,0,51.0,10.0,93.0,29.0,8.0
2,0,Arts,0,0,40.0,12.0,97.0,23.0,8.0
2,0,Arts,0,1,67.0,14.0,96.0,21.0,8.0
0,1,Arts,0,1,76.0,10.0,97.0,15.0,8.0
1,0,Arts,1,0,59.0,10.0,100.0,26.0,8.0
0,0,Sports,0,1,71.0,10.0,94.0,21.0,8.0
0,0,Sports,0,0,59.0,19.0,97.0,21.0,8.0
0,1,No CCA,0,0,82.0,6.0,,20.0,8.0
0,1,Arts,1,1,80.0,10.0,97.0,15.0,8.0
1,0,No CCA,0,1,68.0,15.0,91.0,22.0,8.0
0,0,No CCA,0,0,64.0,19.0,98.0,27.0,8.0
0,0,Arts,1,1,77.0,7.0,93.0,28.0,8.0
0,0,Clubs,0,0,74.0,9.0,92.0,20.0,7.0
2,0,Clubs,0,0,39.0,4.0,98.0,24.0,8.0
0,0,No CCA,1,1,83.0,5.0,94.0,24.0,8.0
0,0,Sports,0,1,80.0,8.0,100.0,22.0,8.0
1,1,No CCA,1,1,98.0,5.0,,17.0,8.0
0,1,No CCA,1,0,81.0,10.0,99.0,15.0,8.0
0,1,Clubs,0,0,76.0,8.0,94.0,19.0,8.0
1,0,Clubs,1,1,80.0,8.0,94.0,25.0,8.0
0,0,Clubs,0,0,55.0,11.0,97.0,21.0,8.0
0,1,Sports,1,0,73.0,19.0,91.0,16.0,8.0
1,0,Clubs,0,1,45.0,8.0,99.0,30.0,8.0
2,0,Clubs,0,1,68.0,14.0,90.0,19.0,8.0
2,1,Clubs,1,0,68.0,5.0,97.0,15.0,8.0
0,0,No CCA,0,1,77.0,6.0,90.0,21.0,8.0
2,0,Sports,1,0,68.0,7.0,91.0,23.0,8.0
1,1,No CCA,0,1,75.0,14.0,95.0,17.0,8.0
2,0,Arts,0,0,43.0,9.0,75.0,24.0,6.0
1,1,Arts,0,1,52.0,18.0,95.0,25.0,8.0
1,0,Arts,1,1,59.0,17.0,98.0,28.0,8.0
0,0,No CCA,0,1,95.0,9.0,96.0,21.0,8.0
0,0,No CCA,0,0,68.0,12.0,95.0,20.0,8.0
2,1,Sports,1,0,68.0,14.0,93.0,14.0,8.0
0,1,Sports,0,1,79.0,10.0,91.0,15.0,8.0
1,1,No CCA,1,0,57.0,11.0,92.0,27.0,8.0
1,1,Sports,0,1,48.0,4.0,98.0,25.0,8.0
1,0,Sports,1,0,78.0,9.0,98.0,25.0,8.0
1,1,Clubs,0,0,69.0,6.0,91.0,19.0,8.0
2,1,Clubs,1,0,44.0,10.0,90.0,24.0,8.0
2,1,Sports,0,0,58.0,8.0,90.0,16.0,8.0
0,0,No CCA,0,1,63.0,6.0,97.0,27.0,8.0
0,0,No CCA,1,1,90.0,9.0,95.0,19.0,8.0
2,0,Arts,0,0,43.0,4.0,69.0,24.0,7.0
0,0,Sports,1,1,76.0,11.0,99.0,28.0,8.0
2,0,Clubs,1,0,72.0,16.0,99.0,22.0,8.0
0,1,Clubs,1,1,70.0,18.0,97.0,16.0,8.0
1,0,Clubs,0,1,70.0,10.0,96.0,22.0,8.0
0,0,No CCA,1,0,89.0,10.0,97.0,19.0,8.0
1,0,Clubs,1,1,76.0,12.0,93.0,25.0,8.0
1,1,Arts,0,0,81.0,6.0,98.0,21.0,8.0
2,0,Clubs,0,1,71.0,13.0,97.0,19.0,8.0
2,1,Arts,1,0,84.0,9.0,99.0,18.0,8.0
1,0,Clubs,1,0,51.0,11.0,99.0,29.0,8.0
2,0,Clubs,0,0,38.0,1.0,92.0,23.0,8.0
2,1,Clubs,1,1,79.0,7.0,90.0,14.0,8.0
1,0,Sports,0,0,58.0,13.0,94.0,27.0,8.0
0,0,No CCA,1,0,81.0,7.0,95.0,24.0,8.0
0,0,No CCA,1,0,79.0,8.0,97.0,27.0,8.0
1,0,Arts,1,0,51.0,13.0,97.0,26.0,8.0
2,0,Sports,1,0,69.0,8.0,97.0,23.0,8.0
2,0,Sports,1,0,71.0,18.0,93.0,23.0,8.0
0,0,Arts,1,1,60.0,11.0,93.0,20.0,8.0
0,0,Sports,0,1,96.0,10.0,92.0,21.0,7.0
1,0,Arts,1,1,63.0,5.0,,28.0,8.0
2,0,Sports,0,1,66.0,6.0,97.0,19.0,8.0
0,1,No CCA,1,0,82.0,7.0,,18.0,8.0
1,1,No CCA,1,1,87.0,8.0,97.0,17.0,8.0
1,0,Arts,1,0,66.0,13.0,94.0,24.0,8.0
0,0,Sports,1,1,62.0,11.0,94.0,20.0,8.0
2,0,Sports,0,0,43.0,13.0,99.0,24.0,8.0
1,1,No CCA,1,0,83.0,9.0,99.0,17.0,8.0
0,0,Clubs,1,0,76.0,15.0,94.0,28.0,8.0
1,0,Clubs,1,1,64.0,9.0,97.0,27.0,8.0
0,0,No CCA,0,0,72.0,18.0,92.0,21.0,8.0
0,0,Sports,0,0,91.0,8.0,96.0,21.0,8.0
0,0,Arts,0,1,95.0,7.0,91.0,25.0,8.0
2,0,Clubs,1,0,70.0,16.0,95.0,23.0,8.0
1,1,No CCA,1,0,96.0,8.0,92.0,17.0,8.0
0,0,No CCA,1,0,90.0,10.0,97.0,18.0,8.0
2,0,Clubs,0,1,56.0,17.0,94.0,22.0,8.0
0,0,Clubs,0,1,77.0,10.0,93.0,21.0,8.0
1,1,Arts,1,0,49.0,5.0,66.0,30.0,6.0
1,1,No CCA,0,1,71.0,8.0,98.0,20.0,8.0
2,0,Arts,1,1,74.0,18.0,92.0,19.0,8.0
1,0,Sports,1,1,59.0,12.0,96.0,28.0,8.0
0,0,No CCA,1,0,92.0,9.0,98.0,23.0,8.0
1,1,Sports,0,0,79.0,7.0,98.0,20.0,8.0
0,1,Clubs,1,0,76.0,15.0,95.0,19.0,8.0
1,0,Sports,0,1,58.0,14.0,92.0,24.0,8.0
2,0,Sports,0,1,53.0,12.0,90.0,19.0,8.0
0,0,Arts,0,0,58.0,15.0,95.0,21.0,8.0
2,0,Clubs,0,1,74.0,14.0,,21.0,8.0
2,0,Clubs,0,1,46.0,9.0,68.0,23.0,6.0
2,0,Clubs,1,1,55.0,19.0,93.0,18.0,8.0
2,0,Arts,1,1,70.0,18.0,97.0,22.0,8.0
1,0,Arts,0,1,62.0,9.0,97.0,28.0,8.0
1,1,No CCA,0,1,81.0,7.0,92.0,19.0,8.0
0,1,Arts,1,1,85.0,10.0,91.0,17.0,8.0
2,0,Arts,0,1,60.0,14.0,98.0,20.0,8.0
1,0,Clubs,0,0,51.0,9.0,99.0,30.0,8.0
2,0,No CCA,1,1,64.0,19.0,99.0,20.0,8.0
0,0,Arts,0,1,70.0,8.0,91.0,22.0,8.0
0,0,Sports,1,1,78.0,8.0,92.0,24.0,8.0
1,1,Arts,0,1,75.0,13.0,93.0,20.0,8.0
1,0,Sports,0,0,46.0,13.0,75.0,25.0,7.0
0,0,Arts,0,0,68.0,7.0,96.0,20.0,8.0
1,0,Sports,0,0,49.0,10.0,62.0,24.0,5.0
1,1,No CCA,1,0,83.0,10.0,92.0,17.0,8.0
0,0,Arts,1,1,90.0,7.0,98.0,23.0,8.0
0,0,No CCA,1,1,88.0,10.0,91.0,19.0,8.0
0,1,Sports,0,1,75.0,12.0,94.0,15.0,8.0
1,0,Arts,0,1,58.0,5.0,93.0,24.0,8.0
2,1,Sports,1,1,76.0,11.0,90.0,20.0,8.0
0,0,No CCA,0,1,69.0,11.0,97.0,21.0,8.0
0,1,Clubs,0,0,77.0,8.0,99.0,19.0,8.0
0,1,Sports,0,1,79.0,8.0,93.0,20.0,8.0
2,1,Clubs,1,0,68.0,19.0,90.0,20.0,8.0
0,1,Arts,1,1,77.0,7.0,99.0,18.0,8.0
0,0,Clubs,0,0,63.0,10.0,91.0,27.0,8.0
0,0,Arts,0,1,96.0,6.0,91.0,21.0,8.0
2,0,No CCA,1,1,84.0,8.0,93.0,17.0,8.0
1,0,No CCA,1,0,55.0,13.0,99.0,27.0,8.0
0,1,No CCA,0,1,72.0,8.0,96.0,16.0,8.0
0,0,Sports,0,0,59.0,16.0,97.0,21.0,8.0
2,0,Arts,0,0,53.0,11.0,90.0,19.0,8.0
1,0,Clubs,0,0,55.0,15.0,97.0,27.0,8.0
0,0,Sports,1,0,67.0,14.0,94.0,27.0,8.0
1,1,Arts,1,0,50.0,9.0,94.0,27.0,8.0
1,1,Clubs,0,1,71.0,8.0,98.0,21.0,8.0
0,1,Sports,0,1,80.0,8.0,95.0,20.0,8.0
0,0,Arts,0,1,74.0,14.0,94.0,23.0,8.0
0,0,Clubs,1,1,93.0,9.0,98.0,19.0,8.0
1,1,Clubs,1,1,79.0,7.0,91.0,17.0,7.0
0,0,Clubs,1,0,74.0,10.0,94.0,28.0,8.0
0,0,No CCA,0,0,63.0,8.0,94.0,27.0,8.0
1,0,Sports,0,1,48.0,15.0,79.0,30.0,7.0
0,0,Clubs,0,0,61.0,10.0,93.0,22.0,8.0
2,0,No CCA,0,1,68.0,16.0,91.0,22.0,8.0
1,1,No CCA,0,0,56.0,5.0,100.0,25.0,8.0
2,0,Clubs,0,1,67.0,18.0,97.0,23.0,8.0
1,1,Clubs,0,1,73.0,6.0,95.0,20.0,8.0
1,1,No CCA,1,0,95.0,8.0,94.0,21.0,8.0
1,1,Arts,1,0,51.0,7.0,99.0,27.0,8.0
0,0,Clubs,0,1,73.0,16.0,98.0,22.0,8.0
1,0,Arts,1,1,71.0,9.0,97.0,24.0,8.0
0,1,Arts,0,1,71.0,11.0,97.0,16.0,8.0
1,0,Arts,1,0,50.0,13.0,94.0,30.0,8.0
1,1,Arts,1,1,82.0,8.0,92.0,17.0,8.0
1,0,No CCA,0,1,61.0,8.0,97.0,27.0,8.0
1,0,Arts,0,0,51.0,9.0,99.0,25.0,8.0
1,1,No CCA,0,1,70.0,8.0,94.0,19.0,8.0
2,0,Arts,0,0,73.0,19.0,91.0,21.0,8.0
0,1,No CCA,0,1,75.0,7.0,90.0,15.0,8.0
1,0,Sports,1,1,60.0,7.0,94.0,28.0,8.0
2,1,Sports,0,0,60.0,6.0,94.0,16.0,8.0
1,1,Sports,1,0,49.0,3.0,99.0,30.0,8.0
0,1,Clubs,1,1,87.0,9.0,94.0,16.0,8.0
0,0,No CCA,1,1,67.0,8.0,95.0,22.0,8.0
1,0,Sports,1,0,59.0,12.0,98.0,27.0,8.0
1,0,Arts,0,0,48.0,4.0,99.0,30.0,8.0
2,1,Arts,0,0,42.0,7.0,87.0,24.0,8.0
1,0,Arts,0,0,54.0,14.0,,29.0,8.0
1,0,Sports,1,0,51.0,10.0,93.0,30.0,8.0
0,0,Arts,0,0,56.0,15.0,99.0,22.0,8.0
2,0,Clubs,0,1,56.0,9.0,97.0,22.0,8.0
2,1,Sports,1,0,72.0,9.0,98.0,20.0,8.0
0,0,Sports,0,0,61.0,8.0,90.0,22.0,8.0
2,0,Sports,1,1,60.0,9.0,90.0,22.0,8.0
1,0,Arts,0,1,56.0,14.0,91.0,24.0,8.0
0,1,Clubs,1,0,79.0,7.0,94.0,19.0,8.0
1,0,Arts,0,0,55.0,10.0,97.0,30.0,8.0
1,0,Sports,1,1,66.0,14.0,93.0,24.0,8.0
1,0,Sports,0,0,55.0,9.0,93.0,30.0,8.0
2,0,Arts,1,1,58.0,11.0,95.0,22.0,8.0
1,0,Arts,1,0,48.0,9.0,89.0,25.0,8.0
1,0,Clubs,0,1,61.0,8.0,94.0,27.0,8.0
1,1,Arts,1,1,78.0,5.0,92.0,17.0,8.0
0,0,No CCA,1,1,91.0,10.0,90.0,18.0,8.0
0,1,Sports,1,1,71.0,15.0,93.0,16.0,8.0
2,0,No CCA,0,1,70.0,10.0,91.0,21.0,8.0
0,0,Arts,0,0,70.0,12.0,93.0,20.0,8.0
1,1,Sports,0,1,79.0,6.0,100.0,17.0,8.0
1,0,Sports,0,1,48.0,8.0,80.0,24.0,8.0
1,0,Arts,0,0,51.0,7.0,91.0,31.0,7.0
0,0,No CCA,1,1,93.0,9.0,95.0,19.0,8.0
0,1,Clubs,1,0,74.0,12.0,96.0,15.0,8.0
1,0,Sports,1,1,63.0,13.0,95.0,28.0,8.0
1,0,Clubs,0,0,63.0,19.0,98.0,27.0,8.0
0,0,Arts,0,1,68.0,14.0,92.0,27.0,8.0
0,0,No CCA,1,1,84.0,8.0,97.0,27.0,8.0
2,0,Clubs,0,1,45.0,1.0,70.0,24.0,5.0
2,1,Sports,0,0,36.0,2.0,91.0,22.0,8.0
1,0,Arts,0,0,57.0,18.0,96.0,31.0,8.0
1,0,Clubs,0,0,48.0,4.0,93.0,30.0,8.0
0,0,No CCA,0,1,93.0,8.0,97.0,21.0,8.0
0,0,No CCA,0,0,71.0,20.0,99.0,27.0,8.0
1,0,Arts,1,0,54.0,16.0,96.0,30.0,8.0
0,0,No CCA,1,1,79.0,8.0,94.0,24.0,8.0
0,1,Sports,0,1,78.0,6.0,93.0,15.0,7.0
1,0,Arts,0,1,53.0,12.0,100.0,27.0,8.0
1,1,Clubs,0,1,47.0,13.0,96.0,25.0,8.0
0,0,Clubs,1,0,67.0,13.0,95.0,28.0,8.0
0,1,No CCA,1,0,85.0,6.0,98.0,16.0,8.0
2,0,Arts,0,1,53.0,10.0,99.0,19.0,8.0
1,0,Arts,0,0,39.0,13.0,51.0,28.0,4.0
0,1,No CCA,1,1,87.0,6.0,94.0,20.0,8.0
2,0,Clubs,0,1,67.0,12.0,98.0,23.0,8.0
1,1,Sports,0,1,76.0,8.0,93.0,21.0,8.0
2,0,Sports,0,0,44.0,11.0,,24.0,8.0
1,1,Sports,0,0,79.0,5.0,93.0,17.0,8.0
2,0,Sports,1,0,75.0,7.0,97.0,22.0,8.0
2,1,Arts,0,0,42.0,7.0,,22.0,8.0
1,0,Sports,1,1,52.0,15.0,98.0,30.0,8.0
1,0,Arts,0,1,64.0,14.0,91.0,28.0,8.0
1,0,Sports,1,0,52.0,19.0,95.0,30.0,8.0
1,0,Sports,0,1,57.0,17.0,97.0,27.0,8.0
1,0,Sports,0,1,58.0,5.0,92.0,27.0,8.0
2,0,No CCA,1,1,62.0,7.0,93.0,22.0,8.0
2,0,Arts,0,1,44.0,3.0,98.0,24.0,8.0
0,0,No CCA,0,1,94.0,10.0,96.0,21.0,8.0
1,1,No CCA,0,1,87.0,6.0,92.0,17.0,7.0
0,1,No CCA,0,0,82.0,8.0,91.0,19.0,8.0
0,0,No CCA,1,1,80.0,9.0,96.0,24.0,8.0
1,1,Sports,1,0,56.0,9.0,99.0,27.0,8.0
1,0,Sports,0,1,62.0,8.0,97.0,28.0,8.0
2,0,Arts,0,0,59.0,19.0,95.0,22.0,8.0
0,0,No CCA,1,0,90.0,8.0,90.0,18.0,7.0
1,1,Sports,1,0,56.0,6.0,98.0,27.0,8.0
1,1,No CCA,0,0,48.0,12.0,96.0,30.0,8.0
2,1,No CCA,1,1,72.0,18.0,98.0,15.0,8.0
0,0,No CCA,0,1,93.0,10.0,91.0,22.0,8.0
1,1,Sports,0,1,49.0,14.0,52.0,25.0,4.0
2,0,Arts,1,1,57.0,8.0,95.0,20.0,8.0
2,0,Clubs,0,1,42.0,3.0,94.0,22.0,8.0
0,0,Clubs,1,0,73.0,12.0,100.0,28.0,8.0
0,0,Sports,1,0,72.0,5.0,96.0,28.0,8.0
0,0,Arts,1,1,73.0,11.0,93.0,28.0,8.0
1,0,Arts,1,1,69.0,8.0,94.0,24.0,8.0
1,1,No CCA,0,1,85.0,9.0,96.0,22.0,8.0
2,0,No CCA,0,1,72.0,16.0,96.0,19.0,8.0
1,1,No CCA,1,1,88.0,5.0,90.0,21.0,8.0
2,0,Sports,1,1,54.0,9.0,97.0,22.0,8.0
2,0,Clubs,0,0,47.0,3.0,81.0,23.0,7.0
1,0,Clubs,0,0,61.0,17.0,100.0,27.0,8.0
0,1,Arts,1,0,81.0,7.0,92.0,15.0,8.0
0,0,Arts,0,0,57.0,19.0,97.0,22.0,8.0
0,1,No CCA,0,1,76.0,12.0,94.0,19.0,8.0
2,0,Arts,0,0,53.0,20.0,93.0,22.0,8.0
1,0,Sports,0,0,45.0,8.0,72.0,24.0,7.0
2,1,Sports,0,1,46.0,11.0,94.0,23.0,8.0
0,0,No CCA,0,1,87.0,8.0,95.0,22.0,8.0
1,0,Sports,0,0,50.0,20.0,83.0,25.0,7.0
1,1,No CCA,0,1,76.0,9.0,,21.0,7.0
1,1,Arts,0,1,71.0,11.0,96.0,20.0,8.0
2,1,Arts,0,1,58.0,17.0,93.0,16.0,8.0
0,0,No CCA,0,1,93.0,9.0,91.0,21.0,8.0
1,1,No CCA,0,1,87.0,6.0,96.0,17.0,8.0
2,0,Arts,0,0,54.0,9.0,94.0,22.0,8.0
2,0,Sports,1,1,70.0,12.0,96.0,21.0,8.0
0,0,No CCA,0,0,66.0,16.0,96.0,27.0,8.0
1,1,Sports,1,1,45.0,4.0,96.0,30.0,8.0
0,1,Sports,1,0,77.0,8.0,92.0,18.0,8.0
1,1,No CCA,1,1,85.0,7.0,95.0,17.0,8.0
0,0,No CCA,1,1,93.0,7.0,96.0,23.0,8.0
1,1,No CCA,0,0,81.0,9.0,92.0,19.0,8.0
1,1,No CCA,1,1,98.0,8.0,90.0,17.0,8.0
0,0,No CCA,0,1,58.0,11.0,99.0,27.0,8.0
1,0,Arts,1,1,59.0,12.0,,28.0,8.0
2,0,Clubs,0,1,54.0,12.0,95.0,22.0,8.0
1,0,Clubs,1,1,63.0,17.0,92.0,28.0,8.0
1,0,Clubs,1,0,59.0,16.0,99.0,30.0,8.0
0,0,No CCA,0,1,69.0,8.0,94.0,21.0,8.0
0,0,Clubs,1,1,81.0,9.0,100.0,27.0,8.0
0,1,No CCA,1,1,91.0,7.0,95.0,16.0,8.0
2,1,Clubs,1,0,69.0,14.0,95.0,15.0,8.0
2,0,Clubs,0,0,76.0,13.0,94.0,21.0,8.0
1,0,Clubs,1,0,60.0,17.0,97.0,31.0,8.0
1,0,Arts,1,1,70.0,14.0,95.0,24.0,8.0
2,0,No CCA,0,1,67.0,18.0,97.0,23.0,8.0
2,0,Arts,0,0,42.0,1.0,97.0,24.0,8.0
2,0,Arts,1,0,72.0,7.0,,17.0,8.0
0,0,No CCA,1,0,73.0,20.0,99.0,28.0,8.0
2,0,Sports,1,1,78.0,6.0,96.0,17.0,8.0
1,0,Sports,0,0,53.0,8.0,98.0,29.0,8.0
0,0,Sports,0,1,57.0,5.0,95.0,22.0,8.0
2,0,Sports,1,1,71.0,11.0,93.0,23.0,8.0
0,0,Sports,0,1,70.0,18.0,97.0,22.0,8.0
0,0,No CCA,1,1,91.0,6.0,93.0,23.0,8.0
0,0,No CCA,1,1,87.0,9.0,96.0,23.0,8.0
2,1,Clubs,0,1,58.0,11.0,95.0,16.0,8.0
0,0,Arts,1,1,86.0,8.0,99.0,22.0,8.0
1,0,Arts,0,0,50.0,20.0,92.0,25.0,8.0
1,1,Sports,0,1,75.0,18.0,94.0,21.0,8.0
0,0,Sports,0,0,62.0,14.0,95.0,27.0,8.0
1,1,Arts,1,0,56.0,7.0,90.0,27.0,8.0
1,0,Sports,0,0,62.0,9.0,98.0,31.0,8.0
0,0,No CCA,0,0,64.0,16.0,92.0,22.0,8.0
1,0,Arts,0,0,55.0,20.0,90.0,30.0,8.0
0,0,No CCA,0,1,77.0,8.0,91.0,21.0,8.0
1,1,Arts,1,0,98.0,7.0,97.0,17.0,8.0
1,1,No CCA,0,0,83.0,8.0,92.0,17.0,8.0
1,0,Sports,1,0,48.0,0.0,90.0,30.0,7.0
2,0,Clubs,1,0,56.0,9.0,94.0,22.0,8.0
0,1,Sports,0,1,78.0,9.0,94.0,16.0,8.0
1,1,Clubs,0,1,41.0,0.0,75.0,28.0,6.0
1,0,Clubs,0,1,64.0,19.0,,28.0,8.0
2,0,Arts,0,1,71.0,12.0,96.0,21.0,8.0
1,0,Arts,1,0,52.0,8.0,,30.0,8.0
1,1,Clubs,0,0,77.0,7.0,98.0,17.0,8.0
0,1,No CCA,0,1,69.0,9.0,93.0,16.0,8.0
1,0,Clubs,0,1,61.0,8.0,100.0,27.0,8.0
1,0,Sports,1,1,61.0,16.0,92.0,22.0,7.0
2,0,Clubs,1,0,72.0,9.0,99.0,22.0,8.0
2,0,No CCA,1,0,82.0,6.0,100.0,17.0,8.0
1,0,Arts,1,0,48.0,9.0,65.0,30.0,6.0
0,1,Arts,0,1,72.0,15.0,100.0,16.0,8.0
1,0,Clubs,1,1,50.0,13.0,82.0,30.0,8.0
0,1,No CCA,1,1,87.0,7.0,,17.0,8.0
1,0,Sports,1,0,52.0,7.0,96.0,30.0,8.0
1,0,No CCA,1,1,78.0,9.0,92.0,25.0,8.0
0,0,Arts,1,0,61.0,10.0,99.0,20.0,8.0
2,0,No CCA,1,1,78.0,8.0,91.0,17.0,8.0
1,0,Sports,1,1,48.0,14.0,86.0,30.0,8.0
0,0,No CCA,0,0,83.0,9.0,97.0,23.0,8.0
2,1,No CCA,1,0,75.0,8.0,100.0,20.0,8.0
2,0,Sports,0,1,45.0,12.0,99.0,23.0,8.0
2,0,Sports,0,1,60.0,8.0,95.0,22.0,8.0
2,1,Arts,0,0,42.0,11.0,93.0,22.0,7.0
0,1,No CCA,0,1,83.0,7.0,90.0,15.0,7.0
1,0,No CCA,0,1,65.0,13.0,96.0,28.0,8.0
0,0,Arts,1,1,95.0,8.0,95.0,19.0,8.0
0,0,Sports,0,1,61.0,16.0,99.0,20.0,8.0
1,1,Sports,0,1,70.0,13.0,91.0,19.0,8.0
0,0,Arts,1,0,74.0,5.0,97.0,28.0,8.0
0,1,Sports,1,1,81.0,5.0,90.0,17.0,8.0
0,0,No CCA,0,1,71.0,18.0,90.0,20.0,8.0
1,0,No CCA,0,1,54.0,9.0,97.0,27.0,8.0
1,0,Sports,0,1,54.0,18.0,97.0,24.0,8.0
1,1,No CCA,0,1,78.0,6.0,91.0,21.0,7.0
0,1,Sports,0,0,80.0,7.0,94.0,20.0,8.0
0,1,Clubs,0,1,73.0,12.0,94.0,15.0,8.0
1,1,No CCA,1,0,82.0,5.0,97.0,17.0,8.0
1,1,No CCA,1,0,92.0,6.0,97.0,21.0,8.0
1,0,Clubs,1,0,54.0,10.0,90.0,26.0,7.0
2,0,Arts,1,1,70.0,19.0,92.0,21.0,8.0
0,0,No CCA,0,1,66.0,14.0,96.0,21.0,8.0
2,1,Clubs,1,0,76.0,12.0,98.0,14.0,8.0
0,0,No CCA,1,1,72.0,7.0,92.0,27.0,8.0
0,0,Arts,1,1,92.0,5.0,92.0,18.0,8.0
1,0,No CCA,0,1,65.0,18.0,96.0,28.0,8.0
1,0,Arts,1,1,64.0,14.0,93.0,28.0,8.0
1,1,No CCA,0,1,71.0,11.0,,20.0,8.0
2,0,No CCA,1,1,68.0,12.0,97.0,23.0,8.0
0,0,Clubs,0,1,77.0,5.0,91.0,22.0,7.0
2,1,Arts,1,0,75.0,13.0,97.0,20.0,8.0
0,1,Sports,0,1,83.0,5.0,97.0,19.0,8.0
1,0,No CCA,0,1,62.0,8.0,96.0,31.0,8.0
0,0,No CCA,0,1,88.0,6.0,99.0,22.0,8.0
0,0,No CCA,0,1,93.0,9.0,90.0,25.0,8.0
1,0,Sports,1,0,52.0,10.0,100.0,30.0,8.0
1,0,Clubs,0,0,48.0,5.0,68.0,25.0,6.0
1,0,No CCA,0,1,67.0,10.0,92.0,28.0,8.0
1,0,Arts,1,0,57.0,12.0,92.0,27.0,8.0
0,0,Arts,0,0,55.0,17.0,97.0,21.0,8.0
1,0,Sports,1,0,53.0,11.0,97.0,30.0,8.0
2,0,Sports,0,1,67.0,12.0,95.0,19.0,8.0
2,1,Arts,1,1,78.0,7.0,99.0,14.0,8.0
2,1,Clubs,1,0,83.0,9.0,95.0,18.0,8.0
1,0,Arts,0,1,63.0,11.0,98.0,28.0,8.0
0,0,Sports,0,1,60.0,18.0,91.0,21.0,7.0
0,0,No CCA,1,0,90.0,9.0,99.0,23.0,8.0
1,0,Arts,0,0,48.0,4.0,98.0,25.0,8.0
2,0,Arts,1,1,42.0,4.0,42.0,24.0,4.0
1,1,Clubs,1,1,95.0,9.0,95.0,17.0,8.0
0,1,Clubs,1,0,72.0,7.0,94.0,18.0,8.0
1,1,Arts,0,1,46.0,1.0,96.0,30.0,8.0
1,1,Arts,0,1,68.0,12.0,90.0,21.0,8.0
1,1,Clubs,0,0,56.0,10.0,96.0,25.0,8.0
0,0,Clubs,0,1,68.0,15.0,96.0,23.0,8.0
1,0,Arts,0,0,49.0,11.0,97.0,30.0,8.0
0,0,Clubs,0,1,98.0,7.0,95.0,21.0,8.0
0,0,No CCA,1,1,93.0,6.0,98.0,19.0,8.0
2,1,Arts,1,1,80.0,10.0,96.0,14.0,8.0
0,1,No CCA,1,0,77.0,6.0,100.0,15.0,8.0
0,0,Arts,1,1,59.0,8.0,97.0,20.0,8.0
2,1,Clubs,1,0,78.0,8.0,96.0,14.0,8.0
1,0,Clubs,0,1,59.0,15.0,94.0,31.0,8.0
2,1,Clubs,1,0,79.0,9.0,97.0,14.0,8.0
2,0,Arts,0,1,54.0,9.0,98.0,22.0,8.0
1,0,Clubs,1,0,47.0,5.0,81.0,30.0,7.0
0,1,Clubs,0,1,79.0,7.0,97.0,20.0,8.0
1,0,Arts,0,1,59.0,15.0,94.0,27.0,8.0
2,0,Clubs,0,1,70.0,8.0,,19.0,8.0
1,0,Clubs,1,0,67.0,14.0,98.0,24.0,8.0
1,0,Arts,0,1,50.0,8.0,93.0,25.0,8.0
0,0,Clubs,0,0,62.0,20.0,99.0,21.0,8.0
2,0,Sports,0,1,51.0,6.0,93.0,18.0,8.0
0,0,Sports,1,1,67.0,7.0,94.0,20.0,8.0
1,0,Clubs,1,0,73.0,10.0,100.0,25.0,8.0
2,0,Clubs,0,0,40.0,14.0,55.0,22.0,4.0
1,0,No CCA,0,1,64.0,11.0,97.0,22.0,8.0
1,1,Arts,0,0,54.0,9.0,98.0,25.0,8.0
2,0,Clubs,1,1,60.0,8.0,98.0,22.0,8.0
1,1,Arts,0,1,78.0,5.0,91.0,19.0,8.0
1,0,Sports,0,0,52.0,8.0,98.0,31.0,8.0
2,0,Sports,0,1,62.0,6.0,93.0,22.0,8.0
0,0,Sports,0,1,70.0,16.0,,27.0,8.0
1,0,Arts,0,0,60.0,8.0,97.0,27.0,8.0
2,1,Sports,0,0,40.0,6.0,93.0,23.0,8.0
0,0,Sports,1,1,75.0,10.0,97.0,28.0,8.0
1,1,No CCA,1,1,98.0,6.0,91.0,17.0,8.0
1,0,Clubs,0,1,53.0,19.0,98.0,30.0,8.0
2,0,Arts,1,1,78.0,6.0,99.0,17.0,8.0
1,1,Arts,0,0,54.0,16.0,98.0,25.0,8.0
0,1,No CCA,1,1,84.0,5.0,93.0,17.0,8.0
2,1,Arts,0,1,43.0,6.0,97.0,24.0,8.0
0,0,Sports,0,0,62.0,8.0,,27.0,8.0
1,1,Clubs,1,0,52.0,20.0,,27.0,8.0
0,0,Clubs,1,0,75.0,10.0,95.0,27.0,8.0
2,0,Arts,0,0,62.0,14.0,97.0,20.0,8.0
1,1,Clubs,0,1,79.0,5.0,97.0,17.0,8.0
0,0,Sports,0,1,69.0,13.0,93.0,22.0,8.0
1,0,Clubs,1,1,54.0,7.0,91.0,26.0,8.0
0,0,No CCA,0,1,73.0,17.0,96.0,22.0,8.0
2,1,Arts,1,0,73.0,17.0,94.0,15.0,8.0
1,0,Sports,1,1,78.0,6.0,95.0,25.0,8.0
1,0,Clubs,1,0,48.0,11.0,,30.0,7.0
0,0,Clubs,1,0,79.0,10.0,99.0,27.0,8.0
1,0,Sports,1,0,52.0,12.0,98.0,30.0,8.0
2,0,No CCA,0,1,69.0,20.0,96.0,23.0,8.0
0,0,Clubs,0,0,62.0,20.0,98.0,27.0,8.0
0,0,No CCA,1,1,79.0,7.0,99.0,27.0,8.0
1,0,Sports,1,1,67.0,10.0,91.0,24.0,8.0
1,1,Sports,1,1,49.0,8.0,93.0,30.0,8.0
1,0,Clubs,0,0,36.0,3.0,,24.0,4.0
0,1,No CCA,1,1,83.0,9.0,99.0,15.0,8.0
1,1,Arts,0,0,49.0,10.0,62.0,29.0,6.0
0,1,Sports,0,1,75.0,15.0,98.0,15.0,8.0
0,0,Sports,0,0,58.0,7.0,98.0,21.0,8.0
0,0,Sports,1,1,81.0,9.0,91.0,24.0,8.0
2,0,Clubs,0,0,56.0,9.0,94.0,20.0,8.0
2,0,Arts,0,1,55.0,12.0,99.0,20.0,8.0
1,1,Sports,0,0,65.0,11.0,93.0,21.0,8.0
1,1,No CCA,0,1,79.0,5.0,92.0,17.0,8.0
0,0,Arts,1,0,92.0,9.0,98.0,23.0,8.0
1,1,Sports,0,0,80.0,6.0,98.0,22.0,8.0
2,1,Clubs,1,0,70.0,17.0,99.0,15.0,8.0
0,0,Sports,1,1,84.0,8.0,100.0,23.0,8.0
1,0,Clubs,1,0,46.0,3.0,63.0,29.0,5.0
1,1,Arts,1,0,49.0,4.0,,30.0,8.0
1,1,No CCA,1,0,79.0,6.0,93.0,21.0,8.0
2,0,Sports,0,0,41.0,6.0,73.0,22.0,7.0
0,0,No CCA,1,1,60.0,13.0,96.0,20.0,8.0
1,0,Clubs,1,1,59.0,18.0,97.0,27.0,8.0
1,0,Sports,0,0,42.0,4.0,99.0,28.0,8.0
0,1,No CCA,1,0,77.0,9.0,97.0,18.0,8.0
2,0,Sports,1,1,56.0,12.0,98.0,22.0,8.0
0,0,Clubs,0,1,72.0,8.0,94.0,23.0,8.0
0,0,No CCA,1,1,83.0,9.0,96.0,24.0,8.0
2,0,No CCA,0,0,73.0,14.0,93.0,21.0,8.0
0,0,Sports,0,0,68.0,17.0,96.0,20.0,8.0
0,0,Sports,1,1,74.0,17.0,98.0,24.0,8.0
1,1,No CCA,1,1,82.0,9.0,97.0,17.0,8.0
1,0,Sports,1,0,54.0,8.0,94.0,30.0,8.0
0,0,Arts,0,1,78.0,8.0,92.0,21.0,8.0
0,0,No CCA,1,1,95.0,9.0,91.0,23.0,8.0
1,1,Clubs,0,1,44.0,14.0,41.0,25.0,4.0
2,0,Sports,0,1,58.0,14.0,97.0,20.0,8.0
1,0,Sports,0,0,42.0,2.0,74.0,24.0,6.0
2,0,Clubs,1,0,69.0,19.0,100.0,22.0,8.0
0,0,Clubs,0,0,65.0,6.0,91.0,27.0,8.0
2,0,Arts,0,0,40.0,12.0,,23.0,6.0
1,0,Sports,0,0,51.0,16.0,97.0,31.0,8.0
0,0,Sports,1,0,92.0,8.0,90.0,19.0,8.0
2,1,Clubs,1,0,72.0,10.0,99.0,20.0,8.0
1,1,Arts,0,0,86.0,8.0,97.0,17.0,8.0
0,0,Sports,0,0,55.0,9.0,95.0,21.0,8.0
2,0,Arts,1,1,72.0,10.0,94.0,22.0,8.0
1,1,Sports,1,1,100.0,9.0,,17.0,8.0
2,1,Arts,1,1,77.0,8.0,96.0,14.0,8.0
0,1,Arts,0,0,76.0,6.0,98.0,16.0,8.0
1,0,Arts,1,1,53.0,15.0,100.0,30.0,8.0
2,0,Clubs,0,1,73.0,9.0,93.0,21.0,7.0
2,1,Clubs,1,0,77.0,6.0,,14.0,8.0
0,1,No CCA,1,1,76.0,8.0,99.0,15.0,8.0
1,1,Clubs,0,1,70.0,9.0,95.0,19.0,8.0
0,0,No CCA,0,1,67.0,15.0,96.0,22.0,8.0
0,0,Arts,1,1,79.0,7.0,94.0,24.0,8.0
0,0,Sports,1,1,95.0,6.0,100.0,23.0,8.0
0,1,No CCA,1,1,86.0,6.0,91.0,17.0,8.0
1,1,Arts,1,1,87.0,7.0,95.0,17.0,8.0
1,0,Sports,1,0,58.0,13.0,,26.0,8.0
0,0,Sports,0,1,64.0,12.0,93.0,22.0,8.0
0,0,Arts,0,1,77.0,7.0,95.0,21.0,8.0
0,1,Arts,0,0,69.0,10.0,92.0,19.0,8.0
0,0,No CCA,0,0,60.0,20.0,94.0,21.0,8.0
0,1,Sports,0,1,79.0,9.0,95.0,15.0,8.0
2,0,No CCA,0,1,61.0,10.0,94.0,20.0,8.0
0,0,Sports,0,1,69.0,5.0,98.0,22.0,8.0
2,0,Sports,0,0,58.0,13.0,95.0,20.0,8.0
1,1,Arts,1,0,49.0,14.0,97.0,30.0,8.0
0,1,No CCA,1,0,69.0,15.0,,16.0,8.0
0,0,Sports,0,0,65.0,6.0,92.0,27.0,8.0
0,1,Clubs,1,1,82.0,5.0,93.0,20.0,8.0
0,0,Arts,1,1,58.0,13.0,93.0,20.0,8.0
1,0,Clubs,0,0,48.0,12.0,53.0,24.0,5.0
0,0,Sports,1,0,79.0,7.0,93.0,27.0,8.0
2,1,Clubs,1,0,68.0,7.0,97.0,15.0,8.0
1,0,Arts,0,0,45.0,12.0,71.0,24.0,7.0
2,1,Arts,1,0,73.0,19.0,96.0,15.0,8.0
1,0,No CCA,1,0,60.0,14.0,98.0,26.0,8.0
1,1,Arts,0,1,52.0,20.0,98.0,25.0,8.0
1,0,Sports,0,0,59.0,9.0,99.0,27.0,8.0
2,0,Sports,1,0,69.0,12.0,93.0,23.0,8.0
1,1,Arts,0,0,42.0,3.0,61.0,28.0,5.0
1,1,No CCA,0,1,76.0,11.0,97.0,21.0,8.0
2,0,No CCA,0,0,62.0,16.0,92.0,20.0,8.0
0,0,Clubs,1,1,79.0,9.0,,28.0,8.0
2,0,Arts,1,0,74.0,17.0,96.0,23.0,8.0
0,0,Sports,1,0,77.0,8.0,97.0,27.0,8.0
1,1,Arts,0,0,56.0,18.0,92.0,25.0,8.0
2,0,No CCA,0,0,41.0,1.0,90.0,22.0,8.0
2,0,Sports,0,0,47.0,1.0,93.0,23.0,8.0
1,1,No CCA,0,1,81.0,6.0,91.0,21.0,8.0
1,1,Arts,0,0,86.0,7.0,98.0,17.0,8.0
1,1,Sports,1,1,78.0,9.0,94.0,17.0,8.0
2,0,No CCA,1,1,61.0,12.0,99.0,22.0,8.0
1,0,Clubs,0,0,48.0,2.0,95.0,25.0,8.0
0,1,Clubs,1,0,76.0,17.0,95.0,18.0,8.0
0,0,No CCA,0,1,77.0,6.0,98.0,21.0,8.0
0,0,No CCA,1,1,93.0,9.0,93.0,19.0,8.0
1,1,No CCA,0,1,68.0,15.0,99.0,19.0,8.0
0,1,No CCA,0,0,76.0,11.0,94.0,19.0,8.0
2,0,Sports,1,0,77.0,5.0,92.0,17.0,8.0
2,0,Arts,0,1,55.0,17.0,97.0,22.0,8.0
1,0,Arts,0,0,56.0,13.0,96.0,27.0,8.0
1,0,Arts,1,1,71.0,8.0,95.0,25.0,8.0
2,0,Sports,0,0,43.0,14.0,57.0,22.0,5.0
0,1,No CCA,1,1,83.0,5.0,,16.0,8.0
1,0,Arts,1,1,63.0,16.0,93.0,27.0,8.0
0,0,Sports,0,0,61.0,15.0,96.0,22.0,8.0
0,0,Clubs,0,1,69.0,5.0,91.0,21.0,8.0
0,1,Clubs,0,1,75.0,15.0,98.0,15.0,8.0
1,1,Arts,1,0,57.0,18.0,98.0,27.0,8.0
2,0,Arts,0,0,50.0,5.0,90.0,19.0,8.0
2,1,No CCA,1,0,73.0,18.0,90.0,14.0,8.0
0,0,No CCA,1,1,78.0,7.0,92.0,24.0,8.0
1,1,Sports,0,1,79.0,6.0,96.0,17.0,8.0
0,0,Arts,0,1,61.0,11.0,95.0,22.0,8.0
0,0,Clubs,1,0,88.0,5.0,97.0,19.0,8.0
0,0,Arts,1,0,73.0,19.0,98.0,28.0,8.0
1,0,Clubs,1,0,52.0,10.0,98.0,30.0,8.0
1,0,Clubs,1,1,76.0,9.0,96.0,25.0,8.0
1,1,Clubs,1,1,95.0,8.0,,17.0,8.0
2,1,No CCA,1,1,74.0,19.0,90.0,14.0,8.0
0,1,Arts,1,0,74.0,8.0,91.0,15.0,8.0
1,0,Arts,0,0,50.0,7.0,95.0,25.0,8.0
1,0,Arts,1,1,59.0,19.0,,28.0,8.0
0,0,Clubs,1,1,90.0,6.0,90.0,23.0,7.0
0,0,Clubs,1,1,83.0,6.0,91.0,24.0,8.0
1,0,Arts,1,0,56.0,11.0,90.0,26.0,8.0
1,1,Sports,1,1,75.0,7.0,95.0,21.0,8.0
0,0,No CCA,1,0,71.0,7.0,90.0,28.0,7.0
2,0,Clubs,0,0,54.0,17.0,94.0,20.0,8.0
1,0,Arts,0,1,58.0,8.0,99.0,28.0,8.0
1,0,Sports,0,1,55.0,15.0,98.0,24.0,8.0
0,1,No CCA,0,1,73.0,12.0,99.0,15.0,8.0
1,0,Sports,0,1,61.0,14.0,97.0,22.0,8.0
1,1,Arts,0,0,76.0,11.0,98.0,21.0,8.0
0,1,Arts,1,0,79.0,7.0,96.0,17.0,8.0
2,0,Arts,0,1,67.0,17.0,99.0,19.0,8.0
0,0,No CCA,1,1,89.0,9.0,99.0,23.0,8.0
2,0,No CCA,1,0,70.0,16.0,92.0,22.0,7.0
2,0,No CCA,0,0,57.0,18.0,99.0,22.0,8.0
0,0,No CCA,1,1,70.0,5.0,96.0,27.0,8.0
1,0,Sports,0,1,61.0,8.0,93.0,27.0,8.0
0,0,No CCA,1,1,68.0,12.0,91.0,23.0,8.0
2,0,Sports,0,1,40.0,12.0,,22.0,8.0
0,0,Sports,0,1,54.0,11.0,100.0,21.0,8.0
2,0,Clubs,1,1,78.0,5.0,95.0,17.0,8.0
0,0,Arts,0,0,65.0,14.0,96.0,27.0,8.0
1,0,Arts,0,1,60.0,8.0,93.0,22.0,8.0
0,1,No CCA,0,1,78.0,7.0,95.0,15.0,8.0
0,0,Arts,0,0,93.0,6.0,99.0,21.0,8.0
2,0,Sports,0,1,70.0,17.0,98.0,21.0,8.0
0,1,Sports,1,0,70.0,19.0,91.0,16.0,8.0
1,1,Arts,1,1,83.0,8.0,93.0,17.0,8.0
0,1,Sports,0,1,71.0,12.0,99.0,16.0,8.0
2,0,Sports,0,1,59.0,13.0,99.0,20.0,8.0
1,1,No CCA,1,0,100.0,10.0,93.0,17.0,8.0
0,1,Arts,1,0,81.0,6.0,93.0,21.0,8.0
1,0,Arts,0,1,53.0,6.0,95.0,30.0,8.0
0,0,Arts,1,0,67.0,6.0,99.0,28.0,8.0
2,0,Arts,1,1,56.0,10.0,92.0,22.0,8.0
1,0,Sports,1,0,50.0,18.0,73.0,30.0,7.0
1,0,Arts,1,0,54.0,11.0,93.0,24.0,8.0
0,0,Sports,0,1,95.0,7.0,95.0,22.0,8.0
1,1,No CCA,1,0,88.0,5.0,98.0,17.0,8.0
0,0,No CCA,0,0,70.0,9.0,98.0,27.0,8.0
0,0,Clubs,0,1,93.0,7.0,95.0,21.0,8.0
2,0,Clubs,1,1,52.0,11.0,90.0,22.0,8.0
1,0,Arts,0,0,51.0,7.0,96.0,30.0,8.0
0,0,Arts,0,0,63.0,16.0,93.0,27.0,8.0
0,0,No CCA,1,1,85.0,7.0,99.0,23.0,8.0
2,0,Clubs,0,1,70.0,13.0,94.0,21.0,8.0
0,1,Arts,1,0,74.0,15.0,97.0,15.0,8.0
2,0,Clubs,0,0,73.0,12.0,98.0,21.0,8.0
0,0,Clubs,1,1,60.0,19.0,94.0,27.0,8.0
0,0,Sports,0,0,70.0,10.0,95.0,27.0,8.0
2,1,No CCA,1,1,84.0,9.0,91.0,14.0,8.0
1,1,Sports,0,1,72.0,9.0,94.0,19.0,8.0
0,0,No CCA,1,1,86.0,6.0,96.0,18.0,8.0
2,0,Sports,1,1,69.0,15.0,92.0,23.0,8.0
1,0,Sports,0,1,63.0,16.0,91.0,24.0,8.0
0,0,Clubs,0,0,69.0,11.0,93.0,27.0,8.0
2,0,Sports,1,1,67.0,8.0,93.0,23.0,8.0
0,0,No CCA,1,1,88.0,9.0,91.0,22.0,8.0
2,1,Sports,1,1,78.0,10.0,91.0,14.0,8.0
0,0,No CCA,1,1,94.0,8.0,93.0,23.0,8.0
2,0,No CCA,1,1,77.0,7.0,99.0,17.0,8.0
1,0,Arts,0,0,58.0,12.0,95.0,27.0,8.0
1,0,Arts,0,0,54.0,10.0,99.0,27.0,8.0
1,1,Sports,1,1,45.0,9.0,63.0,30.0,5.0
0,1,No CCA,0,0,75.0,16.0,96.0,20.0,8.0
0,1,Clubs,0,0,76.0,8.0,99.0,21.0,8.0
0,0,Clubs,0,0,54.0,13.0,100.0,21.0,8.0
1,0,Clubs,1,0,56.0,6.0,97.0,26.0,8.0
2,0,Sports,0,1,68.0,10.0,96.0,19.0,8.0
0,0,Clubs,0,1,75.0,8.0,92.0,21.0,8.0
0,1,Arts,1,0,78.0,9.0,98.0,20.0,8.0
2,1,Sports,1,0,67.0,19.0,91.0,15.0,8.0
0,1,Clubs,0,1,78.0,5.0,91.0,20.0,7.0
2,1,No CCA,1,0,79.0,7.0,99.0,18.0,8.0
0,0,Sports,0,0,69.0,12.0,92.0,21.0,8.0
0,0,No CCA,1,0,60.0,19.0,94.0,21.0,7.0
0,0,Sports,0,0,61.0,11.0,90.0,21.0,8.0
2,0,Arts,0,1,61.0,13.0,95.0,20.0,8.0
0,0,Sports,0,0,92.0,9.0,92.0,25.0,8.0
2,1,Clubs,0,0,62.0,12.0,93.0,16.0,8.0
1,0,Sports,0,1,41.0,3.0,78.0,24.0,8.0
2,0,Sports,0,0,53.0,7.0,93.0,22.0,8.0
0,0,Clubs,1,1,57.0,19.0,90.0,21.0,8.0
0,0,No CCA,1,0,86.0,9.0,96.0,23.0,8.0
1,0,Arts,0,1,65.0,9.0,96.0,28.0,8.0
2,0,Sports,0,0,57.0,7.0,100.0,22.0,8.0
0,0,No CCA,0,0,69.0,19.0,92.0,21.0,8.0
1,1,Arts,0,1,78.0,7.0,93.0,17.0,8.0
0,0,Clubs,0,1,98.0,10.0,96.0,21.0,8.0
2,0,Sports,0,0,42.0,4.0,84.0,22.0,7.0
0,1,Sports,0,1,80.0,7.0,,20.0,8.0
2,0,Clubs,0,1,72.0,12.0,97.0,19.0,8.0
1,0,Sports,0,0,43.0,4.0,60.0,28.0,6.0
2,0,No CCA,1,0,62.0,17.0,93.0,23.0,8.0
1,0,No CCA,1,1,66.0,6.0,95.0,24.0,8.0
0,0,No CCA,0,0,91.0,8.0,98.0,25.0,8.0
2,0,Sports,1,1,74.0,9.0,99.0,19.0,8.0
2,0,No CCA,1,1,83.0,9.0,97.0,17.0,8.0
1,0,Arts,0,1,74.0,8.0,92.0,28.0,8.0
1,1,Clubs,0,0,43.0,4.0,76.0,24.0,7.0
1,1,No CCA,0,1,85.0,6.0,97.0,22.0,8.0
2,0,Clubs,0,1,56.0,7.0,92.0,18.0,8.0
0,1,Clubs,1,0,86.0,6.0,98.0,17.0,8.0
1,0,Sports,1,0,57.0,7.0,,26.0,8.0
0,0,No CCA,0,1,89.0,6.0,98.0,21.0,8.0
0,0,Arts,0,1,62.0,14.0,91.0,21.0,8.0
1,0,No CCA,0,0,61.0,20.0,95.0,27.0,8.0
2,0,No CCA,1,1,52.0,10.0,95.0,22.0,8.0
0,0,No CCA,0,0,81.0,8.0,94.0,21.0,8.0
0,0,Sports,0,0,57.0,8.0,93.0,22.0,8.0
1,0,Sports,1,0,50.0,6.0,55.0,30.0,5.0
2,0,Clubs,0,0,40.0,1.0,97.0,23.0,8.0
0,0,No CCA,1,1,90.0,10.0,95.0,18.0,8.0
0,0,Sports,0,1,65.0,16.0,99.0,27.0,8.0
0,0,Sports,1,1,59.0,17.0,98.0,21.0,8.0
0,0,Arts,0,1,70.0,20.0,100.0,22.0,8.0
1,1,No CCA,0,1,85.0,8.0,92.0,22.0,7.0
0,1,No CCA,1,1,82.0,6.0,99.0,17.0,8.0
2,0,Clubs,0,1,49.0,1.0,94.0,22.0,8.0
0,1,Clubs,1,1,79.0,8.0,93.0,18.0,8.0
1,0,Sports,0,1,59.0,10.0,95.0,28.0,8.0
1,1,Clubs,0,1,52.0,16.0,92.0,25.0,8.0
2,1,Arts,0,0,43.0,8.0,99.0,24.0,8.0
1,0,Arts,0,1,63.0,13.0,99.0,28.0,8.0
1,0,Sports,0,0,53.0,7.0,100.0,25.0,8.0
2,0,Clubs,1,0,63.0,18.0,96.0,23.0,8.0
1,0,Arts,1,1,61.0,15.0,98.0,28.0,8.0
1,0,Sports,0,0,34.0,12.0,93.0,28.0,8.0
1,0,Sports,1,1,57.0,8.0,94.0,27.0,8.0
1,0,Arts,0,1,63.0,11.0,94.0,28.0,8.0
0,0,Arts,1,0,79.0,8.0,93.0,27.0,8.0
1,0,Sports,1,0,57.0,12.0,99.0,26.0,8.0
0,0,No CCA,0,0,93.0,6.0,97.0,25.0,8.0
1,0,Clubs,0,1,74.0,17.0,100.0,22.0,8.0
0,0,Clubs,0,0,66.0,6.0,92.0,22.0,7.0
1,0,Sports,0,1,65.0,12.0,,28.0,8.0
1,1,No CCA,0,1,79.0,8.0,99.0,21.0,8.0
2,1,No CCA,1,0,84.0,6.0,94.0,18.0,8.0
2,1,Sports,0,1,65.0,11.0,97.0,16.0,8.0
1,1,Clubs,0,0,49.0,6.0,66.0,30.0,6.0
1,0,Clubs,0,0,54.0,18.0,96.0,25.0,8.0
1,0,No CCA,0,1,64.0,16.0,99.0,28.0,8.0
1,0,Sports,0,1,61.0,17.0,94.0,27.0,8.0
1,0,Sports,0,0,53.0,16.0,94.0,30.0,8.0
1,0,Clubs,0,0,58.0,10.0,92.0,31.0,8.0
2,0,Clubs,1,1,62.0,8.0,98.0,22.0,8.0
0,0,Clubs,1,1,92.0,5.0,96.0,23.0,8.0
0,0,Clubs,1,1,78.0,9.0,,28.0,8.0
0,1,No CCA,0,1,79.0,6.0,91.0,20.0,8.0
2,0,Clubs,0,0,44.0,4.0,49.0,24.0,4.0
0,0,No CCA,1,0,95.0,7.0,90.0,18.0,8.0
1,0,Arts,0,1,66.0,10.0,93.0,28.0,8.0
0,1,Clubs,0,0,81.0,8.0,93.0,21.0,8.0
0,0,Clubs,0,0,68.0,12.0,90.0,22.0,8.0
1,1,No CCA,0,0,81.0,10.0,99.0,22.0,8.0
1,1,Clubs,1,1,100.0,9.0,94.0,17.0,8.0
0,0,No CCA,1,0,95.0,8.0,,19.0,8.0
0,0,Arts,1,1,61.0,8.0,99.0,20.0,8.0
1,0,Sports,1,0,45.0,3.0,,30.0,4.0
1,1,Arts,0,1,75.0,0.0,100.0,17.0,8.0
0,0,No CCA,1,1,93.0,6.0,92.0,23.0,8.0
0,0,No CCA,0,1,66.0,10.0,99.0,20.0,8.0
1,0,Sports,1,0,54.0,10.0,98.0,30.0,8.0
1,1,Sports,1,0,49.0,3.0,96.0,30.0,8.0
1,0,No CCA,0,1,62.0,18.0,97.0,28.0,8.0
1,0,Clubs,0,1,52.0,6.0,95.0,25.0,8.0
0,0,No CCA,0,0,93.0,7.0,96.0,25.0,8.0
1,1,Clubs,1,1,57.0,6.0,,27.0,8.0
0,0,Sports,1,1,88.0,10.0,93.0,23.0,8.0
2,0,Sports,0,1,50.0,7.0,95.0,22.0,8.0
0,0,Clubs,1,1,78.0,7.0,94.0,24.0,8.0
0,1,No CCA,1,0,81.0,9.0,,17.0,8.0
0,0,Sports,1,1,96.0,10.0,99.0,25.0,8.0
0,0,No CCA,0,1,91.0,8.0,91.0,21.0,7.0
0,1,No CCA,0,1,82.0,7.0,92.0,19.0,7.0
1,0,Sports,1,0,50.0,13.0,97.0,26.0,8.0
2,1,Clubs,1,0,76.0,17.0,90.0,14.0,8.0
0,0,Clubs,1,0,68.0,17.0,95.0,27.0,8.0
1,1,No CCA,0,1,79.0,6.0,92.0,21.0,8.0
2,0,Clubs,1,1,78.0,7.0,97.0,17.0,8.0
2,1,No CCA,1,0,84.0,8.0,94.0,18.0,8.0
2,1,No CCA,1,0,69.0,8.0,96.0,15.0,8.0
1,0,Arts,0,0,45.0,11.0,99.0,28.0,8.0
1,0,Arts,0,0,41.0,3.0,90.0,28.0,8.0
0,0,Clubs,0,0,65.0,9.0,93.0,27.0,8.0
0,1,No CCA,0,1,78.0,7.0,91.0,15.0,8.0
0,1,Arts,1,0,82.0,7.0,93.0,18.0,8.0
0,1,Sports,1,1,70.0,10.0,99.0,16.0,8.0
0,0,No CCA,0,1,69.0,17.0,99.0,22.0,8.0
1,1,No CCA,0,1,66.0,9.0,91.0,21.0,8.0
0,1,Sports,1,0,74.0,11.0,92.0,15.0,8.0
2,0,Sports,0,1,55.0,11.0,91.0,18.0,8.0
0,0,Arts,0,0,67.0,8.0,92.0,27.0,8.0
2,0,No CCA,0,0,62.0,18.0,95.0,20.0,8.0
2,0,Clubs,0,0,43.0,1.0,92.0,22.0,8.0
0,1,Clubs,1,1,87.0,9.0,93.0,16.0,8.0
2,0,Sports,0,1,62.0,13.0,94.0,20.0,8.0
0,1,Arts,0,1,78.0,9.0,91.0,15.0,8.0
2,0,Sports,0,0,59.0,7.0,98.0,20.0,8.0
0,0,Clubs,0,1,93.0,7.0,93.0,25.0,8.0
1,0,Sports,0,0,53.0,17.0,90.0,25.0,8.0
0,1,No CCA,1,1,85.0,9.0,,16.0,8.0
1,0,Arts,0,1,54.0,19.0,96.0,25.0,8.0
0,1,Sports,0,1,71.0,15.0,98.0,20.0,8.0
0,1,Arts,1,1,70.0,5.0,92.0,16.0,8.0
2,0,No CCA,1,1,56.0,18.0,92.0,18.0,8.0
2,0,Clubs,0,0,38.0,10.0,93.0,23.0,8.0
1,1,Arts,0,1,74.0,16.0,97.0,20.0,8.0
0,1,No CCA,1,0,83.0,10.0,94.0,20.0,8.0
1,1,Arts,1,1,79.0,9.0,100.0,17.0,8.0
1,0,Arts,0,1,53.0,8.0,97.0,31.0,8.0
1,0,Clubs,0,1,60.0,15.0,91.0,24.0,8.0
2,0,Sports,1,1,79.0,9.0,91.0,17.0,8.0
0,1,No CCA,0,1,69.0,5.0,,16.0,8.0
0,1,Sports,1,1,81.0,9.0,98.0,18.0,8.0
2,0,Sports,1,0,71.0,16.0,97.0,22.0,8.0
1,0,Arts,0,0,45.0,1.0,62.0,30.0,6.0
2,0,Sports,1,0,72.0,7.0,94.0,23.0,8.0
2,1,No CCA,1,0,71.0,12.0,92.0,15.0,8.0
1,0,Sports,0,0,44.0,14.0,50.0,24.0,5.0
0,0,No CCA,0,0,92.0,9.0,97.0,22.0,8.0
1,1,No CCA,1,0,87.0,9.0,99.0,17.0,8.0
1,1,Arts,1,1,48.0,12.0,92.0,24.0,8.0
1,0,Sports,0,0,44.0,3.0,64.0,28.0,5.0
1,0,Clubs,1,1,53.0,5.0,97.0,30.0,8.0
0,0,Sports,1,0,81.0,6.0,97.0,24.0,8.0
1,0,Clubs,1,0,59.0,10.0,99.0,31.0,8.0
1,1,Arts,0,1,77.0,10.0,94.0,20.0,8.0
0,1,No CCA,0,0,81.0,7.0,97.0,21.0,8.0
1,0,Clubs,1,1,57.0,9.0,94.0,28.0,8.0
0,0,No CCA,1,1,65.0,7.0,91.0,20.0,8.0
0,0,Sports,0,1,87.0,7.0,91.0,22.0,8.0
2,0,Clubs,0,0,48.0,1.0,77.0,19.0,7.0
0,0,No CCA,0,0,55.0,8.0,99.0,22.0,8.0
1,0,Clubs,1,0,48.0,7.0,100.0,30.0,8.0
1,1,Sports,0,1,80.0,7.0,96.0,21.0,8.0
1,0,Clubs,0,1,51.0,6.0,97.0,30.0,8.0
1,0,Arts,1,1,69.0,6.0,99.0,24.0,8.0
2,1,No CCA,1,1,76.0,15.0,97.0,18.0,8.0
1,0,Sports,1,1,61.0,18.0,91.0,22.0,8.0
1,0,Arts,1,1,48.0,5.0,75.0,24.0,7.0
1,1,Arts,0,1,79.0,7.0,97.0,17.0,8.0
1,0,No CCA,1,0,54.0,11.0,,31.0,8.0
1,1,Sports,1,1,87.0,7.0,92.0,21.0,7.0
0,0,Arts,0,0,51.0,9.0,96.0,21.0,8.0
2,1,Clubs,1,0,73.0,6.0,95.0,14.0,8.0
1,0,Clubs,0,0,56.0,9.0,91.0,31.0,8.0
1,1,No CCA,1,1,100.0,8.0,99.0,17.0,8.0
2,0,Arts,0,0,58.0,20.0,94.0,20.0,8.0
1,0,No CCA,0,1,62.0,19.0,97.0,28.0,8.0
0,0,No CCA,0,0,71.0,11.0,93.0,22.0,8.0
1,0,Clubs,1,0,48.0,10.0,94.0,30.0,8.0
2,0,No CCA,1,0,71.0,12.0,97.0,17.0,8.0
1,1,Sports,0,1,71.0,10.0,99.0,19.0,8.0
2,0,Clubs,0,1,66.0,10.0,94.0,23.0,8.0
1,0,No CCA,0,1,66.0,20.0,91.0,22.0,7.0
0,0,Sports,0,0,69.0,15.0,94.0,21.0,8.0
1,1,Clubs,0,1,75.0,15.0,93.0,17.0,8.0
1,1,Arts,0,1,86.0,9.0,99.0,22.0,8.0
2,0,Clubs,1,1,63.0,6.0,97.0,22.0,8.0
1,0,Sports,0,1,68.0,15.0,,28.0,8.0
0,1,No CCA,1,1,80.0,8.0,99.0,15.0,8.0
2,1,Sports,0,0,44.0,4.0,41.0,23.0,4.0
1,1,No CCA,0,1,69.0,12.0,92.0,21.0,8.0
1,0,Clubs,0,1,59.0,12.0,93.0,28.0,8.0
1,0,Clubs,0,0,48.0,2.0,92.0,30.0,8.0
2,0,Clubs,1,0,71.0,8.0,97.0,23.0,8.0
1,1,No CCA,0,1,74.0,18.0,97.0,21.0,8.0
1,0,Arts,0,0,53.0,8.0,96.0,24.0,8.0
1,1,Arts,0,1,81.0,6.0,94.0,17.0,8.0
2,0,No CCA,1,1,74.0,17.0,92.0,17.0,8.0
2,0,Arts,1,0,69.0,17.0,96.0,23.0,8.0
2,0,Clubs,0,1,71.0,18.0,95.0,21.0,8.0
2,0,Sports,0,1,59.0,18.0,96.0,20.0,8.0
1,0,Clubs,1,1,53.0,11.0,98.0,30.0,8.0
1,0,Arts,1,1,59.0,7.0,94.0,28.0,8.0
1,0,Arts,0,0,54.0,20.0,96.0,25.0,8.0
0,0,Arts,1,1,91.0,10.0,97.0,19.0,8.0
0,0,Arts,1,0,75.0,13.0,99.0,27.0,8.0
2,1,Arts,0,0,48.0,2.0,58.0,19.0,6.0
1,1,Clubs,0,1,73.0,13.0,98.0,20.0,8.0
0,1,Sports,1,0,76.0,8.0,92.0,18.0,8.0
1,1,Clubs,0,0,43.0,12.0,65.0,24.0,5.0
0,1,Clubs,1,1,78.0,10.0,98.0,16.0,8.0
0,1,No CCA,1,1,84.0,9.0,93.0,20.0,8.0
0,1,Sports,0,1,73.0,13.0,91.0,15.0,7.0
2,0,Clubs,0,0,42.0,5.0,67.0,24.0,6.0
2,0,Sports,0,0,59.0,11.0,96.0,22.0,8.0
0,1,No CCA,1,1,90.0,9.0,98.0,16.0,8.0
2,0,Clubs,0,1,58.0,17.0,95.0,22.0,8.0
0,0,No CCA,1,1,83.0,5.0,90.0,27.0,8.0
1,0,Arts,1,1,55.0,18.0,98.0,30.0,8.0
0,0,Sports,0,1,69.0,17.0,97.0,22.0,8.0
0,0,Sports,0,1,72.0,5.0,97.0,22.0,8.0
0,1,Arts,1,1,83.0,8.0,,20.0,8.0
1,0,Sports,1,1,47.0,2.0,81.0,30.0,8.0
1,0,Arts,1,0,52.0,13.0,98.0,30.0,8.0
0,0,No CCA,0,0,92.0,7.0,93.0,25.0,8.0
1,0,Sports,1,1,57.0,15.0,98.0,28.0,8.0
2,1,Arts,1,1,81.0,6.0,98.0,18.0,8.0
0,1,Clubs,0,1,75.0,10.0,94.0,15.0,8.0
1,0,Arts,0,1,70.0,19.0,92.0,22.0,8.0
2,0,No CCA,1,0,69.0,6.0,97.0,22.0,8.0
1,1,No CCA,0,1,85.0,6.0,95.0,22.0,8.0
2,0,Sports,0,0,61.0,19.0,91.0,20.0,8.0
0,0,Clubs,0,0,94.0,8.0,94.0,21.0,8.0
0,0,Clubs,1,1,79.0,9.0,,28.0,8.0
1,0,Clubs,0,0,43.0,9.0,58.0,28.0,6.0
1,0,Clubs,0,1,45.0,6.0,45.0,24.0,4.0
1,0,Sports,0,0,61.0,8.0,98.0,27.0,8.0
1,0,Sports,0,0,56.0,9.0,96.0,31.0,8.0
2,0,Arts,1,1,72.0,14.0,98.0,22.0,8.0
2,1,Clubs,0,0,41.0,12.0,98.0,23.0,8.0
2,0,Clubs,0,1,58.0,8.0,92.0,18.0,8.0
2,0,No CCA,0,1,74.0,11.0,91.0,19.0,8.0
1,1,Clubs,1,1,100.0,8.0,96.0,17.0,8.0
0,0,No CCA,1,1,89.0,7.0,93.0,19.0,8.0
0,0,Arts,0,1,67.0,18.0,95.0,21.0,8.0
1,0,Clubs,0,1,59.0,7.0,96.0,27.0,8.0
2,0,Arts,1,1,79.0,9.0,96.0,19.0,8.0
1,0,Arts,0,0,52.0,11.0,91.0,25.0,8.0
2,0,Sports,1,1,80.0,6.0,92.0,17.0,8.0
1,0,Sports,0,0,48.0,11.0,61.0,30.0,4.0
1,1,Clubs,1,1,75.0,9.0,98.0,17.0,8.0
2,0,Clubs,0,1,69.0,7.0,93.0,21.0,8.0
1,0,Arts,0,0,51.0,8.0,93.0,30.0,8.0
1,0,Sports,0,1,57.0,8.0,93.0,22.0,8.0
0,1,Sports,1,1,87.0,10.0,95.0,18.0,8.0
1,1,Clubs,1,1,80.0,7.0,90.0,17.0,8.0
1,0,Sports,1,0,59.0,5.0,97.0,30.0,8.0
1,0,No CCA,0,1,61.0,12.0,92.0,22.0,8.0
2,0,Arts,0,0,45.0,2.0,62.0,24.0,5.0
1,0,Arts,0,1,51.0,6.0,97.0,30.0,8.0
1,0,Sports,0,1,54.0,8.0,98.0,24.0,8.0
0,0,Clubs,0,0,64.0,13.0,91.0,27.0,8.0
2,0,Clubs,0,0,56.0,12.0,95.0,20.0,8.0
0,1,No CCA,1,0,81.0,10.0,96.0,15.0,8.0
0,1,Arts,0,1,82.0,10.0,93.0,20.0,8.0
1,0,Clubs,0,1,69.0,12.0,93.0,28.0,8.0
2,1,No CCA,1,0,83.0,6.0,93.0,18.0,8.0
2,0,No CCA,0,1,71.0,19.0,98.0,21.0,8.0
0,0,No CCA,1,0,93.0,9.0,90.0,23.0,8.0
1,0,No CCA,1,1,76.0,8.0,98.0,25.0,8.0
0,0,No CCA,1,1,85.0,5.0,97.0,18.0,8.0
1,0,Sports,0,0,50.0,8.0,95.0,24.0,8.0
2,1,No CCA,1,1,82.0,9.0,94.0,18.0,8.0
1,0,Arts,0,0,46.0,11.0,95.0,29.0,8.0
1,1,No CCA,1,1,82.0,9.0,98.0,17.0,8.0
2,0,Sports,0,0,44.0,13.0,,24.0,8.0
2,0,Clubs,0,1,48.0,2.0,96.0,19.0,8.0
1,0,Arts,0,1,69.0,13.0,91.0,28.0,8.0
1,1,Arts,1,0,48.0,6.0,,30.0,8.0
1,1,Clubs,0,0,84.0,8.0,100.0,17.0,8.0
2,0,Arts,0,1,73.0,15.0,97.0,19.0,8.0
0,1,Clubs,1,1,79.0,9.0,92.0,17.0,8.0
0,0,Arts,1,1,96.0,8.0,98.0,23.0,8.0
2,0,Sports,0,1,58.0,18.0,90.0,18.0,8.0
1,0,Clubs,0,1,68.0,15.0,100.0,28.0,8.0
0,1,Clubs,1,0,85.0,9.0,97.0,20.0,8.0
2,0,No CCA,1,0,69.0,12.0,91.0,22.0,8.0
1,1,Clubs,1,0,92.0,8.0,92.0,21.0,8.0
0,1,No CCA,1,1,91.0,7.0,96.0,16.0,8.0
1,0,Arts,1,0,50.0,5.0,60.0,30.0,5.0
0,0,No CCA,1,1,87.0,8.0,95.0,23.0,8.0
1,0,Clubs,1,0,38.0,14.0,,28.0,8.0
0,0,No CCA,1,0,74.0,9.0,96.0,28.0,8.0
1,0,Clubs,0,0,36.0,8.0,82.0,24.0,6.0
1,0,Arts,0,1,46.0,2.0,78.0,30.0,7.0
0,0,Arts,0,0,66.0,13.0,98.0,27.0,8.0
1,1,No CCA,0,1,76.0,6.0,90.0,21.0,8.0
1,1,No CCA,0,0,50.0,6.0,91.0,25.0,8.0
1,0,Clubs,1,0,52.0,10.0,97.0,30.0,8.0
1,1,Clubs,0,1,85.0,7.0,99.0,22.0,8.0
0,1,No CCA,1,0,84.0,9.0,94.0,20.0,8.0
1,0,Sports,0,0,50.0,13.0,81.0,30.0,8.0
1,0,Sports,1,0,56.0,6.0,91.0,26.0,8.0
2,0,Arts,0,0,46.0,12.0,89.0,23.0,8.0
1,1,Clubs,0,1,83.0,6.0,99.0,17.0,8.0
0,0,Clubs,0,1,74.0,10.0,92.0,22.0,8.0
1,0,Arts,0,1,56.0,17.0,90.0,22.0,7.0
2,0,Clubs,1,0,71.0,16.0,99.0,17.0,8.0
2,0,Clubs,0,0,56.0,12.0,91.0,19.0,8.0
1,0,Clubs,0,0,43.0,14.0,92.0,24.0,8.0
2,0,Arts,1,0,69.0,12.0,91.0,23.0,7.0
2,0,Sports,1,0,43.0,1.0,91.0,23.0,8.0
0,0,Sports,0,1,58.0,15.0,99.0,22.0,8.0
2,1,Sports,1,1,76.0,14.0,95.0,20.0,8.0
0,0,Clubs,1,1,89.0,8.0,93.0,23.0,8.0
0,0,Clubs,1,0,72.0,15.0,91.0,27.0,8.0
1,1,No CCA,0,1,83.0,6.0,92.0,17.0,8.0
2,0,Arts,0,1,68.0,15.0,96.0,23.0,8.0
2,0,No CCA,0,1,58.0,16.0,98.0,22.0,8.0
0,0,Sports,0,0,61.0,11.0,97.0,22.0,8.0
0,0,No CCA,1,0,81.0,8.0,98.0,24.0,8.0
0,1,Clubs,1,1,80.0,8.0,95.0,20.0,8.0
2,1,No CCA,1,0,82.0,6.0,95.0,18.0,8.0
0,0,No CCA,0,0,95.0,7.0,99.0,22.0,8.0
1,1,Sports,0,1,74.0,9.0,94.0,17.0,8.0
2,1,Sports,1,0,70.0,8.0,93.0,20.0,8.0
1,1,No CCA,0,1,70.0,10.0,95.0,21.0,8.0
2,0,Clubs,1,0,70.0,13.0,97.0,23.0,8.0
0,0,No CCA,0,1,71.0,12.0,93.0,21.0,8.0
0,1,Arts,1,0,79.0,8.0,94.0,18.0,8.0
0,0,No CCA,1,0,92.0,9.0,93.0,23.0,8.0
1,0,Arts,0,1,55.0,15.0,95.0,24.0,8.0
1,0,No CCA,0,0,40.0,8.0,95.0,28.0,8.0
0,0,Clubs,0,1,69.0,13.0,98.0,22.0,8.0
1,1,Sports,0,1,49.0,12.0,90.0,25.0,8.0
1,0,Clubs,0,1,48.0,8.0,84.0,25.0,8.0
1,0,Clubs,0,0,46.0,7.0,52.0,30.0,5.0
1,1,No CCA,1,0,80.0,8.0,96.0,17.0,8.0
2,0,Clubs,0,0,54.0,5.0,93.0,20.0,8.0
1,1,No CCA,0,1,85.0,8.0,91.0,22.0,8.0
1,0,Sports,1,1,76.0,7.0,98.0,25.0,8.0
0,1,No CCA,1,1,79.0,8.0,95.0,18.0,8.0
0,0,Arts,0,0,77.0,10.0,100.0,21.0,8.0
0,0,Clubs,0,0,56.0,13.0,98.0,22.0,8.0
1,0,Clubs,0,1,67.0,13.0,98.0,28.0,8.0
0,1,Clubs,1,1,87.0,5.0,96.0,17.0,8.0
0,1,No CCA,0,0,83.0,10.0,93.0,21.0,8.0
1,0,Arts,1,0,55.0,12.0,93.0,30.0,8.0
0,1,Sports,1,1,85.0,9.0,94.0,20.0,8.0
0,1,No CCA,1,1,77.0,7.0,96.0,15.0,8.0
2,0,No CCA,0,1,60.0,13.0,91.0,20.0,8.0
0,1,Sports,1,0,77.0,6.0,90.0,15.0,8.0
1,0,No CCA,1,1,81.0,10.0,97.0,25.0,8.0
0,0,No CCA,0,0,81.0,9.0,91.0,21.0,8.0
2,0,No CCA,0,1,62.0,14.0,91.0,20.0,8.0
1,1,Clubs,0,1,76.0,6.0,100.0,17.0,8.0
0,0,No CCA,0,1,92.0,8.0,95.0,25.0,8.0
1,0,No CCA,0,0,58.0,18.0,99.0,27.0,8.0
2,0,Clubs,1,0,68.0,8.0,92.0,22.0,8.0
1,0,Arts,1,0,45.0,8.0,92.0,30.0,8.0
0,1,Clubs,0,1,70.0,9.0,94.0,16.0,8.0
2,0,Arts,1,1,78.0,9.0,98.0,17.0,8.0
0,1,Clubs,1,0,89.0,7.0,97.0,17.0,8.0
0,0,Clubs,0,0,63.0,10.0,92.0,27.0,8.0
1,1,Arts,0,1,46.0,3.0,84.0,24.0,8.0
0,1,Arts,0,1,80.0,5.0,96.0,21.0,8.0
0,0,No CCA,0,0,60.0,16.0,91.0,27.0,8.0
0,1,Arts,0,1,75.0,13.0,94.0,15.0,8.0
0,0,Clubs,1,0,86.0,7.0,95.0,24.0,8.0
1,0,Arts,1,1,54.0,19.0,93.0,26.0,8.0
1,0,Arts,0,1,45.0,1.0,57.0,24.0,5.0
2,0,Arts,1,0,49.0,14.0,80.0,23.0,7.0
1,1,No CCA,1,0,81.0,9.0,97.0,17.0,8.0
0,1,No CCA,1,1,83.0,8.0,98.0,16.0,8.0
2,1,Clubs,0,0,60.0,15.0,91.0,16.0,8.0
0,1,Arts,1,1,79.0,8.0,92.0,20.0,8.0
0,1,No CCA,1,0,75.0,7.0,92.0,18.0,8.0
0,0,No CCA,1,1,86.0,9.0,95.0,24.0,8.0
1,0,Clubs,1,0,45.0,7.0,76.0,24.0,7.0
2,0,Sports,0,0,62.0,19.0,95.0,20.0,8.0
0,1,No CCA,1,0,77.0,10.0,99.0,18.0,8.0
0,0,No CCA,0,0,77.0,8.0,94.0,22.0,8.0
2,0,No CCA,0,1,72.0,10.0,,19.0,8.0
0,0,Clubs,1,1,74.0,17.0,93.0,28.0,8.0
1,0,Sports,0,0,48.0,0.0,93.0,30.0,8.0
0,1,No CCA,1,0,89.0,8.0,93.0,16.0,8.0
2,1,Arts,0,1,49.0,2.0,,22.0,8.0
1,0,Sports,0,1,60.0,7.0,93.0,22.0,8.0
2,0,No CCA,1,1,78.0,10.0,99.0,17.0,8.0
2,0,No CCA,0,1,67.0,17.0,96.0,21.0,8.0
1,1,No CCA,1,0,84.0,8.0,94.0,17.0,8.0
1,1,Sports,0,1,70.0,7.0,95.0,21.0,8.0
1,0,Arts,1,0,57.0,5.0,92.0,30.0,8.0
0,0,Clubs,1,0,80.0,7.0,98.0,24.0,8.0
1,0,Arts,1,0,78.0,10.0,98.0,25.0,8.0
1,0,Clubs,1,0,55.0,9.0,91.0,26.0,8.0
2,0,No CCA,1,0,78.0,7.0,,17.0,8.0
1,0,No CCA,1,1,69.0,20.0,91.0,24.0,8.0
1,1,Clubs,1,1,93.0,9.0,93.0,21.0,8.0
0,1,No CCA,1,0,83.0,8.0,91.0,20.0,8.0
2,0,No CCA,1,1,81.0,7.0,93.0,17.0,8.0
2,0,Sports,1,1,72.0,7.0,93.0,22.0,8.0
1,0,Clubs,0,1,57.0,13.0,92.0,30.0,8.0
0,0,No CCA,0,1,94.0,10.0,93.0,21.0,8.0
0,1,No CCA,1,1,81.0,8.0,96.0,16.0,8.0
1,1,No CCA,1,1,92.0,9.0,98.0,21.0,8.0
0,0,Sports,1,0,90.0,9.0,90.0,23.0,8.0
1,1,Clubs,0,0,43.0,7.0,100.0,24.0,8.0
0,0,Sports,0,1,67.0,10.0,93.0,21.0,8.0
2,1,Arts,0,0,46.0,8.0,68.0,24.0,6.0
0,1,No CCA,1,0,81.0,9.0,92.0,15.0,8.0
0,1,No CCA,1,0,85.0,8.0,91.0,20.0,8.0
1,0,Arts,0,0,46.0,8.0,96.0,24.0,8.0
2,0,Sports,0,1,70.0,19.0,92.0,21.0,8.0
2,0,Clubs,1,0,70.0,12.0,97.0,23.0,8.0
2,0,Arts,1,0,62.0,18.0,97.0,20.0,8.0
0,0,No CCA,1,1,90.0,6.0,91.0,23.0,8.0
1,0,Sports,1,0,54.0,13.0,96.0,30.0,8.0
1,1,Clubs,1,1,77.0,8.0,98.0,17.0,8.0
2,0,No CCA,1,0,79.0,9.0,91.0,17.0,7.0
0,1,Sports,1,1,85.0,9.0,,17.0,8.0
1,0,Sports,0,0,51.0,4.0,90.0,24.0,8.0
2,0,Arts,1,0,70.0,15.0,96.0,23.0,8.0
1,0,No CCA,0,0,63.0,18.0,97.0,27.0,8.0
1,1,Clubs,1,1,79.0,7.0,97.0,17.0,8.0
0,0,No CCA,1,0,91.0,8.0,96.0,18.0,8.0
0,0,Arts,0,0,67.0,20.0,95.0,27.0,8.0
0,0,Clubs,0,0,55.0,10.0,91.0,21.0,8.0
1,1,No CCA,1,1,95.0,9.0,90.0,17.0,8.0
1,1,Arts,0,0,80.0,8.0,100.0,21.0,8.0
1,0,Sports,0,1,65.0,17.0,97.0,28.0,8.0
1,0,Arts,0,0,51.0,17.0,91.0,24.0,8.0
0,0,Sports,0,1,91.0,7.0,,21.0,8.0
0,0,Clubs,0,0,66.0,5.0,97.0,27.0,8.0
1,1,Clubs,1,1,95.0,7.0,99.0,17.0,8.0
0,1,Arts,0,0,75.0,5.0,93.0,20.0,8.0
2,0,No CCA,0,1,74.0,14.0,100.0,21.0,8.0
1,1,Clubs,1,1,49.0,1.0,59.0,30.0,6.0
0,0,No CCA,0,0,74.0,11.0,92.0,20.0,8.0
2,0,Arts,1,0,69.0,17.0,91.0,23.0,8.0
0,0,No CCA,0,0,62.0,10.0,92.0,21.0,8.0
0,1,Sports,1,1,87.0,8.0,92.0,20.0,8.0
2,0,Clubs,1,1,82.0,8.0,98.0,19.0,8.0
1,1,No CCA,1,1,88.0,7.0,96.0,17.0,8.0
0,0,Arts,1,1,78.0,7.0,,24.0,8.0
0,0,No CCA,1,0,76.0,5.0,,27.0,7.0
0,1,Arts,0,1,72.0,12.0,99.0,16.0,8.0
0,0,Clubs,1,1,93.0,9.0,96.0,18.0,8.0
2,0,Arts,0,0,45.0,4.0,93.0,23.0,8.0
0,0,Sports,1,1,90.0,7.0,96.0,18.0,8.0
2,0,No CCA,0,1,67.0,11.0,92.0,23.0,8.0
1,0,Sports,0,1,55.0,13.0,90.0,22.0,8.0
1,1,No CCA,1,1,91.0,9.0,94.0,21.0,8.0
1,0,Arts,1,0,47.0,7.0,58.0,30.0,5.0
0,0,No CCA,0,1,79.0,6.0,99.0,21.0,8.0
1,0,Sports,1,0,66.0,8.0,99.0,28.0,8.0
1,0,No CCA,0,1,64.0,11.0,97.0,27.0,8.0
2,0,Clubs,1,1,63.0,17.0,94.0,22.0,8.0
1,1,No CCA,1,1,87.0,9.0,96.0,17.0,8.0
1,0,Sports,0,1,45.0,2.0,57.0,28.0,5.0
0,0,No CCA,0,1,81.0,5.0,91.0,22.0,8.0
1,0,Sports,0,0,50.0,1.0,74.0,25.0,7.0
0,1,Arts,1,0,74.0,8.0,96.0,15.0,8.0
2,0,Clubs,0,0,43.0,11.0,85.0,23.0,8.0
2,0,Sports,0,0,43.0,4.0,55.0,22.0,5.0
1,0,Sports,0,1,69.0,19.0,92.0,28.0,8.0
1,0,Arts,1,0,56.0,15.0,98.0,26.0,8.0
1,0,Arts,1,0,50.0,10.0,61.0,30.0,5.0
1,0,Arts,0,1,59.0,9.0,96.0,24.0,8.0
1,1,Clubs,0,1,72.0,11.0,100.0,17.0,8.0
0,0,No CCA,0,0,61.0,7.0,100.0,27.0,8.0
1,1,No CCA,0,1,42.0,11.0,63.0,28.0,6.0
1,0,Clubs,0,1,61.0,19.0,95.0,22.0,8.0
1,1,Clubs,0,1,80.0,6.0,94.0,17.0,8.0
0,0,Clubs,0,0,94.0,8.0,94.0,25.0,8.0
1,0,Clubs,1,0,55.0,9.0,95.0,30.0,8.0
0,0,Arts,0,0,59.0,15.0,91.0,27.0,8.0
1,0,Clubs,0,0,53.0,14.0,,29.0,8.0
0,0,No CCA,1,1,68.0,9.0,98.0,21.0,8.0
1,0,No CCA,0,1,61.0,15.0,,24.0,8.0
2,0,Arts,0,0,58.0,18.0,100.0,20.0,8.0
0,0,No CCA,0,1,94.0,6.0,90.0,25.0,8.0
1,0,Sports,1,0,47.0,7.0,87.0,30.0,8.0
0,1,Clubs,1,0,70.0,18.0,94.0,16.0,8.0
1,0,Arts,0,1,70.0,12.0,94.0,22.0,8.0
1,0,No CCA,0,1,68.0,13.0,90.0,28.0,7.0
2,0,No CCA,1,1,75.0,11.0,99.0,19.0,8.0
1,0,Clubs,0,1,61.0,13.0,92.0,22.0,8.0
1,1,Clubs,0,1,54.0,13.0,97.0,25.0,8.0
2,0,Arts,0,1,37.0,5.0,76.0,22.0,7.0
1,0,Clubs,0,0,50.0,19.0,100.0,25.0,8.0
2,0,Arts,0,0,68.0,18.0,94.0,19.0,8.0
1,0,Arts,0,1,69.0,14.0,93.0,28.0,8.0
2,0,Clubs,0,1,79.0,8.0,98.0,21.0,8.0
2,1,Arts,1,0,72.0,13.0,,20.0,8.0
0,0,Arts,1,1,75.0,7.0,95.0,28.0,8.0
2,0,Clubs,1,1,55.0,15.0,98.0,22.0,8.0
2,0,No CCA,1,0,69.0,17.0,,22.0,8.0
1,1,Clubs,0,1,81.0,9.0,91.0,19.0,8.0
2,1,Arts,0,0,56.0,17.0,98.0,16.0,8.0
1,0,Arts,0,0,42.0,14.0,95.0,24.0,8.0
2,0,Arts,0,1,65.0,18.0,94.0,23.0,8.0
1,0,Clubs,0,1,59.0,13.0,92.0,31.0,8.0
1,0,Clubs,0,1,60.0,12.0,94.0,24.0,8.0
0,0,Arts,0,1,66.0,9.0,93.0,27.0,8.0
2,1,Sports,1,1,83.0,7.0,,18.0,8.0
0,1,Sports,0,0,67.0,16.0,93.0,16.0,8.0
0,0,No CCA,1,1,91.0,7.0,99.0,24.0,8.0
2,1,No CCA,1,0,73.0,20.0,94.0,20.0,8.0
0,0,No CCA,1,0,78.0,7.0,93.0,27.0,8.0
1,0,Arts,1,0,48.0,4.0,51.0,25.0,5.0
1,0,Clubs,0,0,51.0,3.0,95.0,31.0,8.0
1,0,Clubs,0,0,50.0,20.0,99.0,30.0,8.0
0,0,Sports,0,0,61.0,12.0,90.0,27.0,8.0
0,1,No CCA,1,1,83.0,8.0,96.0,16.0,8.0
0,0,No CCA,1,0,92.0,5.0,99.0,19.0,8.0
2,0,Clubs,0,1,71.0,5.0,98.0,19.0,8.0
0,0,Sports,0,0,65.0,6.0,92.0,27.0,7.0
2,0,Sports,0,1,69.0,8.0,92.0,23.0,8.0
1,1,Clubs,1,0,58.0,19.0,93.0,27.0,8.0
1,1,No CCA,0,1,78.0,6.0,92.0,20.0,8.0
0,0,Sports,1,0,75.0,5.0,93.0,27.0,8.0
1,1,Arts,0,1,81.0,7.0,92.0,21.0,7.0
1,0,Clubs,0,1,51.0,12.0,93.0,31.0,8.0
2,0,Clubs,1,1,77.0,10.0,91.0,19.0,8.0
1,0,Arts,0,1,52.0,7.0,93.0,25.0,8.0
1,1,No CCA,0,1,79.0,9.0,92.0,21.0,7.0
2,1,Clubs,0,0,56.0,18.0,98.0,16.0,8.0
0,0,No CCA,1,0,95.0,5.0,94.0,18.0,8.0
1,1,Sports,0,0,43.0,14.0,89.0,28.0,8.0
1,1,Clubs,0,1,70.0,8.0,95.0,19.0,8.0
1,0,Clubs,0,1,64.0,10.0,99.0,27.0,8.0
2,0,Clubs,1,0,70.0,15.0,97.0,22.0,8.0
1,1,Clubs,0,0,39.0,6.0,96.0,24.0,8.0
1,1,No CCA,0,1,77.0,9.0,98.0,20.0,8.0
0,0,Arts,0,1,73.0,13.0,91.0,22.0,8.0
2,1,No CCA,0,0,45.0,7.0,97.0,24.0,8.0
1,0,Arts,0,0,46.0,7.0,60.0,24.0,6.0
2,0,Arts,0,0,56.0,8.0,93.0,22.0,8.0
0,0,No CCA,1,1,89.0,8.0,99.0,23.0,8.0
1,0,Arts,0,1,71.0,13.0,94.0,22.0,8.0
1,1,Arts,1,1,76.0,6.0,99.0,20.0,8.0
0,1,Clubs,0,1,79.0,5.0,95.0,20.0,8.0
1,0,Clubs,0,0,44.0,8.0,77.0,29.0,7.0
1,0,No CCA,1,1,81.0,8.0,93.0,25.0,8.0
0,0,Sports,0,0,51.0,10.0,97.0,21.0,8.0
1,0,No CCA,0,1,62.0,5.0,93.0,28.0,8.0
0,0,No CCA,1,0,73.0,6.0,98.0,28.0,8.0
1,0,Sports,1,1,65.0,9.0,,24.0,8.0
2,1,Sports,1,1,79.0,7.0,92.0,14.0,8.0
0,1,No CCA,1,0,79.0,10.0,93.0,15.0,8.0
0,0,Arts,0,1,67.0,14.0,93.0,22.0,8.0
1,0,Clubs,0,0,57.0,17.0,98.0,31.0,8.0
0,0,No CCA,1,1,80.0,6.0,100.0,24.0,8.0
0,1,Sports,1,1,79.0,9.0,,20.0,8.0
2,0,Arts,0,1,59.0,6.0,99.0,20.0,8.0
0,1,Clubs,0,1,79.0,9.0,99.0,20.0,8.0
2,1,Sports,1,0,74.0,10.0,96.0,15.0,8.0
2,0,Clubs,0,0,53.0,15.0,,19.0,7.0
1,0,No CCA,1,1,59.0,17.0,99.0,28.0,8.0
2,0,No CCA,0,1,56.0,9.0,,22.0,8.0
1,0,Sports,0,0,47.0,9.0,89.0,25.0,7.0
0,1,Sports,0,1,73.0,18.0,98.0,15.0,8.0
1,0,Clubs,0,1,64.0,6.0,91.0,24.0,8.0
0,0,Clubs,0,0,57.0,11.0,98.0,22.0,8.0
1,0,Sports,0,0,51.0,10.0,95.0,30.0,8.0
2,0,Sports,0,1,56.0,17.0,97.0,18.0,8.0
1,0,Sports,0,0,54.0,10.0,94.0,30.0,8.0
2,0,Sports,1,0,71.0,11.0,99.0,23.0,8.0
1,0,Arts,0,0,54.0,19.0,95.0,25.0,8.0
0,1,Arts,1,0,68.0,16.0,92.0,16.0,8.0
2,0,Arts,1,0,69.0,8.0,98.0,23.0,8.0
0,1,No CCA,1,1,87.0,6.0,92.0,17.0,8.0
0,1,No CCA,1,0,70.0,11.0,97.0,16.0,8.0
2,0,No CCA,1,1,62.0,8.0,97.0,20.0,8.0
2,1,Clubs,0,1,63.0,14.0,90.0,16.0,8.0
0,0,No CCA,1,1,96.0,7.0,94.0,19.0,8.0
1,1,Sports,0,0,44.0,10.0,50.0,25.0,4.0
1,0,Sports,0,1,59.0,14.0,98.0,27.0,8.0
1,1,Clubs,1,0,49.0,13.0,94.0,30.0,8.0
0,0,Sports,0,0,58.0,9.0,95.0,27.0,8.0
0,1,Clubs,1,1,85.0,9.0,92.0,17.0,8.0
0,0,Clubs,0,1,69.0,17.0,90.0,22.0,8.0
1,0,No CCA,1,1,71.0,10.0,97.0,24.0,8.0
0,0,Sports,0,0,60.0,6.0,100.0,27.0,8.0
1,0,Arts,0,0,51.0,14.0,92.0,31.0,8.0
1,0,No CCA,1,1,85.0,5.0,97.0,25.0,8.0
2,0,Sports,1,1,73.0,19.0,90.0,19.0,8.0
1,0,Arts,0,1,53.0,18.0,96.0,30.0,8.0
1,0,No CCA,1,1,81.0,10.0,98.0,25.0,8.0
0,0,No CCA,0,1,68.0,9.0,91.0,21.0,8.0
2,0,Sports,1,0,69.0,6.0,98.0,22.0,8.0
1,0,Sports,0,0,62.0,10.0,91.0,27.0,8.0
1,0,Sports,1,1,70.0,16.0,90.0,24.0,8.0
1,1,Arts,0,0,79.0,6.0,92.0,17.0,8.0
1,0,Sports,1,1,52.0,8.0,93.0,30.0,8.0
1,0,No CCA,1,1,60.0,13.0,91.0,28.0,8.0
1,0,Clubs,1,1,50.0,5.0,95.0,30.0,8.0
0,0,Sports,0,0,71.0,5.0,93.0,22.0,8.0
1,1,No CCA,1,1,98.0,6.0,92.0,17.0,8.0
2,0,No CCA,1,1,72.0,18.0,96.0,22.0,8.0
1,1,No CCA,0,1,75.0,14.0,94.0,17.0,7.0
2,0,No CCA,1,1,82.0,6.0,98.0,17.0,8.0
1,0,Sports,1,0,54.0,12.0,93.0,30.0,8.0
1,0,Clubs,0,0,43.0,7.0,93.0,24.0,8.0
1,0,Sports,0,1,70.0,18.0,95.0,28.0,8.0
2,0,Sports,1,1,58.0,8.0,,22.0,8.0
1,0,Clubs,0,1,66.0,18.0,94.0,22.0,8.0
1,0,No CCA,0,0,65.0,8.0,94.0,28.0,8.0
1,1,Sports,1,0,58.0,12.0,95.0,27.0,8.0
1,1,Arts,0,0,56.0,7.0,95.0,25.0,8.0
0,0,Clubs,0,1,72.0,7.0,93.0,23.0,8.0
2,1,Clubs,1,0,72.0,20.0,97.0,20.0,8.0
1,0,Arts,1,0,47.0,5.0,63.0,30.0,5.0
1,1,Clubs,1,0,55.0,8.0,95.0,27.0,8.0
1,0,Arts,0,0,52.0,10.0,,25.0,8.0
2,0,No CCA,0,0,56.0,8.0,,19.0,8.0
2,0,Clubs,1,0,71.0,8.0,98.0,23.0,8.0
0,0,Arts,1,0,75.0,10.0,97.0,27.0,8.0
2,1,Arts,0,1,63.0,18.0,99.0,16.0,8.0
1,1,Arts,1,0,46.0,7.0,66.0,30.0,6.0
0,1,Clubs,1,1,89.0,9.0,98.0,16.0,8.0
1,1,Sports,1,0,56.0,17.0,,27.0,8.0
0,1,Sports,0,1,75.0,11.0,98.0,16.0,8.0
0,1,Clubs,1,0,77.0,10.0,92.0,18.0,8.0
1,0,Arts,1,0,54.0,19.0,91.0,30.0,8.0
0,0,Clubs,1,0,83.0,8.0,95.0,24.0,8.0
2,0,Clubs,0,1,70.0,19.0,97.0,21.0,8.0
2,0,No CCA,1,0,80.0,7.0,97.0,17.0,8.0
0,0,No CCA,1,1,87.0,5.0,95.0,23.0,8.0
2,0,Clubs,0,1,44.0,3.0,73.0,23.0,6.0
0,0,Arts,0,1,72.0,8.0,100.0,23.0,8.0
2,0,Sports,0,1,53.0,16.0,,19.0,8.0
1,0,Sports,1,1,62.0,14.0,95.0,28.0,8.0
1,0,No CCA,0,1,60.0,15.0,100.0,22.0,8.0
0,0,Clubs,0,1,57.0,18.0,100.0,21.0,8.0
2,0,Sports,0,1,70.0,7.0,98.0,21.0,8.0
0,0,Sports,0,0,94.0,5.0,94.0,25.0,8.0
1,0,Arts,0,0,48.0,14.0,76.0,30.0,7.0
1,0,No CCA,1,1,62.0,7.0,92.0,28.0,8.0
1,0,Clubs,0,1,61.0,11.0,98.0,22.0,8.0
2,0,No CCA,1,0,74.0,20.0,93.0,23.0,8.0
1,0,Arts,1,0,53.0,10.0,96.0,30.0,8.0
2,1,Arts,1,1,68.0,19.0,95.0,14.0,8.0
1,0,No CCA,0,1,64.0,18.0,98.0,27.0,8.0
1,0,Arts,0,0,52.0,7.0,95.0,25.0,8.0
1,0,Arts,0,1,62.0,16.0,93.0,28.0,8.0
1,1,Clubs,0,1,66.0,14.0,94.0,21.0,8.0
1,1,Sports,0,1,43.0,5.0,66.0,28.0,6.0
1,0,Arts,1,1,76.0,12.0,97.0,25.0,8.0
1,0,Clubs,1,0,48.0,4.0,95.0,30.0,8.0
0,0,No CCA,0,1,91.0,8.0,100.0,21.0,8.0
1,0,Clubs,0,1,48.0,5.0,97.0,30.0,8.0
1,0,Arts,0,1,59.0,19.0,98.0,28.0,8.0
2,0,No CCA,1,0,81.0,9.0,,17.0,8.0
2,1,Clubs,1,0,67.0,10.0,91.0,15.0,8.0
2,1,Clubs,1,0,79.0,9.0,93.0,14.0,8.0
1,0,Sports,0,1,62.0,16.0,95.0,25.0,8.0
0,0,Sports,0,0,62.0,17.0,98.0,27.0,8.0
1,1,Arts,0,1,76.0,8.0,91.0,17.0,8.0
2,0,Sports,1,1,77.0,8.0,94.0,17.0,8.0
0,0,Arts,0,0,70.0,13.0,98.0,23.0,8.0
2,0,Arts,0,1,57.0,15.0,97.0,22.0,8.0
0,0,No CCA,1,1,90.0,9.0,93.0,19.0,8.0
1,0,No CCA,1,1,76.0,9.0,98.0,25.0,8.0
1,1,No CCA,1,1,81.0,8.0,92.0,19.0,8.0
0,0,Arts,0,0,68.0,8.0,,20.0,8.0
0,0,No CCA,1,0,63.0,19.0,97.0,27.0,8.0
0,1,Arts,0,1,79.0,9.0,92.0,20.0,8.0
1,0,Sports,0,1,53.0,12.0,91.0,30.0,8.0
0,0,Sports,0,1,89.0,8.0,91.0,22.0,8.0
1,0,Arts,1,1,67.0,14.0,92.0,24.0,8.0
1,0,Clubs,0,1,66.0,5.0,94.0,22.0,8.0
1,0,Arts,1,1,67.0,15.0,99.0,28.0,8.0
2,1,Sports,1,0,77.0,9.0,97.0,14.0,8.0
1,0,Arts,0,0,59.0,17.0,97.0,31.0,8.0
1,0,Sports,0,0,44.0,13.0,92.0,24.0,8.0
2,0,Sports,1,1,52.0,14.0,91.0,22.0,8.0
0,0,No CCA,1,0,74.0,8.0,91.0,27.0,8.0
1,1,Arts,0,1,75.0,8.0,94.0,17.0,8.0
2,0,Arts,1,0,71.0,11.0,97.0,23.0,8.0
0,0,No CCA,0,1,70.0,7.0,95.0,27.0,8.0
0,0,Sports,0,0,60.0,12.0,96.0,27.0,8.0
1,0,Clubs,0,0,45.0,2.0,91.0,28.0,8.0
0,0,No CCA,1,1,90.0,8.0,96.0,19.0,8.0
2,0,Arts,0,1,57.0,14.0,92.0,19.0,8.0
2,0,No CCA,1,1,68.0,15.0,92.0,22.0,8.0
2,0,Clubs,0,1,74.0,17.0,100.0,21.0,8.0
1,0,Sports,0,0,61.0,9.0,92.0,28.0,8.0
1,1,Arts,0,1,69.0,16.0,98.0,21.0,8.0
1,1,No CCA,1,1,95.0,5.0,98.0,17.0,8.0
1,1,Clubs,0,0,86.0,8.0,,17.0,8.0
1,0,Arts,0,1,65.0,14.0,95.0,27.0,8.0
0,0,No CCA,0,0,69.0,20.0,95.0,27.0,8.0
1,0,Sports,1,0,47.0,13.0,98.0,25.0,8.0
1,0,Sports,0,1,64.0,6.0,99.0,28.0,8.0
0,0,Sports,1,0,95.0,8.0,97.0,18.0,8.0
1,0,No CCA,0,1,68.0,8.0,95.0,22.0,8.0
0,0,Clubs,1,1,74.0,20.0,,23.0,8.0
2,0,Sports,0,1,76.0,18.0,91.0,21.0,8.0
2,0,Sports,0,1,45.0,9.0,98.0,24.0,8.0
2,0,Sports,0,1,57.0,18.0,93.0,19.0,8.0
2,0,No CCA,1,1,80.0,9.0,98.0,19.0,8.0
0,0,Sports,1,0,87.0,6.0,98.0,23.0,8.0
2,1,Sports,1,0,84.0,10.0,92.0,18.0,8.0
1,0,Clubs,1,0,52.0,15.0,92.0,30.0,8.0
1,0,Arts,0,1,63.0,10.0,90.0,27.0,8.0
2,1,Sports,0,0,48.0,14.0,91.0,19.0,8.0
2,0,Clubs,1,1,70.0,7.0,96.0,22.0,8.0
1,0,Clubs,1,0,51.0,16.0,98.0,30.0,8.0
0,0,Arts,1,1,60.0,19.0,92.0,20.0,8.0
1,0,Clubs,1,1,70.0,15.0,93.0,24.0,8.0
1,0,Sports,0,1,63.0,13.0,94.0,28.0,8.0
2,0,No CCA,0,0,60.0,18.0,98.0,22.0,8.0
2,1,Sports,1,0,66.0,17.0,90.0,15.0,7.0
1,1,Sports,0,1,54.0,18.0,90.0,25.0,8.0
1,0,Clubs,0,1,70.0,18.0,94.0,28.0,8.0
0,0,No CCA,1,1,90.0,10.0,95.0,23.0,8.0
0,0,Clubs,0,0,79.0,9.0,90.0,21.0,8.0
0,0,No CCA,0,1,93.0,5.0,90.0,25.0,7.0
0,1,Sports,0,1,80.0,7.0,94.0,20.0,8.0
1,0,No CCA,0,1,66.0,19.0,94.0,27.0,8.0
2,0,Arts,1,1,72.0,14.0,92.0,22.0,8.0
1,1,Arts,0,0,42.0,1.0,97.0,28.0,8.0
0,0,Clubs,0,1,71.0,14.0,94.0,23.0,8.0
2,0,No CCA,0,1,68.0,11.0,97.0,19.0,8.0
0,0,No CCA,1,1,74.0,14.0,93.0,24.0,8.0
0,1,Sports,1,1,86.0,7.0,92.0,16.0,8.0
1,0,Sports,0,0,48.0,11.0,92.0,25.0,8.0
1,0,Arts,0,0,48.0,7.0,73.0,25.0,6.0
0,0,No CCA,1,1,77.0,5.0,94.0,28.0,8.0
0,0,Sports,0,1,67.0,10.0,99.0,22.0,8.0
0,0,No CCA,0,1,87.0,8.0,93.0,22.0,8.0
2,0,No CCA,1,1,60.0,17.0,92.0,22.0,7.0
1,0,Sports,1,0,54.0,15.0,93.0,30.0,8.0
1,0,Arts,1,0,55.0,6.0,100.0,26.0,8.0
2,0,Arts,1,1,59.0,6.0,100.0,22.0,8.0
0,1,No CCA,1,0,74.0,17.0,94.0,15.0,8.0
0,1,Clubs,0,1,75.0,8.0,97.0,15.0,8.0
0,0,Sports,0,0,57.0,14.0,92.0,22.0,8.0
2,0,Arts,1,1,73.0,19.0,96.0,21.0,8.0
1,0,Clubs,0,1,68.0,10.0,98.0,22.0,8.0
0,0,Arts,0,0,54.0,9.0,94.0,21.0,8.0
0,0,No CCA,0,1,94.0,6.0,91.0,21.0,8.0
1,1,Clubs,1,1,52.0,8.0,94.0,25.0,8.0
1,0,Sports,0,0,52.0,18.0,92.0,30.0,8.0
1,1,Sports,1,0,58.0,6.0,,27.0,8.0
1,0,Arts,0,0,53.0,8.0,96.0,29.0,8.0
0,0,No CCA,0,1,76.0,7.0,99.0,23.0,8.0
1,1,Clubs,0,1,71.0,6.0,91.0,19.0,8.0
1,1,No CCA,0,1,71.0,19.0,94.0,21.0,8.0
0,0,Sports,0,1,65.0,17.0,93.0,22.0,8.0
1,0,Arts,0,0,52.0,17.0,97.0,25.0,8.0
0,0,Arts,0,0,60.0,12.0,92.0,27.0,8.0
0,1,Clubs,1,0,78.0,7.0,96.0,18.0,8.0
2,0,Clubs,0,1,51.0,13.0,96.0,18.0,8.0
1,0,Sports,0,1,61.0,17.0,96.0,22.0,8.0
1,0,Clubs,0,0,54.0,17.0,91.0,30.0,8.0
0,1,No CCA,0,0,79.0,6.0,91.0,20.0,8.0
0,1,No CCA,1,1,85.0,7.0,95.0,16.0,8.0
0,1,No CCA,1,0,81.0,7.0,93.0,15.0,8.0
2,0,No CCA,1,0,72.0,19.0,97.0,23.0,8.0
2,0,No CCA,1,1,67.0,6.0,90.0,21.0,8.0
0,0,Clubs,1,1,80.0,8.0,96.0,24.0,8.0
1,0,Sports,1,1,74.0,8.0,99.0,28.0,8.0
2,0,Sports,0,1,70.0,12.0,95.0,21.0,8.0
1,0,Sports,0,0,50.0,8.0,93.0,25.0,8.0
0,0,No CCA,0,1,93.0,7.0,97.0,25.0,8.0
2,0,Sports,0,1,70.0,7.0,100.0,19.0,8.0
1,0,Arts,1,1,76.0,11.0,94.0,25.0,8.0
2,0,Arts,1,1,74.0,18.0,97.0,22.0,8.0
0,0,Sports,0,1,76.0,8.0,93.0,22.0,8.0
2,0,Sports,0,0,42.0,9.0,95.0,22.0,8.0
1,0,Clubs,0,1,54.0,17.0,91.0,24.0,8.0
0,0,No CCA,1,1,91.0,10.0,100.0,23.0,8.0
1,1,Clubs,1,1,92.0,6.0,97.0,21.0,8.0
1,0,Sports,0,1,55.0,6.0,95.0,22.0,8.0
1,0,Arts,0,1,64.0,18.0,98.0,24.0,8.0
1,1,Clubs,0,1,48.0,1.0,78.0,24.0,8.0
1,0,Sports,1,1,70.0,10.0,99.0,24.0,8.0
1,0,Arts,0,1,63.0,19.0,95.0,28.0,8.0
1,0,Sports,0,0,62.0,17.0,91.0,28.0,8.0
0,0,Clubs,1,0,69.0,6.0,93.0,21.0,8.0
2,0,Arts,0,0,45.0,6.0,94.0,23.0,8.0
1,0,Sports,1,1,51.0,6.0,90.0,26.0,8.0
1,0,Sports,0,1,59.0,19.0,95.0,27.0,8.0
1,1,No CCA,0,1,86.0,7.0,91.0,17.0,7.0
2,0,Clubs,0,1,54.0,6.0,97.0,22.0,8.0
2,0,Clubs,1,0,55.0,10.0,98.0,22.0,8.0
1,0,Sports,0,1,68.0,19.0,90.0,22.0,8.0
1,0,Clubs,0,1,48.0,8.0,98.0,29.0,8.0
1,0,Sports,0,0,52.0,13.0,92.0,29.0,8.0
0,1,No CCA,0,1,79.0,6.0,94.0,20.0,8.0
0,0,Clubs,0,0,56.0,16.0,93.0,22.0,8.0
0,1,Sports,0,0,79.0,9.0,93.0,20.0,8.0
2,0,Arts,1,0,63.0,9.0,98.0,23.0,8.0
0,0,No CCA,1,1,85.0,8.0,99.0,18.0,8.0
2,0,Sports,1,0,68.0,17.0,97.0,23.0,8.0
1,1,No CCA,0,0,83.0,7.0,,17.0,8.0
1,1,Sports,1,1,72.0,13.0,93.0,20.0,8.0
1,1,No CCA,0,1,83.0,5.0,97.0,17.0,8.0
1,1,Sports,0,1,69.0,12.0,93.0,21.0,8.0
1,1,Arts,1,0,46.0,6.0,86.0,30.0,8.0
1,1,Arts,1,0,57.0,18.0,90.0,27.0,8.0
1,0,Arts,0,0,51.0,20.0,91.0,25.0,7.0
1,0,No CCA,0,1,61.0,8.0,98.0,22.0,8.0
1,0,Arts,1,0,48.0,10.0,97.0,30.0,8.0
0,1,Arts,0,1,79.0,7.0,91.0,20.0,8.0
2,0,Sports,0,1,68.0,15.0,96.0,23.0,8.0
1,0,Arts,0,1,63.0,5.0,98.0,22.0,8.0
0,0,Arts,1,1,63.0,6.0,97.0,20.0,8.0
2,1,No CCA,1,0,82.0,7.0,96.0,18.0,8.0
1,0,Clubs,1,0,48.0,14.0,95.0,30.0,8.0
0,0,Arts,1,1,88.0,8.0,99.0,19.0,8.0
2,1,Clubs,0,0,47.0,1.0,75.0,23.0,7.0
1,1,Sports,0,1,69.0,16.0,93.0,21.0,8.0
2,1,Arts,0,1,63.0,7.0,99.0,16.0,8.0
0,1,Sports,1,1,79.0,9.0,93.0,15.0,8.0
1,0,Clubs,0,1,41.0,14.0,97.0,28.0,8.0
1,0,Arts,0,1,63.0,17.0,97.0,22.0,8.0
1,0,Clubs,0,1,58.0,10.0,92.0,31.0,8.0
0,1,Sports,0,0,75.0,5.0,91.0,19.0,8.0
1,0,Sports,0,1,65.0,8.0,96.0,28.0,8.0
1,0,Clubs,0,0,48.0,4.0,95.0,24.0,8.0
2,1,No CCA,1,0,73.0,17.0,94.0,14.0,8.0
1,1,Sports,0,1,66.0,17.0,92.0,21.0,8.0
0,0,No CCA,0,1,91.0,7.0,99.0,25.0,8.0
1,0,Clubs,1,0,50.0,8.0,57.0,30.0,5.0
2,0,Sports,0,0,49.0,14.0,76.0,23.0,6.0
2,0,No CCA,1,1,79.0,7.0,98.0,19.0,8.0
0,0,Sports,1,0,59.0,16.0,,20.0,8.0
1,0,Arts,0,0,53.0,13.0,97.0,29.0,8.0
1,0,Arts,0,0,60.0,17.0,99.0,31.0,8.0
2,0,Arts,0,0,49.0,14.0,96.0,24.0,8.0
0,0,No CCA,0,1,92.0,8.0,95.0,25.0,8.0
2,0,No CCA,1,0,82.0,6.0,90.0,17.0,8.0
2,1,Sports,1,0,70.0,15.0,94.0,20.0,8.0
1,0,Arts,0,0,51.0,13.0,100.0,29.0,8.0
1,0,Clubs,0,0,58.0,12.0,91.0,31.0,8.0
0,1,Clubs,0,0,73.0,12.0,97.0,20.0,8.0
1,1,Clubs,1,1,79.0,5.0,98.0,17.0,8.0
2,0,Clubs,1,1,55.0,13.0,90.0,18.0,8.0
1,0,Clubs,1,0,55.0,13.0,,26.0,8.0
0,0,Clubs,0,1,68.0,8.0,94.0,22.0,8.0
2,0,No CCA,1,1,74.0,8.0,97.0,19.0,8.0
0,0,Clubs,0,1,71.0,18.0,94.0,20.0,8.0
1,0,Arts,1,0,48.0,8.0,89.0,30.0,8.0
1,0,No CCA,0,1,61.0,17.0,98.0,24.0,8.0
0,0,No CCA,1,1,81.0,9.0,92.0,27.0,8.0
1,0,Sports,0,1,52.0,7.0,98.0,24.0,8.0
0,0,Clubs,0,1,59.0,15.0,91.0,21.0,8.0
2,1,No CCA,1,0,79.0,5.0,91.0,18.0,8.0
1,0,Clubs,1,0,78.0,8.0,96.0,25.0,8.0
1,0,Sports,1,0,55.0,17.0,100.0,26.0,8.0
1,1,No CCA,0,1,76.0,17.0,94.0,17.0,8.0
0,1,Clubs,0,0,67.0,14.0,98.0,16.0,8.0
2,0,Arts,0,0,54.0,12.0,99.0,22.0,8.0
2,1,No CCA,1,1,46.0,9.0,82.0,23.0,7.0
0,1,No CCA,1,1,85.0,9.0,98.0,20.0,8.0
0,0,Sports,1,1,80.0,5.0,,24.0,7.0
1,0,Arts,0,1,46.0,12.0,92.0,24.0,8.0
0,0,Clubs,1,1,72.0,8.0,93.0,23.0,8.0
1,1,Sports,1,0,57.0,17.0,100.0,27.0,8.0
1,0,Arts,0,0,52.0,6.0,92.0,30.0,8.0
1,0,Clubs,0,1,64.0,7.0,91.0,27.0,8.0
2,0,No CCA,1,1,78.0,8.0,97.0,17.0,8.0
0,1,Clubs,1,1,77.0,10.0,99.0,18.0,8.0
0,1,Arts,0,1,80.0,7.0,96.0,19.0,8.0
1,0,No CCA,0,1,61.0,9.0,92.0,28.0,8.0
0,0,Clubs,0,1,60.0,11.0,93.0,27.0,8.0
1,0,Arts,0,0,66.0,17.0,97.0,22.0,8.0
1,0,Clubs,0,0,54.0,9.0,97.0,24.0,8.0
1,0,Sports,0,1,65.0,16.0,93.0,28.0,8.0
1,0,No CCA,1,0,76.0,17.0,98.0,25.0,8.0
0,1,No CCA,1,0,83.0,7.0,91.0,20.0,8.0
2,0,Clubs,1,0,80.0,5.0,97.0,17.0,8.0
1,0,Arts,0,0,45.0,14.0,52.0,25.0,4.0
1,0,No CCA,0,1,52.0,7.0,92.0,30.0,8.0
0,1,Clubs,0,1,69.0,9.0,,16.0,8.0
2,0,Arts,0,0,56.0,20.0,91.0,20.0,8.0
0,0,Sports,1,0,82.0,8.0,92.0,27.0,8.0
1,0,Clubs,0,1,56.0,17.0,95.0,27.0,8.0
2,0,No CCA,1,1,67.0,20.0,100.0,23.0,8.0
0,0,No CCA,0,0,82.0,5.0,98.0,22.0,8.0
1,0,Clubs,0,1,59.0,14.0,99.0,27.0,8.0
1,1,Sports,0,0,80.0,7.0,98.0,22.0,8.0
0,0,Arts,1,0,66.0,14.0,93.0,20.0,7.0
2,0,Sports,0,1,55.0,16.0,97.0,22.0,8.0
2,0,Clubs,1,1,82.0,6.0,100.0,17.0,8.0
0,0,Arts,0,0,70.0,15.0,94.0,27.0,8.0
0,0,Sports,1,1,75.0,6.0,91.0,23.0,8.0
2,1,Clubs,1,1,80.0,7.0,99.0,14.0,8.0
1,0,Arts,1,0,47.0,5.0,97.0,25.0,8.0
1,0,Arts,1,0,59.0,7.0,100.0,26.0,8.0
2,0,Clubs,0,0,56.0,16.0,93.0,20.0,8.0
2,0,No CCA,1,1,83.0,6.0,95.0,17.0,8.0
1,0,No CCA,1,1,71.0,15.0,96.0,25.0,8.0
0,0,Arts,0,1,70.0,6.0,98.0,27.0,8.0
1,1,Clubs,1,1,75.0,5.0,98.0,17.0,8.0
2,0,Clubs,0,0,44.0,13.0,92.0,23.0,8.0
1,1,Sports,0,1,48.0,2.0,90.0,30.0,8.0
0,1,Clubs,0,1,75.0,15.0,91.0,15.0,8.0
2,0,Arts,0,0,42.0,12.0,62.0,22.0,6.0
1,0,Clubs,0,0,43.0,9.0,76.0,28.0,7.0
2,0,No CCA,1,1,82.0,7.0,99.0,17.0,8.0
1,1,Arts,0,0,47.0,14.0,91.0,25.0,8.0
2,1,Clubs,1,1,74.0,17.0,97.0,14.0,8.0
1,0,Clubs,1,1,57.0,20.0,92.0,26.0,8.0
0,0,No CCA,0,0,64.0,16.0,95.0,27.0,8.0
1,1,Clubs,0,1,78.0,7.0,99.0,17.0,8.0
0,0,No CCA,0,1,93.0,9.0,97.0,25.0,8.0
0,1,Clubs,1,1,77.0,8.0,94.0,18.0,8.0
0,1,No CCA,1,0,74.0,8.0,94.0,15.0,8.0
1,0,Sports,0,1,54.0,15.0,97.0,24.0,8.0
0,0,Sports,0,1,55.0,19.0,94.0,22.0,8.0
0,0,Clubs,0,1,75.0,6.0,91.0,23.0,8.0
1,0,Clubs,1,1,60.0,11.0,90.0,27.0,8.0
2,0,Arts,0,0,54.0,18.0,95.0,22.0,8.0
2,0,Sports,0,1,67.0,9.0,97.0,21.0,8.0
0,0,No CCA,0,1,71.0,8.0,91.0,23.0,8.0
1,1,No CCA,1,1,82.0,5.0,97.0,17.0,8.0
1,1,No CCA,0,1,85.0,10.0,93.0,22.0,8.0
1,0,Sports,0,1,58.0,18.0,,28.0,8.0
0,0,No CCA,0,0,74.0,9.0,99.0,20.0,8.0
1,0,Sports,0,1,48.0,11.0,,25.0,6.0
2,0,No CCA,0,0,73.0,10.0,95.0,21.0,8.0
0,0,Clubs,0,1,64.0,12.0,96.0,22.0,8.0
2,0,Sports,0,1,67.0,13.0,98.0,19.0,8.0
0,0,No CCA,1,0,64.0,6.0,100.0,20.0,8.0
0,1,Arts,0,1,69.0,14.0,97.0,16.0,8.0
2,0,Arts,1,0,74.0,17.0,90.0,23.0,8.0
1,0,Clubs,0,0,52.0,15.0,93.0,30.0,8.0
2,1,Clubs,0,0,41.0,15.0,72.0,23.0,6.0
0,0,Sports,1,1,91.0,5.0,98.0,23.0,8.0
1,0,No CCA,1,0,66.0,13.0,,24.0,8.0
1,1,Clubs,0,1,73.0,8.0,97.0,20.0,8.0
2,0,Clubs,1,1,61.0,10.0,94.0,22.0,8.0
1,1,Clubs,0,0,47.0,12.0,97.0,25.0,8.0
2,1,No CCA,1,0,85.0,9.0,90.0,18.0,8.0
1,0,Clubs,0,0,53.0,8.0,93.0,25.0,8.0
2,0,Sports,0,1,60.0,17.0,95.0,20.0,8.0
2,0,Clubs,0,0,53.0,11.0,96.0,22.0,8.0
1,0,Clubs,0,0,54.0,12.0,98.0,31.0,8.0
1,1,No CCA,0,1,84.0,9.0,97.0,17.0,8.0
0,0,Arts,0,1,69.0,8.0,95.0,21.0,8.0
0,0,Sports,0,1,67.0,5.0,,27.0,8.0
1,0,Arts,0,1,51.0,8.0,99.0,25.0,8.0
2,0,Clubs,0,1,53.0,11.0,93.0,19.0,8.0
1,0,No CCA,1,0,50.0,14.0,96.0,30.0,8.0
2,0,Arts,1,1,60.0,13.0,96.0,22.0,8.0
1,0,Sports,0,1,67.0,14.0,92.0,28.0,8.0
0,0,No CCA,1,0,82.0,9.0,100.0,27.0,8.0
1,0,Clubs,0,0,49.0,11.0,,24.0,8.0
1,1,No CCA,0,0,48.0,14.0,94.0,25.0,8.0
0,1,Clubs,0,1,70.0,10.0,91.0,19.0,8.0
1,1,Arts,1,0,45.0,7.0,81.0,30.0,8.0
1,0,Arts,0,1,59.0,8.0,98.0,24.0,8.0
2,1,Sports,1,0,78.0,8.0,96.0,14.0,8.0
0,0,Clubs,1,0,90.0,9.0,99.0,23.0,8.0
1,0,Sports,1,1,61.0,7.0,,28.0,8.0
0,0,Clubs,1,0,92.0,9.0,98.0,23.0,8.0
1,0,Clubs,1,1,56.0,11.0,99.0,26.0,8.0
1,0,Clubs,1,0,34.0,10.0,98.0,28.0,8.0
1,1,Arts,0,1,74.0,13.0,90.0,21.0,7.0
2,0,Clubs,0,0,57.0,10.0,92.0,22.0,8.0
1,0,Arts,0,0,52.0,15.0,96.0,25.0,8.0
0,1,No CCA,0,0,69.0,12.0,,19.0,8.0
0,0,No CCA,0,1,87.0,7.0,98.0,22.0,8.0
0,0,Clubs,0,1,92.0,6.0,97.0,25.0,8.0
1,1,Arts,0,0,48.0,12.0,98.0,29.0,8.0
0,0,No CCA,0,1,74.0,13.0,,23.0,8.0
1,0,Clubs,0,1,65.0,15.0,96.0,28.0,8.0
1,1,Clubs,1,1,95.0,8.0,97.0,21.0,8.0
0,1,Clubs,0,0,73.0,14.0,93.0,20.0,8.0
0,0,No CCA,0,0,70.0,6.0,,27.0,8.0
0,1,No CCA,1,0,90.0,9.0,91.0,16.0,8.0
2,1,Clubs,1,1,84.0,6.0,91.0,14.0,8.0
0,0,Clubs,0,1,87.0,5.0,91.0,22.0,8.0
2,1,Clubs,0,0,49.0,7.0,76.0,24.0,7.0
2,0,No CCA,1,0,71.0,10.0,99.0,23.0,8.0
1,1,Arts,1,1,88.0,9.0,100.0,21.0,8.0
1,1,No CCA,0,0,82.0,8.0,96.0,17.0,8.0
0,0,Clubs,1,1,67.0,16.0,94.0,20.0,8.0
0,0,Sports,0,0,49.0,14.0,70.0,22.0,6.0
2,0,No CCA,0,1,70.0,15.0,99.0,21.0,8.0
1,1,No CCA,1,1,98.0,6.0,91.0,17.0,8.0
0,1,No CCA,1,0,76.0,4.0,98.0,18.0,8.0
2,0,No CCA,1,1,74.0,7.0,96.0,17.0,8.0
2,1,Clubs,0,0,40.0,13.0,94.0,22.0,8.0
2,1,No CCA,1,1,78.0,9.0,,14.0,8.0
2,0,Clubs,1,1,74.0,7.0,90.0,17.0,8.0
0,0,Clubs,1,0,93.0,8.0,92.0,19.0,8.0
1,1,Sports,1,1,62.0,14.0,94.0,27.0,8.0
1,0,Arts,0,1,71.0,18.0,93.0,22.0,8.0
1,0,Arts,0,0,49.0,5.0,52.0,29.0,5.0
0,1,Arts,0,0,77.0,6.0,98.0,19.0,8.0
2,0,Clubs,0,1,62.0,18.0,93.0,20.0,8.0
1,0,Clubs,0,1,52.0,10.0,95.0,30.0,8.0
0,1,No CCA,1,1,79.0,5.0,96.0,18.0,8.0
0,0,No CCA,0,1,94.0,7.0,99.0,25.0,8.0
0,0,Sports,0,1,70.0,20.0,90.0,27.0,8.0
2,0,Sports,0,1,72.0,9.0,94.0,19.0,8.0
2,0,Sports,1,1,72.0,17.0,92.0,19.0,8.0
1,1,Arts,1,1,66.0,5.0,90.0,19.0,8.0
0,0,Sports,0,0,54.0,7.0,94.0,27.0,8.0
1,0,Sports,0,0,45.0,6.0,72.0,24.0,6.0
0,0,No CCA,0,0,63.0,8.0,90.0,27.0,8.0
1,0,Clubs,1,0,52.0,5.0,99.0,30.0,8.0
1,1,Clubs,0,1,79.0,7.0,90.0,17.0,8.0
0,0,Sports,1,1,77.0,9.0,,24.0,8.0
0,0,Sports,0,0,78.0,8.0,98.0,22.0,8.0
0,0,Arts,0,1,61.0,11.0,100.0,22.0,8.0
0,0,Arts,1,1,67.0,9.0,92.0,20.0,8.0
2,1,Clubs,1,0,78.0,6.0,96.0,14.0,8.0
2,1,Sports,0,0,40.0,5.0,85.0,22.0,8.0
0,0,Clubs,1,0,63.0,10.0,93.0,27.0,8.0
0,1,Arts,1,1,83.0,7.0,95.0,18.0,8.0
1,0,Arts,0,1,69.0,11.0,,28.0,8.0
0,0,No CCA,1,1,91.0,7.0,98.0,23.0,8.0
1,0,No CCA,0,1,64.0,11.0,93.0,28.0,8.0
0,1,Sports,1,0,69.0,9.0,,16.0,8.0
1,0,Clubs,0,0,60.0,11.0,90.0,27.0,8.0
2,0,Clubs,1,1,62.0,14.0,91.0,22.0,8.0
1,1,No CCA,1,1,82.0,9.0,92.0,17.0,8.0
1,0,Arts,0,0,48.0,8.0,78.0,25.0,7.0
1,1,Clubs,1,1,71.0,6.0,95.0,19.0,8.0
1,0,Arts,0,1,69.0,17.0,94.0,28.0,8.0
1,1,No CCA,0,1,85.0,7.0,96.0,22.0,8.0
2,0,Arts,0,1,58.0,11.0,96.0,18.0,8.0
0,1,No CCA,1,1,82.0,6.0,99.0,17.0,8.0
1,1,Sports,0,1,66.0,19.0,99.0,21.0,8.0
1,0,Sports,0,0,49.0,6.0,55.0,29.0,4.0
0,0,Sports,0,0,70.0,9.0,93.0,27.0,8.0
0,0,Clubs,1,0,76.0,7.0,100.0,28.0,8.0
1,0,Clubs,0,1,48.0,2.0,100.0,25.0,8.0
0,0,No CCA,1,1,86.0,7.0,,23.0,8.0
0,0,Sports,0,0,67.0,19.0,91.0,27.0,7.0
0,0,Clubs,1,1,74.0,7.0,91.0,27.0,8.0
2,0,Arts,1,1,73.0,19.0,94.0,23.0,8.0
0,0,No CCA,0,0,63.0,18.0,92.0,27.0,8.0
0,1,No CCA,1,0,77.0,5.0,96.0,15.0,8.0
1,0,Sports,1,0,57.0,12.0,98.0,28.0,8.0
0,0,Clubs,0,0,61.0,8.0,97.0,22.0,8.0
0,0,Sports,0,1,69.0,7.0,92.0,21.0,7.0
0,0,No CCA,1,1,62.0,10.0,99.0,20.0,8.0
1,0,Sports,0,1,59.0,8.0,100.0,24.0,8.0
2,0,No CCA,0,1,66.0,16.0,100.0,19.0,8.0
0,0,Arts,0,0,70.0,12.0,91.0,27.0,8.0
1,0,Clubs,0,1,59.0,5.0,93.0,22.0,8.0
0,0,No CCA,0,1,72.0,6.0,93.0,21.0,8.0
1,1,No CCA,1,1,57.0,7.0,90.0,27.0,8.0
0,0,No CCA,0,1,70.0,12.0,97.0,21.0,8.0
2,0,Arts,1,1,79.0,7.0,,19.0,8.0
0,1,Sports,1,0,81.0,5.0,94.0,15.0,8.0
0,1,Arts,1,0,69.0,6.0,97.0,16.0,8.0
0,0,Arts,1,1,91.0,6.0,99.0,24.0,8.0
1,1,No CCA,0,1,71.0,14.0,97.0,20.0,8.0
1,1,Sports,1,1,55.0,20.0,97.0,27.0,8.0
1,0,No CCA,1,1,62.0,14.0,93.0,28.0,8.0
2,1,Arts,1,1,80.0,6.0,97.0,18.0,8.0
1,1,No CCA,1,0,82.0,10.0,95.0,17.0,8.0
2,0,Arts,1,0,74.0,9.0,99.0,19.0,8.0
1,1,Clubs,0,1,67.0,8.0,93.0,21.0,8.0
1,0,Clubs,0,1,70.0,8.0,97.0,28.0,8.0
0,0,Clubs,0,1,62.0,17.0,96.0,27.0,8.0
0,1,Arts,0,0,78.0,10.0,95.0,21.0,8.0
0,0,No CCA,1,0,90.0,9.0,91.0,25.0,8.0
0,0,Arts,0,1,71.0,13.0,100.0,20.0,8.0
2,0,Sports,0,0,72.0,6.0,90.0,19.0,8.0
0,0,No CCA,1,1,79.0,7.0,93.0,24.0,8.0
1,0,Clubs,0,0,55.0,10.0,,30.0,8.0
2,0,Sports,1,0,71.0,16.0,98.0,22.0,8.0
1,0,Sports,0,0,51.0,16.0,94.0,25.0,8.0
1,0,Arts,0,1,66.0,10.0,92.0,27.0,8.0
1,0,Arts,0,0,47.0,1.0,83.0,30.0,7.0
1,0,Arts,0,0,54.0,18.0,95.0,27.0,8.0
1,0,Sports,0,1,46.0,2.0,99.0,24.0,8.0
1,0,Clubs,0,1,64.0,12.0,94.0,27.0,8.0
0,0,Clubs,1,1,72.0,7.0,93.0,22.0,8.0
1,0,Sports,0,0,50.0,16.0,98.0,25.0,8.0
0,1,Sports,1,0,69.0,8.0,94.0,16.0,8.0
2,0,No CCA,0,0,72.0,19.0,92.0,19.0,7.0
1,0,Clubs,0,0,52.0,14.0,90.0,30.0,8.0
1,0,Arts,1,0,46.0,13.0,92.0,30.0,8.0
1,0,Clubs,0,1,54.0,15.0,94.0,24.0,8.0
0,0,No CCA,1,1,88.0,7.0,,19.0,8.0
1,0,Sports,0,1,68.0,7.0,97.0,28.0,8.0
1,0,Clubs,0,0,40.0,10.0,94.0,24.0,8.0
2,0,Clubs,0,1,74.0,20.0,,21.0,8.0
2,0,Sports,0,1,57.0,6.0,92.0,22.0,8.0
1,0,No CCA,0,0,63.0,14.0,92.0,28.0,8.0
2,0,No CCA,1,0,84.0,6.0,95.0,17.0,8.0
0,0,Clubs,1,0,91.0,5.0,97.0,23.0,8.0
1,0,Sports,0,1,63.0,5.0,,28.0,8.0
0,1,Sports,1,0,68.0,6.0,99.0,16.0,8.0
1,0,Sports,1,0,50.0,16.0,97.0,30.0,8.0
1,0,Sports,1,0,45.0,5.0,99.0,30.0,8.0
1,0,No CCA,1,1,61.0,19.0,94.0,28.0,8.0
0,0,No CCA,1,0,67.0,15.0,90.0,28.0,8.0
1,0,Sports,0,0,48.0,10.0,91.0,25.0,7.0
1,0,Clubs,1,0,54.0,11.0,97.0,30.0,8.0
1,0,Arts,0,0,39.0,10.0,98.0,24.0,8.0
0,0,Sports,0,0,66.0,8.0,96.0,27.0,8.0
0,0,Sports,1,0,74.0,19.0,96.0,28.0,8.0
1,0,Clubs,1,1,50.0,8.0,99.0,30.0,8.0
0,0,Sports,1,0,91.0,6.0,96.0,23.0,8.0
1,0,Clubs,1,1,68.0,8.0,97.0,22.0,8.0
1,0,Clubs,0,1,64.0,11.0,98.0,27.0,8.0
1,1,No CCA,0,1,86.0,10.0,99.0,17.0,8.0
0,0,No CCA,1,0,61.0,17.0,96.0,20.0,8.0
1,0,Clubs,0,0,51.0,6.0,96.0,24.0,8.0
1,0,Arts,1,0,48.0,10.0,71.0,30.0,7.0
1,0,Sports,1,0,50.0,7.0,69.0,30.0,6.0
2,0,Clubs,0,0,63.0,10.0,92.0,23.0,8.0
1,0,Clubs,0,0,59.0,17.0,90.0,27.0,8.0
2,1,Arts,1,0,72.0,9.0,99.0,20.0,8.0
1,0,Clubs,0,1,64.0,18.0,92.0,28.0,8.0
1,0,Clubs,0,1,53.0,13.0,92.0,30.0,8.0
1,0,Clubs,0,1,64.0,16.0,93.0,24.0,8.0
2,0,Arts,0,1,58.0,15.0,92.0,18.0,8.0
1,1,Clubs,0,0,55.0,16.0,92.0,25.0,8.0
0,0,Clubs,1,1,91.0,9.0,100.0,23.0,8.0
1,0,Clubs,0,0,48.0,6.0,80.0,29.0,8.0
2,0,Sports,1,1,73.0,8.0,93.0,19.0,8.0
2,0,Sports,0,1,70.0,19.0,97.0,21.0,8.0
1,0,Clubs,0,0,51.0,10.0,93.0,30.0,8.0
2,0,Sports,0,0,51.0,9.0,92.0,20.0,8.0
0,1,Arts,0,0,73.0,11.0,99.0,21.0,8.0
1,0,Arts,1,0,49.0,14.0,94.0,30.0,8.0
1,1,Clubs,1,1,49.0,10.0,70.0,30.0,6.0
2,1,Arts,1,0,75.0,6.0,90.0,20.0,8.0
2,0,Clubs,0,1,74.0,19.0,98.0,23.0,8.0
2,1,Sports,1,1,76.0,7.0,93.0,14.0,8.0
0,1,No CCA,1,1,79.0,8.0,95.0,18.0,8.0
2,1,Sports,0,0,58.0,19.0,99.0,16.0,8.0
0,0,Clubs,0,0,65.0,16.0,98.0,21.0,8.0
1,0,Clubs,0,1,61.0,19.0,96.0,24.0,8.0
1,0,Clubs,1,0,53.0,8.0,97.0,30.0,8.0
1,0,Clubs,0,1,64.0,5.0,99.0,27.0,8.0
0,1,Arts,0,0,75.0,19.0,94.0,19.0,8.0
1,1,No CCA,0,0,82.0,6.0,97.0,22.0,8.0
0,1,Sports,1,1,72.0,13.0,96.0,16.0,8.0
2,1,No CCA,1,0,70.0,14.0,99.0,15.0,8.0
2,0,Sports,1,1,70.0,19.0,96.0,22.0,8.0
1,0,Arts,0,0,44.0,2.0,93.0,28.0,8.0
0,0,Clubs,1,0,90.0,10.0,99.0,19.0,8.0
1,0,Arts,0,0,50.0,11.0,98.0,30.0,8.0
0,1,Clubs,0,1,80.0,8.0,94.0,19.0,8.0
1,1,Arts,1,0,79.0,5.0,93.0,17.0,8.0
1,0,Sports,1,0,47.0,6.0,92.0,30.0,8.0
1,1,Clubs,0,0,44.0,15.0,66.0,24.0,6.0
1,1,No CCA,1,0,91.0,8.0,,21.0,8.0
0,1,No CCA,1,1,84.0,10.0,99.0,20.0,8.0
0,0,Clubs,0,0,70.0,19.0,93.0,20.0,8.0
0,0,Sports,0,1,75.0,3.0,93.0,21.0,8.0
0,0,No CCA,0,1,89.0,10.0,94.0,22.0,8.0
1,0,Arts,1,0,50.0,8.0,97.0,30.0,8.0
1,0,Sports,1,0,50.0,12.0,58.0,30.0,4.0
0,0,Clubs,1,1,53.0,9.0,90.0,20.0,7.0
0,0,Sports,0,0,59.0,20.0,100.0,21.0,8.0
1,0,Arts,0,1,70.0,18.0,95.0,28.0,8.0
0,0,Arts,0,1,67.0,13.0,92.0,21.0,8.0
0,1,No CCA,1,0,81.0,7.0,93.0,18.0,8.0
1,0,Arts,0,0,54.0,7.0,96.0,24.0,8.0
1,0,Sports,1,0,81.0,7.0,91.0,25.0,8.0
1,0,Arts,0,1,53.0,16.0,91.0,30.0,8.0
2,0,Arts,0,1,68.0,17.0,94.0,21.0,8.0
1,0,Arts,1,0,43.0,3.0,,30.0,8.0
0,0,No CCA,1,1,94.0,7.0,94.0,23.0,8.0
1,0,Sports,1,0,53.0,17.0,97.0,30.0,8.0
0,1,Sports,1,1,87.0,6.0,95.0,16.0,8.0
2,0,No CCA,1,1,83.0,6.0,90.0,17.0,8.0
0,0,Arts,0,1,77.0,6.0,93.0,22.0,8.0
0,0,Clubs,1,1,58.0,7.0,97.0,20.0,8.0
0,0,Arts,1,0,49.0,2.0,91.0,20.0,8.0
0,0,Arts,0,0,65.0,9.0,94.0,21.0,8.0
1,1,No CCA,1,1,84.0,6.0,92.0,17.0,8.0
1,1,No CCA,0,0,79.0,7.0,91.0,17.0,8.0
1,0,Arts,0,0,66.0,7.0,99.0,22.0,8.0
0,0,Clubs,0,0,67.0,13.0,98.0,27.0,8.0
1,0,Arts,0,1,59.0,9.0,91.0,27.0,8.0
2,0,No CCA,1,0,72.0,12.0,95.0,17.0,8.0
2,0,Clubs,1,1,59.0,16.0,93.0,20.0,7.0
1,1,Sports,1,0,49.0,13.0,72.0,25.0,6.0
1,1,Sports,0,1,69.0,10.0,91.0,21.0,8.0
2,0,Arts,0,1,58.0,7.0,96.0,18.0,8.0
1,1,No CCA,0,1,88.0,6.0,97.0,22.0,8.0
0,0,No CCA,1,1,90.0,8.0,94.0,23.0,8.0
0,1,Clubs,0,0,73.0,7.0,99.0,20.0,8.0
1,0,Sports,0,1,59.0,10.0,,31.0,8.0
1,0,Sports,1,0,53.0,14.0,90.0,30.0,8.0
1,0,Clubs,0,0,57.0,7.0,,28.0,8.0
0,0,Clubs,1,1,74.0,7.0,91.0,24.0,8.0
1,0,Sports,0,1,45.0,7.0,89.0,30.0,8.0
0,1,No CCA,0,1,75.0,18.0,96.0,16.0,8.0
0,1,Sports,1,1,88.0,6.0,94.0,16.0,8.0
1,1,No CCA,0,0,85.0,5.0,99.0,22.0,8.0
0,0,Sports,0,1,64.0,5.0,,27.0,8.0
1,0,Arts,0,1,67.0,14.0,92.0,28.0,8.0
0,0,No CCA,0,1,93.0,9.0,99.0,22.0,8.0
1,0,Sports,1,0,49.0,8.0,94.0,30.0,8.0
1,0,Sports,0,0,67.0,19.0,98.0,28.0,8.0
1,0,Clubs,0,1,62.0,7.0,93.0,28.0,8.0
0,0,No CCA,1,1,86.0,7.0,99.0,23.0,8.0
2,0,Sports,0,0,57.0,11.0,99.0,20.0,8.0
2,0,Sports,1,1,76.0,11.0,99.0,19.0,8.0
0,0,No CCA,0,1,95.0,7.0,95.0,21.0,8.0
0,0,Arts,0,1,70.0,18.0,96.0,27.0,8.0
2,0,Sports,1,1,79.0,10.0,91.0,19.0,8.0
0,0,Sports,0,1,72.0,15.0,92.0,21.0,8.0
1,0,Sports,1,0,76.0,10.0,91.0,25.0,8.0
1,0,Arts,0,1,65.0,5.0,91.0,27.0,7.0
1,1,Clubs,0,1,56.0,16.0,94.0,25.0,8.0
0,0,Arts,0,1,69.0,17.0,93.0,22.0,7.0
0,0,No CCA,0,1,64.0,13.0,94.0,21.0,8.0
0,0,Sports,0,1,78.0,6.0,99.0,21.0,8.0
2,0,Sports,0,0,53.0,12.0,90.0,19.0,8.0
1,1,Clubs,0,1,70.0,15.0,94.0,21.0,8.0
2,0,Sports,1,1,75.0,14.0,95.0,19.0,8.0
1,1,Arts,0,0,51.0,19.0,97.0,25.0,8.0
1,0,Clubs,0,0,68.0,14.0,90.0,28.0,8.0
1,0,Clubs,0,0,55.0,10.0,98.0,29.0,8.0
0,0,No CCA,1,1,84.0,6.0,99.0,27.0,8.0
0,0,Sports,1,0,84.0,9.0,96.0,23.0,8.0
0,1,No CCA,1,0,81.0,9.0,94.0,15.0,8.0
1,0,Clubs,0,0,47.0,14.0,91.0,25.0,8.0
1,0,Clubs,0,1,67.0,11.0,95.0,28.0,8.0
0,0,Sports,0,1,73.0,12.0,94.0,22.0,8.0
0,0,Sports,1,0,79.0,8.0,90.0,27.0,8.0
1,0,Arts,0,1,51.0,13.0,93.0,22.0,8.0
1,0,Arts,1,0,52.0,6.0,98.0,30.0,8.0
0,1,Clubs,1,1,67.0,15.0,91.0,16.0,8.0
0,0,Clubs,0,0,93.0,8.0,90.0,22.0,7.0
0,0,No CCA,1,1,91.0,9.0,95.0,24.0,8.0
2,0,No CCA,0,1,73.0,6.0,91.0,21.0,8.0
1,0,Arts,1,0,56.0,8.0,94.0,26.0,8.0
1,1,No CCA,1,0,100.0,9.0,94.0,17.0,8.0
0,0,Clubs,0,1,79.0,7.0,96.0,23.0,8.0
2,1,Arts,1,0,77.0,9.0,96.0,15.0,8.0
0,1,No CCA,1,0,83.0,7.0,97.0,20.0,8.0
2,0,Clubs,0,1,68.0,14.0,99.0,19.0,8.0
0,0,No CCA,0,1,97.0,5.0,100.0,25.0,8.0
2,1,Clubs,1,0,71.0,14.0,91.0,20.0,8.0
2,0,Arts,0,0,48.0,12.0,94.0,18.0,8.0
1,0,No CCA,1,1,51.0,6.0,94.0,24.0,8.0
2,0,No CCA,1,1,67.0,10.0,91.0,21.0,8.0
0,0,Clubs,0,0,68.0,16.0,97.0,22.0,8.0
1,1,Sports,0,1,75.0,8.0,99.0,17.0,8.0
0,1,Sports,0,1,79.0,8.0,94.0,20.0,8.0
2,0,Sports,1,1,58.0,19.0,99.0,18.0,8.0
1,0,Clubs,1,0,54.0,14.0,91.0,30.0,8.0
0,0,Sports,1,0,78.0,7.0,92.0,27.0,8.0
2,0,Arts,0,1,58.0,14.0,94.0,18.0,8.0
1,0,Arts,1,0,45.0,0.0,96.0,30.0,8.0
1,1,Sports,0,0,49.0,14.0,92.0,30.0,8.0
1,1,Sports,0,1,78.0,7.0,100.0,21.0,8.0
1,0,Sports,1,1,57.0,9.0,97.0,22.0,8.0
2,0,Sports,0,1,54.0,16.0,95.0,20.0,8.0
2,0,Arts,0,0,43.0,13.0,91.0,22.0,8.0
0,0,Clubs,0,1,65.0,7.0,,22.0,8.0
0,0,Clubs,0,1,69.0,5.0,94.0,27.0,8.0
2,0,No CCA,1,1,71.0,9.0,,21.0,8.0
1,0,Sports,0,0,44.0,5.0,94.0,25.0,8.0
0,0,Clubs,1,0,56.0,9.0,100.0,20.0,8.0
0,0,Sports,0,1,74.0,5.0,93.0,21.0,8.0
2,0,Clubs,0,1,73.0,14.0,93.0,19.0,8.0
2,0,Clubs,0,1,43.0,7.0,95.0,24.0,8.0
1,0,Clubs,1,1,59.0,5.0,92.0,28.0,8.0
1,0,Arts,0,1,67.0,19.0,100.0,28.0,8.0
0,0,No CCA,0,1,72.0,9.0,90.0,23.0,8.0
2,1,Sports,1,0,72.0,6.0,94.0,20.0,8.0
1,0,Sports,0,0,43.0,8.0,92.0,28.0,8.0
0,1,Clubs,0,1,77.0,8.0,95.0,19.0,8.0
1,0,Clubs,1,0,48.0,11.0,68.0,30.0,7.0
1,1,No CCA,0,1,76.0,13.0,,21.0,8.0
2,1,Clubs,0,0,48.0,11.0,78.0,19.0,6.0
2,0,Arts,1,1,57.0,8.0,96.0,22.0,8.0
2,0,Arts,0,1,77.0,6.0,93.0,21.0,8.0
0,1,Sports,0,1,70.0,16.0,96.0,19.0,8.0
1,1,Sports,0,1,72.0,11.0,95.0,21.0,8.0
1,1,Arts,1,1,75.0,16.0,93.0,20.0,8.0
1,0,Clubs,1,0,54.0,19.0,90.0,30.0,8.0
0,1,Arts,0,1,76.0,5.0,95.0,15.0,8.0
1,0,Sports,0,1,54.0,15.0,94.0,24.0,8.0
0,0,No CCA,0,1,90.0,6.0,95.0,22.0,8.0
0,0,No CCA,1,0,76.0,9.0,91.0,27.0,8.0
1,1,No CCA,1,1,87.0,6.0,98.0,17.0,8.0
0,0,Clubs,0,0,62.0,13.0,93.0,21.0,8.0
0,0,Arts,0,1,68.0,15.0,96.0,21.0,8.0
1,0,Arts,1,1,72.0,17.0,100.0,24.0,8.0
1,0,Sports,0,1,58.0,6.0,98.0,27.0,8.0
2,1,Arts,1,0,71.0,17.0,92.0,15.0,8.0
2,0,Clubs,1,1,72.0,18.0,99.0,21.0,8.0
0,0,Arts,1,0,52.0,12.0,93.0,20.0,8.0
0,0,No CCA,0,1,75.0,10.0,96.0,23.0,8.0
2,0,Arts,1,0,69.0,19.0,95.0,23.0,8.0
0,1,No CCA,1,1,81.0,8.0,96.0,17.0,8.0
1,0,Arts,0,1,61.0,16.0,90.0,22.0,7.0
0,1,Sports,0,0,80.0,8.0,92.0,21.0,8.0
1,0,Sports,1,1,50.0,7.0,96.0,30.0,8.0
1,0,Clubs,1,1,66.0,16.0,100.0,24.0,8.0
0,0,No CCA,0,0,63.0,11.0,97.0,27.0,8.0
0,0,No CCA,0,0,64.0,10.0,97.0,27.0,8.0
1,0,Arts,0,0,54.0,19.0,95.0,25.0,8.0
1,0,Clubs,0,1,58.0,6.0,96.0,27.0,8.0
0,0,No CCA,0,0,94.0,8.0,91.0,25.0,8.0
0,1,No CCA,1,0,82.0,7.0,97.0,17.0,8.0
1,1,Arts,0,0,46.0,12.0,64.0,29.0,6.0
1,0,Clubs,0,1,73.0,9.0,98.0,22.0,8.0
2,1,Arts,1,0,70.0,17.0,100.0,15.0,8.0
2,1,Arts,1,1,80.0,6.0,,14.0,8.0
2,0,Sports,0,1,51.0,7.0,94.0,18.0,8.0
2,0,Sports,0,1,70.0,20.0,99.0,21.0,8.0
1,0,Arts,0,0,53.0,12.0,99.0,30.0,8.0
0,0,No CCA,0,1,75.0,17.0,93.0,22.0,8.0
0,0,No CCA,1,1,56.0,6.0,97.0,20.0,8.0
2,1,Clubs,1,0,85.0,7.0,98.0,18.0,8.0
1,0,Clubs,0,1,60.0,6.0,92.0,22.0,8.0
2,0,Sports,1,0,75.0,10.0,94.0,23.0,8.0
1,1,Arts,0,0,79.0,9.0,92.0,21.0,7.0
0,0,No CCA,0,0,59.0,8.0,99.0,22.0,8.0
0,0,Arts,0,1,71.0,19.0,94.0,22.0,8.0
0,0,Arts,0,1,72.0,11.0,97.0,22.0,8.0
1,0,Sports,1,0,54.0,14.0,90.0,26.0,8.0
1,1,Arts,1,0,56.0,5.0,96.0,27.0,8.0
1,0,No CCA,1,1,64.0,12.0,96.0,28.0,8.0
2,0,No CCA,1,1,60.0,6.0,100.0,22.0,8.0
0,1,No CCA,1,0,81.0,9.0,90.0,15.0,8.0
0,1,Clubs,0,0,78.0,9.0,95.0,16.0,8.0
2,0,Sports,1,0,72.0,19.0,,22.0,8.0
0,1,Arts,1,1,75.0,7.0,99.0,16.0,8.0
2,0,Clubs,0,0,44.0,1.0,98.0,24.0,8.0
1,0,Clubs,0,0,56.0,5.0,98.0,31.0,8.0
0,1,Arts,1,0,85.0,7.0,94.0,20.0,8.0
2,0,Sports,1,0,63.0,9.0,97.0,23.0,8.0
0,0,Clubs,0,1,68.0,15.0,93.0,23.0,8.0
2,0,No CCA,0,1,60.0,6.0,93.0,22.0,8.0
1,1,No CCA,1,1,100.0,8.0,95.0,17.0,8.0
0,0,No CCA,0,1,88.0,5.0,95.0,25.0,8.0
1,0,Clubs,1,1,49.0,3.0,98.0,30.0,8.0
1,0,Arts,0,0,59.0,8.0,90.0,27.0,8.0
2,1,Sports,1,1,73.0,14.0,94.0,20.0,8.0
0,0,Sports,0,0,61.0,8.0,94.0,22.0,8.0
2,0,Arts,0,0,76.0,7.0,91.0,21.0,8.0
2,0,Sports,0,0,58.0,5.0,96.0,20.0,8.0
0,1,No CCA,1,0,69.0,8.0,92.0,16.0,8.0
1,1,Arts,0,1,66.0,19.0,92.0,19.0,8.0
1,0,Arts,1,1,78.0,5.0,95.0,25.0,8.0
1,1,Clubs,1,1,63.0,7.0,99.0,21.0,8.0
0,0,No CCA,0,1,91.0,5.0,92.0,25.0,7.0
0,0,Arts,0,1,61.0,18.0,100.0,20.0,8.0
0,0,Arts,1,1,90.0,5.0,98.0,23.0,8.0
1,0,Sports,1,0,50.0,6.0,85.0,30.0,8.0
1,1,Sports,1,0,98.0,5.0,92.0,17.0,8.0
1,0,No CCA,0,1,68.0,6.0,91.0,22.0,8.0
0,0,No CCA,1,0,67.0,17.0,97.0,28.0,8.0
0,0,Arts,0,0,64.0,17.0,97.0,21.0,8.0
0,1,Sports,1,1,83.0,8.0,97.0,16.0,8.0
0,0,Sports,0,1,65.0,8.0,100.0,22.0,8.0
2,0,No CCA,0,1,69.0,7.0,93.0,21.0,7.0
0,0,No CCA,1,1,50.0,12.0,88.0,22.0,8.0
1,0,Sports,0,0,45.0,7.0,90.0,25.0,8.0
0,0,Arts,1,1,85.0,6.0,97.0,24.0,8.0
1,1,No CCA,1,1,100.0,6.0,94.0,17.0,8.0
0,0,No CCA,0,0,69.0,10.0,94.0,22.0,8.0
0,1,No CCA,1,1,83.0,7.0,92.0,17.0,7.0
1,0,Sports,1,0,55.0,6.0,93.0,26.0,8.0
1,0,Clubs,0,1,36.0,11.0,93.0,24.0,8.0
0,0,Sports,0,0,80.0,6.0,98.0,22.0,8.0
0,0,Sports,1,0,79.0,7.0,98.0,28.0,8.0
2,0,Clubs,1,0,61.0,8.0,93.0,23.0,8.0
0,0,No CCA,0,0,93.0,6.0,90.0,21.0,8.0
1,0,Arts,1,1,59.0,19.0,93.0,28.0,8.0
0,0,Sports,1,1,57.0,9.0,,22.0,8.0
2,1,Clubs,1,1,78.0,6.0,93.0,14.0,8.0
0,1,No CCA,0,1,83.0,5.0,95.0,21.0,8.0
0,0,Sports,1,1,58.0,5.0,96.0,20.0,8.0
2,0,Sports,1,0,71.0,8.0,93.0,23.0,8.0
1,0,Sports,0,0,45.0,4.0,89.0,28.0,8.0
0,0,Clubs,1,0,54.0,10.0,100.0,21.0,8.0
0,1,No CCA,1,0,87.0,7.0,91.0,16.0,8.0
2,1,Arts,0,0,60.0,8.0,90.0,16.0,8.0
0,0,Arts,0,0,58.0,16.0,96.0,27.0,8.0
1,0,Sports,0,1,69.0,8.0,92.0,28.0,8.0
2,0,No CCA,0,1,65.0,8.0,96.0,19.0,8.0
1,0,Arts,0,0,57.0,8.0,94.0,28.0,8.0
0,0,Clubs,0,1,75.0,13.0,99.0,23.0,8.0
0,0,Clubs,0,0,63.0,7.0,90.0,27.0,8.0
1,1,Arts,0,0,85.0,9.0,94.0,22.0,8.0
2,0,Arts,1,1,79.0,8.0,99.0,17.0,8.0
2,0,Sports,1,0,69.0,6.0,92.0,22.0,8.0
1,1,Arts,1,0,48.0,0.0,91.0,30.0,8.0
0,1,No CCA,1,1,79.0,7.0,97.0,17.0,8.0
1,1,Clubs,0,0,36.0,5.0,85.0,24.0,8.0
0,1,No CCA,1,0,80.0,8.0,96.0,15.0,8.0
1,1,No CCA,1,0,88.0,9.0,97.0,21.0,8.0
0,0,Sports,1,0,91.0,9.0,95.0,23.0,8.0
1,0,Arts,0,1,51.0,10.0,92.0,30.0,8.0
1,1,No CCA,1,0,45.0,2.0,92.0,30.0,8.0
1,0,Arts,1,0,85.0,7.0,95.0,25.0,8.0
0,0,Sports,0,0,66.0,20.0,97.0,27.0,8.0
1,1,Arts,1,0,59.0,8.0,95.0,27.0,8.0
0,0,No CCA,1,1,90.0,8.0,92.0,18.0,8.0
2,0,Sports,0,1,51.0,8.0,91.0,18.0,8.0
0,0,No CCA,1,0,67.0,18.0,91.0,28.0,8.0
0,0,Clubs,0,1,70.0,13.0,95.0,22.0,8.0
1,1,Clubs,1,0,46.0,3.0,99.0,30.0,8.0
0,1,Arts,1,0,82.0,8.0,91.0,17.0,8.0
1,0,Arts,1,0,78.0,8.0,99.0,25.0,8.0
0,1,Sports,0,1,76.0,6.0,94.0,20.0,8.0
1,0,Arts,0,0,44.0,5.0,59.0,25.0,5.0
2,1,No CCA,1,0,73.0,11.0,91.0,14.0,8.0
2,0,Arts,1,1,56.0,17.0,95.0,22.0,8.0
2,0,Clubs,0,0,59.0,5.0,95.0,20.0,8.0
2,0,No CCA,1,0,78.0,6.0,96.0,19.0,8.0
0,1,No CCA,0,1,84.0,7.0,91.0,21.0,8.0
1,0,Clubs,0,1,61.0,9.0,98.0,27.0,8.0
0,0,No CCA,1,1,82.0,9.0,93.0,23.0,8.0
0,0,No CCA,0,1,95.0,6.0,98.0,25.0,8.0
0,1,Arts,0,1,70.0,19.0,,16.0,8.0
0,1,Arts,1,1,79.0,8.0,93.0,15.0,8.0
0,1,Arts,1,0,83.0,7.0,92.0,17.0,8.0
0,1,Sports,0,0,81.0,7.0,94.0,21.0,8.0
1,0,Arts,1,1,71.0,10.0,98.0,25.0,8.0
0,0,Sports,0,1,73.0,7.0,95.0,21.0,8.0
0,0,No CCA,0,1,92.0,7.0,90.0,22.0,8.0
2,0,Clubs,1,0,45.0,4.0,100.0,23.0,8.0
2,0,Arts,0,1,50.0,7.0,90.0,18.0,7.0
1,0,Sports,0,1,47.0,3.0,85.0,30.0,8.0
1,0,Arts,1,0,66.0,11.0,96.0,28.0,8.0
1,0,Sports,1,1,70.0,15.0,98.0,24.0,8.0
0,1,Clubs,0,1,80.0,10.0,96.0,21.0,8.0
0,0,No CCA,0,0,97.0,5.0,93.0,25.0,8.0
1,0,Sports,0,1,43.0,10.0,93.0,28.0,8.0
2,0,Sports,0,0,43.0,12.0,99.0,22.0,8.0
0,0,No CCA,0,0,77.0,5.0,95.0,21.0,8.0
0,0,Arts,0,0,68.0,6.0,100.0,27.0,8.0
2,0,Arts,1,1,68.0,7.0,,23.0,8.0
0,1,No CCA,0,0,72.0,14.0,93.0,19.0,8.0
2,0,Sports,1,1,72.0,10.0,90.0,22.0,8.0
1,0,Arts,0,1,68.0,19.0,91.0,22.0,8.0
0,1,No CCA,1,1,84.0,7.0,99.0,20.0,8.0
0,0,Arts,1,0,73.0,6.0,93.0,28.0,8.0
1,1,No CCA,1,1,100.0,7.0,97.0,17.0,8.0
2,1,Clubs,0,0,46.0,12.0,65.0,23.0,5.0
1,1,Arts,0,1,81.0,8.0,99.0,17.0,8.0
0,0,No CCA,1,1,93.0,7.0,94.0,19.0,8.0
1,1,Clubs,0,0,56.0,17.0,,25.0,8.0
1,0,Clubs,0,0,43.0,10.0,92.0,24.0,7.0
1,1,Arts,0,1,77.0,9.0,93.0,17.0,8.0
1,0,No CCA,0,1,69.0,9.0,92.0,22.0,8.0
0,1,No CCA,1,1,80.0,5.0,95.0,15.0,8.0
0,0,Arts,1,1,52.0,16.0,94.0,20.0,8.0
2,0,Clubs,0,1,66.0,15.0,99.0,19.0,8.0
1,1,Arts,0,0,47.0,5.0,94.0,25.0,8.0
2,0,Arts,0,0,59.0,16.0,91.0,20.0,8.0
1,0,Arts,1,1,50.0,14.0,98.0,30.0,8.0
0,1,Arts,1,1,85.0,5.0,94.0,20.0,8.0
2,0,Sports,1,0,68.0,19.0,91.0,22.0,8.0
0,0,No CCA,1,1,96.0,8.0,98.0,23.0,8.0
0,0,Clubs,0,0,81.0,7.0,91.0,23.0,8.0
2,0,Clubs,0,0,52.0,6.0,93.0,22.0,8.0
0,0,Clubs,1,0,74.0,7.0,93.0,28.0,8.0
0,0,No CCA,0,0,64.0,15.0,93.0,27.0,7.0
1,0,Arts,0,1,68.0,15.0,100.0,28.0,8.0
0,0,No CCA,1,1,84.0,7.0,97.0,23.0,8.0
1,0,Arts,0,1,61.0,6.0,92.0,22.0,7.0
1,1,Clubs,0,1,75.0,18.0,94.0,17.0,8.0
2,0,Clubs,0,1,54.0,20.0,92.0,22.0,8.0
0,0,Sports,0,0,49.0,6.0,93.0,22.0,8.0
0,1,Sports,0,1,72.0,19.0,98.0,16.0,8.0
0,0,Sports,0,1,78.0,10.0,94.0,22.0,8.0
0,0,Clubs,1,0,74.0,6.0,93.0,28.0,8.0
0,1,Arts,0,1,71.0,14.0,99.0,20.0,8.0
1,0,No CCA,1,0,81.0,7.0,94.0,25.0,8.0
2,0,Clubs,1,0,77.0,8.0,94.0,17.0,8.0
1,0,Clubs,0,0,50.0,9.0,97.0,30.0,8.0
0,1,Arts,0,0,67.0,15.0,98.0,16.0,8.0
0,0,Clubs,1,1,81.0,9.0,97.0,24.0,8.0
0,0,Sports,0,1,70.0,19.0,99.0,27.0,8.0
1,0,Sports,0,1,54.0,13.0,93.0,30.0,8.0
0,1,No CCA,1,1,84.0,8.0,91.0,20.0,8.0
0,0,Sports,1,0,89.0,9.0,96.0,23.0,8.0
1,0,Arts,1,1,67.0,8.0,99.0,24.0,8.0
2,1,Sports,1,1,77.0,9.0,97.0,14.0,8.0
2,0,Sports,0,0,62.0,8.0,98.0,20.0,8.0
2,1,Clubs,1,1,76.0,12.0,98.0,18.0,8.0
1,0,Sports,0,0,44.0,14.0,51.0,28.0,4.0
1,1,Sports,0,1,75.0,7.0,98.0,17.0,8.0
1,1,No CCA,1,1,85.0,6.0,100.0,22.0,8.0
2,0,Sports,1,1,67.0,5.0,94.0,23.0,7.0
0,0,Clubs,1,0,80.0,9.0,99.0,27.0,8.0
2,0,Arts,0,0,49.0,14.0,95.0,24.0,8.0
2,0,No CCA,1,0,80.0,7.0,90.0,17.0,8.0
0,0,Clubs,1,1,74.0,12.0,96.0,24.0,8.0
0,0,Clubs,0,1,69.0,8.0,95.0,27.0,8.0
1,1,No CCA,1,1,72.0,16.0,99.0,21.0,8.0
1,0,Clubs,1,1,71.0,7.0,93.0,25.0,8.0
2,0,Sports,0,1,68.0,10.0,91.0,19.0,8.0
0,0,Clubs,1,0,85.0,9.0,91.0,24.0,8.0
1,0,Sports,1,1,63.0,6.0,92.0,28.0,8.0
2,0,Arts,1,1,78.0,6.0,98.0,17.0,8.0
1,1,No CCA,0,1,87.0,9.0,95.0,17.0,8.0
2,1,No CCA,1,0,73.0,12.0,97.0,20.0,8.0
1,1,No CCA,1,1,100.0,5.0,90.0,17.0,8.0
0,0,No CCA,1,0,63.0,10.0,96.0,27.0,8.0
0,0,Sports,1,1,80.0,7.0,99.0,24.0,8.0
2,1,No CCA,1,0,67.0,18.0,97.0,20.0,8.0
0,0,Sports,0,0,61.0,8.0,98.0,21.0,8.0
0,0,Clubs,0,1,79.0,10.0,100.0,21.0,8.0
1,0,Sports,0,1,48.0,11.0,68.0,25.0,6.0
2,0,No CCA,0,1,69.0,20.0,,19.0,7.0
0,0,Sports,0,1,64.0,13.0,95.0,22.0,8.0
1,0,Clubs,0,1,62.0,5.0,93.0,28.0,8.0
0,1,Sports,0,0,77.0,8.0,,19.0,8.0
1,1,Clubs,0,0,46.0,5.0,100.0,29.0,8.0
0,0,No CCA,1,0,95.0,6.0,94.0,18.0,8.0
1,1,Arts,0,1,73.0,17.0,91.0,20.0,8.0
1,1,No CCA,1,1,85.0,6.0,98.0,17.0,8.0
2,1,No CCA,1,1,83.0,7.0,97.0,18.0,8.0
1,0,No CCA,0,1,61.0,5.0,93.0,22.0,8.0
1,0,Sports,1,1,43.0,0.0,96.0,24.0,8.0
2,0,Sports,0,1,59.0,11.0,97.0,22.0,8.0
2,0,Arts,0,1,72.0,9.0,94.0,21.0,8.0
2,1,Sports,0,0,60.0,17.0,,16.0,8.0
1,0,Sports,0,0,49.0,7.0,86.0,25.0,8.0
1,1,Sports,0,0,69.0,14.0,99.0,19.0,8.0
2,0,Clubs,1,1,73.0,8.0,95.0,19.0,8.0
1,0,Clubs,1,1,74.0,19.0,98.0,22.0,8.0
0,0,No CCA,1,0,78.0,8.0,99.0,27.0,8.0
1,1,No CCA,1,1,82.0,5.0,96.0,17.0,8.0
2,0,Clubs,0,0,42.0,4.0,,24.0,8.0
0,0,Clubs,0,0,59.0,19.0,96.0,21.0,8.0
1,1,Clubs,0,1,80.0,9.0,,22.0,8.0
1,0,No CCA,0,1,70.0,19.0,93.0,22.0,8.0
1,0,Arts,0,0,59.0,6.0,95.0,31.0,8.0
2,0,Clubs,1,1,72.0,11.0,98.0,17.0,8.0
1,0,Sports,0,0,46.0,1.0,94.0,25.0,8.0
0,0,Sports,1,1,96.0,8.0,97.0,18.0,8.0
0,0,Sports,0,1,74.0,18.0,100.0,21.0,8.0
0,0,Sports,1,1,77.0,7.0,96.0,28.0,8.0
0,1,No CCA,0,1,74.0,12.0,98.0,16.0,8.0
2,0,Arts,0,1,65.0,18.0,97.0,23.0,8.0
1,1,Clubs,0,1,67.0,10.0,95.0,21.0,8.0
0,1,Sports,0,1,78.0,7.0,100.0,20.0,8.0
0,1,No CCA,0,1,80.0,9.0,93.0,21.0,8.0
1,0,Clubs,1,0,57.0,14.0,98.0,30.0,8.0
2,0,Sports,0,0,51.0,6.0,97.0,20.0,8.0
0,0,No CCA,0,0,93.0,6.0,98.0,25.0,8.0
2,0,Sports,1,0,78.0,7.0,93.0,19.0,8.0
1,1,Arts,0,0,49.0,13.0,91.0,25.0,8.0
0,0,Clubs,0,1,78.0,9.0,90.0,22.0,8.0
2,0,Arts,0,1,38.0,1.0,52.0,22.0,4.0
0,0,No CCA,1,0,76.0,6.0,95.0,28.0,8.0
2,0,Clubs,1,1,80.0,7.0,98.0,17.0,8.0
1,1,Clubs,0,1,74.0,6.0,96.0,17.0,8.0
1,0,Arts,0,1,43.0,9.0,100.0,24.0,8.0
1,1,No CCA,0,1,85.0,7.0,94.0,22.0,8.0
0,1,No CCA,1,0,77.0,7.0,93.0,19.0,8.0
0,0,Clubs,0,1,69.0,13.0,99.0,27.0,8.0
1,1,Sports,1,1,78.0,8.0,90.0,17.0,8.0
1,0,Sports,0,1,57.0,13.0,93.0,30.0,8.0
2,0,Arts,0,0,60.0,8.0,90.0,20.0,8.0
0,0,Clubs,1,1,85.0,8.0,90.0,23.0,8.0
1,0,No CCA,0,1,62.0,17.0,96.0,28.0,8.0
0,0,Arts,0,0,74.0,18.0,97.0,20.0,8.0
1,0,Clubs,1,0,57.0,20.0,99.0,28.0,8.0
0,1,Clubs,0,1,80.0,6.0,99.0,21.0,8.0
0,0,No CCA,0,1,93.0,8.0,90.0,25.0,8.0
2,0,Clubs,1,1,78.0,5.0,90.0,17.0,8.0
2,1,Sports,0,1,42.0,14.0,98.0,22.0,8.0
1,0,Arts,0,1,69.0,13.0,98.0,22.0,8.0
1,1,Clubs,0,1,56.0,13.0,92.0,25.0,8.0
0,0,No CCA,1,1,80.0,5.0,90.0,24.0,8.0
2,0,Clubs,0,1,67.0,12.0,96.0,23.0,8.0
2,0,Arts,1,0,74.0,8.0,93.0,23.0,8.0
0,0,No CCA,1,1,74.0,13.0,91.0,28.0,8.0
0,0,Sports,1,0,59.0,18.0,96.0,21.0,8.0
1,0,Clubs,0,1,61.0,6.0,98.0,22.0,8.0
0,1,Arts,1,1,72.0,6.0,93.0,16.0,8.0
0,1,No CCA,0,0,84.0,9.0,94.0,21.0,8.0
1,0,Arts,0,1,58.0,15.0,96.0,28.0,8.0
0,0,No CCA,1,0,79.0,7.0,93.0,27.0,8.0
1,0,Arts,0,1,62.0,8.0,93.0,28.0,8.0
0,0,Arts,0,1,71.0,15.0,100.0,21.0,8.0
2,0,Arts,0,1,62.0,10.0,93.0,22.0,8.0
0,0,Arts,1,0,71.0,7.0,95.0,28.0,8.0
0,0,Sports,0,0,70.0,15.0,95.0,20.0,8.0
1,0,Clubs,0,1,60.0,6.0,92.0,22.0,8.0
0,0,Arts,0,1,68.0,14.0,93.0,23.0,8.0
0,0,Clubs,1,0,54.0,15.0,100.0,20.0,8.0
1,0,Clubs,1,0,80.0,5.0,99.0,25.0,8.0
0,1,Arts,0,1,79.0,9.0,97.0,15.0,8.0
1,1,No CCA,0,1,73.0,16.0,92.0,20.0,8.0
0,0,No CCA,0,1,98.0,5.0,97.0,21.0,8.0
0,0,Sports,0,1,69.0,17.0,94.0,21.0,8.0
0,0,Arts,1,0,78.0,9.0,96.0,27.0,8.0
2,0,Sports,1,0,76.0,14.0,96.0,19.0,8.0
2,1,Sports,0,1,63.0,10.0,,16.0,8.0
0,1,Clubs,1,0,78.0,6.0,96.0,20.0,8.0
2,1,Sports,0,0,43.0,7.0,54.0,24.0,4.0
1,0,Sports,0,1,70.0,19.0,100.0,22.0,8.0
0,0,Sports,1,1,65.0,13.0,91.0,20.0,8.0
1,0,Sports,1,0,47.0,15.0,91.0,30.0,8.0
0,0,Arts,0,0,66.0,19.0,94.0,27.0,8.0
0,0,Sports,1,0,90.0,7.0,91.0,19.0,8.0
0,0,No CCA,0,1,79.0,7.0,100.0,21.0,8.0
0,0,Sports,0,0,54.0,9.0,98.0,27.0,8.0
0,0,No CCA,1,1,90.0,8.0,97.0,18.0,8.0
0,0,Arts,0,1,73.0,10.0,99.0,23.0,8.0
0,0,Clubs,0,1,66.0,14.0,,21.0,8.0
0,1,No CCA,0,1,80.0,10.0,99.0,21.0,8.0
0,0,Clubs,1,1,89.0,8.0,96.0,22.0,8.0
2,0,Sports,0,0,43.0,15.0,92.0,22.0,8.0
1,1,No CCA,0,1,85.0,9.0,95.0,22.0,8.0
2,0,Sports,1,0,71.0,17.0,,23.0,8.0
1,1,Arts,1,0,92.0,5.0,95.0,21.0,8.0
0,0,Sports,1,1,67.0,6.0,97.0,27.0,8.0
1,1,No CCA,0,1,70.0,11.0,,20.0,8.0
1,0,Arts,0,1,70.0,14.0,97.0,28.0,8.0
0,0,Clubs,0,0,79.0,7.0,99.0,21.0,8.0
2,0,Sports,0,1,74.0,13.0,90.0,23.0,8.0
2,0,No CCA,0,1,72.0,6.0,97.0,19.0,8.0
2,0,No CCA,0,1,68.0,9.0,91.0,19.0,8.0
2,0,No CCA,0,0,41.0,5.0,82.0,23.0,7.0
1,1,Sports,1,0,43.0,1.0,100.0,30.0,8.0
2,0,Clubs,0,1,74.0,14.0,100.0,23.0,8.0
1,0,Arts,0,1,61.0,7.0,90.0,27.0,7.0
0,0,Sports,1,0,65.0,6.0,97.0,27.0,8.0
0,0,No CCA,1,1,93.0,8.0,97.0,19.0,8.0
1,0,Arts,0,1,57.0,19.0,,31.0,8.0
0,0,Arts,0,0,54.0,9.0,96.0,21.0,8.0
2,0,Sports,0,1,42.0,12.0,93.0,24.0,8.0
1,0,Clubs,0,1,55.0,10.0,93.0,22.0,8.0
0,1,No CCA,1,1,87.0,5.0,90.0,20.0,7.0
1,1,Sports,0,1,82.0,9.0,94.0,22.0,8.0
1,1,Arts,0,1,77.0,9.0,94.0,21.0,8.0
1,1,Sports,0,1,79.0,9.0,91.0,21.0,8.0
0,0,Arts,0,0,74.0,14.0,93.0,20.0,8.0
1,1,Sports,1,1,76.0,7.0,97.0,20.0,8.0
1,1,Sports,1,1,61.0,15.0,100.0,27.0,8.0
1,0,Sports,1,1,49.0,4.0,99.0,30.0,8.0
1,0,Clubs,0,0,48.0,5.0,93.0,25.0,8.0
1,1,No CCA,1,0,79.0,6.0,98.0,21.0,8.0
1,1,Arts,0,1,54.0,12.0,93.0,25.0,8.0
2,1,Arts,1,1,76.0,19.0,91.0,14.0,8.0
0,1,Arts,0,1,78.0,9.0,,15.0,8.0
1,0,Arts,0,0,54.0,14.0,91.0,29.0,8.0
1,0,Sports,0,1,51.0,13.0,97.0,22.0,8.0
1,0,Sports,0,1,54.0,5.0,91.0,29.0,7.0
0,0,Clubs,1,0,86.0,5.0,,23.0,8.0
0,0,Arts,1,1,78.0,8.0,98.0,24.0,8.0
1,0,Sports,1,0,53.0,5.0,95.0,30.0,8.0
1,0,No CCA,1,0,54.0,15.0,100.0,26.0,8.0
2,0,Clubs,0,0,54.0,7.0,95.0,20.0,8.0
0,0,Clubs,1,0,69.0,8.0,,20.0,8.0
2,1,No CCA,1,1,81.0,6.0,97.0,14.0,8.0
1,0,Clubs,1,1,71.0,13.0,94.0,25.0,8.0
2,0,Sports,0,0,59.0,6.0,97.0,22.0,8.0
0,0,Sports,0,1,72.0,12.0,99.0,22.0,8.0
0,0,Clubs,0,0,56.0,16.0,96.0,22.0,8.0
1,0,Clubs,1,1,61.0,12.0,93.0,28.0,8.0
1,1,Arts,0,0,53.0,14.0,91.0,25.0,8.0
0,0,Arts,0,0,87.0,7.0,92.0,22.0,8.0
1,1,Sports,1,1,88.0,7.0,100.0,21.0,8.0
2,0,Arts,1,0,74.0,7.0,91.0,23.0,8.0
1,1,No CCA,0,1,81.0,7.0,97.0,21.0,8.0
1,0,Clubs,1,0,52.0,11.0,96.0,30.0,8.0
1,1,No CCA,0,1,81.0,6.0,,22.0,8.0
2,1,Arts,1,0,79.0,7.0,94.0,18.0,8.0
0,0,Clubs,0,0,89.0,6.0,96.0,22.0,8.0
0,0,Arts,0,1,74.0,15.0,92.0,23.0,8.0
0,0,Clubs,0,0,57.0,17.0,99.0,22.0,8.0
2,0,Sports,0,0,50.0,11.0,99.0,22.0,8.0
0,0,Clubs,1,0,60.0,19.0,93.0,20.0,8.0
2,1,No CCA,1,1,74.0,11.0,94.0,14.0,8.0
2,0,No CCA,0,1,73.0,8.0,98.0,19.0,8.0
1,1,Clubs,1,1,93.0,8.0,98.0,21.0,8.0
1,1,No CCA,1,1,87.0,8.0,100.0,17.0,8.0
0,1,No CCA,1,0,82.0,7.0,99.0,17.0,8.0
0,0,Sports,0,0,63.0,9.0,99.0,27.0,8.0
2,0,Arts,0,0,53.0,18.0,90.0,22.0,8.0
0,0,Arts,1,1,63.0,17.0,97.0,20.0,8.0
1,0,Sports,1,0,49.0,10.0,67.0,30.0,6.0
1,0,Arts,0,1,66.0,18.0,93.0,22.0,8.0
1,0,Clubs,0,1,64.0,9.0,94.0,24.0,8.0
1,1,Arts,0,0,38.0,12.0,76.0,28.0,8.0
2,1,Arts,1,0,70.0,14.0,100.0,15.0,8.0
0,1,Arts,1,1,82.0,6.0,,17.0,8.0
0,0,Clubs,0,1,56.0,17.0,92.0,22.0,8.0
2,1,Arts,1,0,73.0,20.0,97.0,14.0,8.0
0,0,No CCA,1,0,83.0,7.0,96.0,24.0,8.0
0,0,Sports,0,1,90.0,5.0,100.0,25.0,8.0
2,0,Arts,0,1,62.0,7.0,95.0,20.0,8.0
1,1,No CCA,1,1,93.0,8.0,98.0,21.0,8.0
2,0,Sports,0,1,42.0,11.0,80.0,22.0,7.0
1,1,No CCA,1,0,79.0,9.0,91.0,17.0,8.0
1,0,No CCA,1,0,78.0,10.0,92.0,25.0,8.0
0,0,No CCA,0,0,68.0,11.0,93.0,27.0,8.0
0,0,Clubs,0,0,59.0,11.0,91.0,21.0,8.0
0,0,Arts,1,1,65.0,12.0,98.0,20.0,8.0
1,1,Arts,1,1,91.0,9.0,92.0,21.0,8.0
0,0,Sports,0,1,66.0,17.0,93.0,21.0,7.0
1,1,No CCA,0,1,71.0,13.0,91.0,19.0,8.0
1,1,Clubs,0,1,79.0,9.0,91.0,17.0,8.0
2,0,No CCA,1,1,71.0,13.0,95.0,19.0,8.0
2,1,Sports,1,1,81.0,6.0,92.0,18.0,8.0
0,0,Clubs,1,0,66.0,10.0,97.0,22.0,8.0
0,0,No CCA,1,1,87.0,6.0,97.0,23.0,8.0
0,0,No CCA,0,0,82.0,8.0,96.0,22.0,8.0
1,1,Sports,0,0,79.0,9.0,92.0,17.0,8.0
0,1,Arts,0,1,73.0,8.0,92.0,20.0,8.0
1,0,Clubs,0,0,46.0,3.0,92.0,30.0,8.0
1,1,Arts,0,1,81.0,9.0,96.0,19.0,8.0
0,1,Sports,0,1,80.0,7.0,96.0,15.0,8.0
1,0,Clubs,0,1,59.0,5.0,,31.0,8.0
1,0,No CCA,0,1,64.0,11.0,97.0,28.0,8.0
2,0,Arts,0,1,50.0,15.0,71.0,22.0,6.0
0,1,No CCA,1,1,86.0,5.0,96.0,20.0,8.0
0,0,Sports,0,0,78.0,9.0,,22.0,8.0
2,0,Arts,0,1,76.0,6.0,99.0,21.0,8.0
2,1,Sports,1,0,70.0,19.0,95.0,20.0,8.0
1,1,No CCA,0,1,78.0,9.0,95.0,17.0,8.0
2,1,Arts,1,1,78.0,7.0,100.0,14.0,8.0
0,0,No CCA,0,1,94.0,8.0,92.0,21.0,8.0
1,0,Arts,0,0,53.0,10.0,94.0,24.0,8.0
1,0,Arts,0,1,59.0,20.0,92.0,31.0,8.0
1,0,Clubs,1,0,67.0,7.0,93.0,28.0,8.0
0,0,Clubs,0,1,71.0,19.0,93.0,22.0,8.0
0,1,Sports,1,1,83.0,10.0,92.0,20.0,8.0
1,0,No CCA,0,0,47.0,12.0,65.0,25.0,6.0
2,1,No CCA,1,0,73.0,15.0,95.0,20.0,8.0
2,0,Clubs,1,1,79.0,9.0,90.0,17.0,8.0
1,1,No CCA,0,1,77.0,9.0,95.0,17.0,8.0
0,1,No CCA,1,1,89.0,7.0,92.0,16.0,8.0
1,0,No CCA,0,1,63.0,14.0,99.0,28.0,8.0
2,0,Sports,0,1,68.0,10.0,90.0,19.0,8.0
2,0,Clubs,0,1,71.0,15.0,96.0,19.0,8.0
0,1,No CCA,1,1,82.0,5.0,99.0,20.0,8.0
0,1,No CCA,1,1,70.0,7.0,96.0,16.0,8.0
1,1,Arts,0,1,76.0,8.0,98.0,20.0,8.0
0,0,No CCA,0,1,93.0,10.0,93.0,25.0,8.0
1,1,Clubs,1,0,79.0,6.0,99.0,21.0,8.0
0,0,Sports,0,0,60.0,14.0,97.0,20.0,8.0
2,0,Arts,1,0,56.0,9.0,96.0,22.0,8.0
1,0,Arts,0,0,48.0,9.0,82.0,29.0,8.0
1,1,Sports,0,0,48.0,3.0,68.0,25.0,7.0
1,0,No CCA,0,1,62.0,20.0,96.0,28.0,8.0
2,0,Sports,0,1,68.0,18.0,93.0,23.0,8.0
0,0,Arts,0,0,63.0,15.0,96.0,27.0,8.0
2,0,Clubs,0,1,53.0,14.0,92.0,22.0,8.0
0,1,Sports,1,0,77.0,10.0,95.0,15.0,8.0
2,1,Sports,0,0,39.0,1.0,62.0,22.0,6.0
2,0,Arts,1,1,60.0,10.0,98.0,22.0,8.0
2,0,Clubs,1,1,80.0,10.0,92.0,17.0,8.0
0,0,Sports,1,0,91.0,9.0,100.0,23.0,8.0
2,0,Sports,0,1,53.0,6.0,100.0,19.0,8.0
1,0,Sports,1,1,59.0,6.0,95.0,26.0,8.0
1,0,Arts,1,0,52.0,15.0,91.0,30.0,8.0
1,1,No CCA,1,1,68.0,16.0,91.0,21.0,8.0
0,0,Arts,0,1,74.0,8.0,97.0,21.0,8.0
0,0,Arts,0,0,64.0,12.0,96.0,27.0,8.0
1,1,Arts,0,1,77.0,8.0,99.0,17.0,8.0
0,1,Arts,0,1,78.0,7.0,93.0,16.0,8.0
2,1,No CCA,1,1,81.0,9.0,93.0,18.0,8.0
0,0,Sports,1,0,73.0,13.0,99.0,28.0,8.0
0,0,Sports,1,1,81.0,6.0,99.0,24.0,8.0
0,1,Arts,1,1,90.0,9.0,95.0,16.0,8.0
0,0,No CCA,0,0,94.0,8.0,98.0,25.0,8.0
1,1,Sports,0,1,80.0,7.0,99.0,17.0,8.0
1,1,Sports,0,1,56.0,15.0,94.0,25.0,8.0
2,0,No CCA,1,1,83.0,8.0,94.0,17.0,8.0
0,0,Sports,1,0,66.0,19.0,99.0,27.0,8.0
0,0,Clubs,1,1,63.0,18.0,94.0,20.0,8.0
1,0,No CCA,0,1,51.0,14.0,94.0,30.0,8.0
1,1,No CCA,1,1,90.0,6.0,90.0,21.0,8.0
1,0,No CCA,0,1,68.0,14.0,96.0,28.0,8.0
2,0,Sports,1,1,73.0,19.0,97.0,21.0,8.0
1,0,Clubs,0,0,50.0,6.0,96.0,29.0,8.0
2,0,Sports,1,1,80.0,7.0,,19.0,8.0
1,1,Clubs,1,0,59.0,8.0,98.0,27.0,8.0
0,0,No CCA,1,0,92.0,9.0,94.0,23.0,8.0
0,0,Arts,1,1,63.0,17.0,93.0,20.0,8.0
2,1,Sports,0,0,60.0,18.0,97.0,16.0,8.0
1,0,Arts,0,1,58.0,12.0,91.0,27.0,8.0
0,0,No CCA,0,1,93.0,9.0,92.0,21.0,8.0
2,0,Arts,0,0,52.0,12.0,95.0,22.0,8.0
2,0,Sports,0,0,43.0,7.0,,24.0,8.0
1,0,Clubs,0,1,62.0,7.0,97.0,28.0,8.0
0,1,No CCA,1,0,76.0,6.0,100.0,19.0,8.0
2,1,Clubs,0,0,43.0,4.0,68.0,24.0,6.0
2,0,Sports,0,1,70.0,13.0,93.0,19.0,8.0
0,0,Sports,0,1,73.0,8.0,98.0,22.0,8.0
0,1,Clubs,1,1,82.0,9.0,96.0,17.0,8.0
0,0,No CCA,1,1,91.0,10.0,91.0,19.0,8.0
2,0,Clubs,1,0,68.0,8.0,95.0,19.0,8.0
2,0,Arts,1,1,80.0,7.0,94.0,17.0,8.0
2,0,Sports,1,1,77.0,6.0,94.0,19.0,8.0
2,0,No CCA,0,1,67.0,13.0,90.0,23.0,8.0
1,0,Sports,1,0,58.0,9.0,93.0,26.0,8.0
2,0,Arts,0,1,58.0,20.0,97.0,18.0,8.0
0,1,Sports,1,0,78.0,6.0,94.0,18.0,8.0
2,1,Sports,1,1,79.0,7.0,91.0,14.0,8.0
0,1,Sports,0,1,73.0,18.0,96.0,15.0,8.0
0,0,No CCA,0,1,81.0,7.0,95.0,21.0,8.0
0,1,No CCA,1,1,85.0,8.0,90.0,16.0,7.0
0,0,Clubs,1,0,74.0,11.0,95.0,28.0,8.0
0,0,Clubs,0,0,59.0,12.0,92.0,27.0,8.0
0,0,No CCA,0,1,68.0,10.0,90.0,21.0,8.0
0,1,No CCA,1,0,83.0,8.0,95.0,20.0,8.0
2,0,Sports,0,0,47.0,1.0,50.0,23.0,4.0
0,0,No CCA,1,0,70.0,5.0,,27.0,8.0
2,0,Clubs,0,1,52.0,14.0,,22.0,8.0
1,0,Arts,1,0,53.0,15.0,93.0,31.0,8.0
1,0,Sports,0,1,67.0,16.0,90.0,28.0,8.0
0,0,Clubs,0,1,65.0,18.0,96.0,27.0,8.0
1,1,Clubs,0,1,75.0,6.0,93.0,17.0,8.0
0,0,Arts,0,1,68.0,18.0,96.0,21.0,8.0
0,0,Arts,1,1,92.0,8.0,96.0,19.0,8.0
1,1,Clubs,0,0,41.0,2.0,,28.0,8.0
1,1,Sports,0,1,63.0,11.0,91.0,21.0,8.0
1,1,No CCA,1,0,99.0,6.0,96.0,21.0,8.0
0,1,Clubs,1,0,69.0,14.0,95.0,16.0,8.0
1,0,Sports,0,0,58.0,16.0,94.0,27.0,8.0
1,0,Arts,1,0,50.0,6.0,84.0,30.0,8.0
2,0,Clubs,0,1,70.0,13.0,94.0,21.0,8.0
2,0,Sports,1,1,72.0,14.0,90.0,17.0,8.0
1,0,Sports,0,0,50.0,13.0,80.0,25.0,8.0
1,0,Arts,0,0,50.0,8.0,87.0,29.0,8.0
2,0,Sports,1,0,42.0,15.0,98.0,24.0,8.0
1,0,No CCA,1,1,76.0,14.0,99.0,25.0,8.0
0,0,Sports,0,1,94.0,8.0,90.0,21.0,8.0
0,0,Clubs,0,1,77.0,8.0,99.0,21.0,8.0
1,1,Sports,0,0,44.0,13.0,73.0,28.0,6.0
2,0,Arts,0,0,68.0,8.0,94.0,19.0,8.0
2,1,Clubs,0,0,42.0,8.0,52.0,22.0,5.0
1,0,Arts,0,1,59.0,17.0,96.0,28.0,8.0
1,1,No CCA,1,1,96.0,7.0,94.0,17.0,8.0
1,0,No CCA,0,0,61.0,10.0,93.0,28.0,8.0
0,0,Sports,0,1,87.0,5.0,91.0,22.0,8.0
0,0,No CCA,0,0,60.0,9.0,97.0,20.0,8.0
1,0,Clubs,0,1,73.0,16.0,90.0,22.0,8.0
1,0,Clubs,0,0,51.0,16.0,92.0,30.0,8.0
2,0,No CCA,1,1,56.0,9.0,93.0,22.0,8.0
1,0,Arts,1,0,46.0,15.0,100.0,24.0,8.0
1,0,Clubs,0,1,46.0,5.0,96.0,30.0,8.0
1,0,No CCA,1,1,79.0,5.0,93.0,25.0,8.0
1,0,Clubs,0,1,63.0,10.0,97.0,28.0,8.0
2,0,Clubs,1,1,59.0,12.0,94.0,22.0,8.0
0,0,Arts,0,0,67.0,18.0,98.0,27.0,8.0
0,0,Sports,1,0,72.0,12.0,97.0,28.0,8.0
1,0,No CCA,1,0,55.0,7.0,99.0,30.0,8.0
1,0,Sports,1,0,58.0,7.0,92.0,31.0,7.0
0,0,Sports,0,1,69.0,18.0,100.0,27.0,8.0
0,0,Arts,1,0,85.0,10.0,95.0,23.0,8.0
1,1,Arts,1,1,92.0,5.0,98.0,21.0,8.0
0,0,Sports,0,1,70.0,14.0,92.0,22.0,8.0
1,1,No CCA,1,1,80.0,9.0,97.0,21.0,8.0
1,0,Arts,0,0,45.0,6.0,90.0,28.0,8.0
0,1,Clubs,1,1,79.0,8.0,93.0,18.0,8.0
0,0,No CCA,1,0,90.0,8.0,96.0,23.0,8.0
1,0,Sports,0,0,44.0,5.0,63.0,29.0,4.0
0,0,No CCA,0,1,94.0,8.0,97.0,21.0,8.0
1,0,Clubs,1,1,59.0,14.0,92.0,22.0,8.0
1,0,Clubs,1,1,52.0,14.0,97.0,30.0,8.0
1,0,Clubs,0,0,48.0,8.0,94.0,24.0,8.0
1,0,Sports,0,0,51.0,13.0,95.0,30.0,8.0
1,1,No CCA,0,0,86.0,7.0,98.0,17.0,8.0
0,0,No CCA,0,1,72.0,19.0,95.0,22.0,8.0
0,0,No CCA,0,1,65.0,18.0,100.0,22.0,8.0
1,1,No CCA,0,1,76.0,9.0,92.0,17.0,8.0
1,0,Arts,0,0,52.0,9.0,99.0,25.0,8.0
1,1,Arts,1,1,62.0,15.0,96.0,27.0,8.0
0,0,No CCA,1,1,93.0,7.0,91.0,21.0,8.0
1,0,Clubs,0,0,49.0,4.0,99.0,25.0,8.0
1,1,No CCA,0,1,66.0,20.0,94.0,21.0,7.0
0,0,No CCA,1,0,96.0,6.0,99.0,19.0,8.0
1,0,Sports,1,0,54.0,19.0,98.0,30.0,8.0
2,0,No CCA,0,1,63.0,16.0,100.0,18.0,8.0
2,0,Clubs,0,1,53.0,10.0,100.0,19.0,8.0
0,0,Arts,1,0,72.0,7.0,94.0,28.0,8.0
2,0,Clubs,1,1,73.0,16.0,93.0,19.0,7.0
1,0,No CCA,0,1,63.0,5.0,100.0,28.0,8.0
2,0,Sports,0,0,39.0,13.0,46.0,22.0,4.0
2,0,Sports,0,1,56.0,14.0,97.0,18.0,8.0
1,0,Sports,1,0,54.0,14.0,93.0,26.0,7.0
1,0,Sports,1,0,51.0,8.0,90.0,24.0,8.0
1,1,Clubs,1,0,49.0,4.0,62.0,30.0,5.0
0,1,Clubs,0,1,75.0,14.0,97.0,16.0,8.0
0,1,No CCA,0,1,73.0,5.0,97.0,16.0,8.0
0,0,No CCA,0,1,69.0,7.0,93.0,21.0,8.0
0,0,No CCA,0,0,63.0,7.0,91.0,27.0,8.0
2,0,Arts,0,0,46.0,12.0,92.0,24.0,8.0
0,0,No CCA,0,1,70.0,11.0,94.0,27.0,7.0
1,0,No CCA,1,1,65.0,10.0,93.0,24.0,8.0
0,1,No CCA,0,1,84.0,9.0,98.0,21.0,8.0
2,1,Sports,1,1,76.0,17.0,91.0,14.0,8.0
0,0,Clubs,0,0,56.0,9.0,92.0,22.0,8.0
1,1,No CCA,0,1,52.0,8.0,97.0,25.0,8.0
0,0,No CCA,0,0,92.0,9.0,92.0,25.0,8.0
2,0,Arts,0,0,41.0,11.0,82.0,23.0,8.0
2,0,Sports,0,1,40.0,10.0,100.0,22.0,8.0
2,0,Arts,0,0,53.0,16.0,96.0,22.0,8.0
1,0,Sports,0,0,55.0,5.0,91.0,31.0,8.0
0,0,Arts,1,1,89.0,8.0,,21.0,8.0
2,1,No CCA,1,1,82.0,8.0,,18.0,8.0
2,0,Clubs,0,0,53.0,6.0,100.0,19.0,8.0
0,0,Sports,1,1,91.0,7.0,96.0,23.0,8.0
1,1,Clubs,0,1,70.0,5.0,92.0,19.0,8.0
0,0,Clubs,0,0,57.0,13.0,90.0,27.0,8.0
1,0,Sports,0,0,50.0,7.0,,30.0,8.0
2,0,Arts,0,1,63.0,14.0,96.0,19.0,8.0
1,1,Arts,1,1,59.0,10.0,99.0,27.0,8.0
2,0,Arts,0,1,56.0,13.0,95.0,18.0,8.0
0,0,No CCA,1,1,60.0,14.0,98.0,20.0,8.0
1,0,Arts,0,0,53.0,5.0,95.0,29.0,8.0
0,1,Clubs,1,1,70.0,15.0,90.0,19.0,8.0
2,0,Arts,1,0,58.0,14.0,96.0,20.0,8.0
1,0,Sports,1,1,60.0,11.0,99.0,28.0,8.0
1,0,Clubs,0,0,48.0,11.0,97.0,30.0,8.0
1,1,Sports,1,0,47.0,14.0,97.0,30.0,8.0
1,0,No CCA,0,1,65.0,19.0,92.0,22.0,8.0
0,0,Clubs,0,0,58.0,20.0,95.0,22.0,8.0
2,0,Clubs,0,1,51.0,10.0,,22.0,8.0
0,0,Sports,0,0,66.0,20.0,93.0,27.0,8.0
0,0,Sports,0,0,53.0,18.0,97.0,21.0,8.0
2,1,No CCA,1,0,65.0,5.0,,20.0,8.0
2,1,Sports,1,0,81.0,9.0,93.0,18.0,8.0
1,1,Clubs,0,0,82.0,6.0,96.0,22.0,8.0
2,1,No CCA,1,0,72.0,9.0,98.0,20.0,8.0
2,0,Sports,1,1,83.0,6.0,96.0,17.0,8.0
1,0,No CCA,1,1,81.0,7.0,96.0,25.0,8.0
0,0,No CCA,1,1,87.0,7.0,93.0,23.0,8.0
1,0,Sports,0,1,61.0,9.0,91.0,28.0,8.0
2,0,Sports,0,1,62.0,8.0,99.0,22.0,8.0
0,0,No CCA,1,1,86.0,8.0,94.0,24.0,8.0
1,1,Clubs,0,0,48.0,7.0,96.0,25.0,8.0
0,0,No CCA,0,0,59.0,7.0,92.0,27.0,8.0
0,0,Sports,0,0,62.0,6.0,90.0,27.0,8.0
1,1,Arts,0,1,52.0,7.0,99.0,25.0,8.0
1,1,Clubs,1,1,45.0,14.0,61.0,24.0,5.0
0,0,Arts,0,1,68.0,6.0,94.0,22.0,7.0
1,0,Arts,1,0,69.0,11.0,90.0,24.0,8.0
0,0,No CCA,1,1,93.0,9.0,95.0,19.0,8.0
1,0,Sports,0,1,48.0,3.0,56.0,30.0,6.0
1,0,Clubs,0,1,65.0,15.0,91.0,28.0,8.0
2,0,Clubs,0,0,76.0,8.0,98.0,21.0,8.0
0,0,Clubs,0,0,64.0,11.0,92.0,27.0,8.0
1,1,Sports,0,0,49.0,10.0,98.0,25.0,8.0
0,1,Clubs,1,0,73.0,9.0,95.0,16.0,8.0
1,0,Clubs,0,0,48.0,14.0,94.0,30.0,8.0
1,0,Arts,1,0,52.0,10.0,98.0,30.0,8.0
2,0,Clubs,0,1,41.0,14.0,97.0,23.0,8.0
1,0,Sports,0,0,49.0,3.0,94.0,30.0,8.0
1,1,Arts,0,1,69.0,14.0,97.0,21.0,8.0
2,1,No CCA,1,0,79.0,10.0,99.0,18.0,8.0
1,1,Sports,1,0,49.0,4.0,57.0,30.0,5.0
0,0,No CCA,1,0,91.0,9.0,94.0,18.0,8.0
2,0,No CCA,1,1,81.0,8.0,91.0,17.0,8.0
1,1,Arts,0,1,86.0,10.0,90.0,22.0,7.0
1,0,Arts,0,0,66.0,10.0,97.0,22.0,8.0
1,0,Clubs,1,1,59.0,6.0,93.0,28.0,8.0
1,0,Arts,0,0,51.0,7.0,93.0,31.0,8.0
1,1,Arts,0,1,78.0,8.0,90.0,19.0,8.0
0,0,Arts,1,1,74.0,13.0,91.0,27.0,8.0
1,0,Clubs,0,1,68.0,11.0,97.0,28.0,8.0
0,0,No CCA,1,0,89.0,10.0,91.0,19.0,8.0
1,0,Arts,0,0,48.0,6.0,52.0,30.0,5.0
1,1,No CCA,0,1,82.0,6.0,99.0,17.0,8.0
0,0,Arts,0,1,59.0,14.0,98.0,27.0,8.0
1,0,Sports,1,1,70.0,6.0,95.0,24.0,8.0
0,0,No CCA,1,0,82.0,7.0,92.0,27.0,8.0
2,0,Arts,1,1,73.0,12.0,98.0,19.0,8.0
0,1,No CCA,0,0,62.0,10.0,91.0,16.0,7.0
0,0,No CCA,1,0,65.0,15.0,98.0,21.0,8.0
0,1,Clubs,1,0,78.0,6.0,92.0,18.0,8.0
0,1,No CCA,1,1,90.0,9.0,90.0,16.0,8.0
0,0,Arts,0,0,90.0,9.0,94.0,22.0,8.0
2,1,Clubs,1,0,78.0,7.0,98.0,14.0,8.0
1,0,Clubs,0,1,48.0,4.0,86.0,24.0,7.0
2,0,No CCA,0,0,62.0,10.0,93.0,23.0,8.0
0,0,Clubs,0,0,65.0,14.0,96.0,21.0,8.0
1,0,Arts,0,1,57.0,7.0,91.0,22.0,8.0
0,0,No CCA,1,0,74.0,15.0,99.0,28.0,8.0
0,0,Sports,1,0,74.0,14.0,92.0,28.0,8.0
0,1,Arts,1,1,75.0,6.0,95.0,18.0,8.0
1,0,No CCA,0,1,69.0,5.0,94.0,22.0,8.0
1,0,Clubs,1,0,53.0,8.0,95.0,30.0,8.0
0,0,Clubs,0,1,81.0,5.0,96.0,22.0,8.0
2,0,Clubs,0,1,53.0,18.0,93.0,19.0,8.0
1,1,Sports,0,0,56.0,11.0,95.0,25.0,8.0
0,1,Clubs,1,0,74.0,7.0,93.0,18.0,8.0
1,1,No CCA,1,1,85.0,6.0,93.0,22.0,8.0
0,0,No CCA,1,0,95.0,10.0,95.0,18.0,8.0
0,1,No CCA,0,1,75.0,18.0,,15.0,8.0
1,0,Arts,0,0,62.0,6.0,95.0,28.0,8.0
2,0,Arts,1,1,71.0,11.0,95.0,19.0,8.0
0,0,Sports,1,1,88.0,5.0,94.0,23.0,8.0
1,0,Sports,0,1,63.0,5.0,92.0,28.0,8.0
1,1,Sports,0,1,56.0,16.0,97.0,25.0,8.0
0,0,Arts,0,1,67.0,10.0,94.0,21.0,8.0
1,1,No CCA,0,1,76.0,8.0,99.0,21.0,8.0
0,1,No CCA,1,1,86.0,8.0,94.0,20.0,8.0
1,0,Clubs,0,0,43.0,6.0,95.0,28.0,8.0
2,1,Arts,0,0,43.0,15.0,91.0,22.0,8.0
0,1,No CCA,0,1,76.0,8.0,99.0,16.0,8.0
1,1,Arts,1,0,47.0,4.0,,25.0,8.0
0,0,Clubs,0,1,78.0,10.0,94.0,21.0,8.0
1,0,Sports,0,0,58.0,13.0,94.0,27.0,8.0
0,0,Clubs,0,0,69.0,11.0,98.0,21.0,8.0
0,0,No CCA,0,1,94.0,6.0,97.0,21.0,8.0
0,0,Clubs,0,0,69.0,13.0,,20.0,8.0
1,0,Sports,1,1,55.0,6.0,99.0,30.0,8.0
0,1,Arts,0,0,78.0,7.0,97.0,15.0,8.0
1,0,Arts,1,1,71.0,8.0,,24.0,8.0
2,0,Clubs,1,1,80.0,6.0,97.0,19.0,8.0
0,1,No CCA,1,1,81.0,10.0,96.0,17.0,8.0
1,1,Arts,0,0,85.0,8.0,96.0,22.0,8.0
1,0,Clubs,0,0,52.0,16.0,91.0,29.0,8.0
2,0,No CCA,1,0,84.0,9.0,94.0,17.0,8.0
1,0,Clubs,0,1,55.0,7.0,,30.0,8.0
1,0,Sports,0,1,51.0,9.0,97.0,29.0,8.0
0,0,Arts,0,1,69.0,16.0,95.0,21.0,8.0
1,1,Clubs,0,1,40.0,8.0,43.0,24.0,4.0
0,0,No CCA,0,0,69.0,6.0,100.0,20.0,8.0
1,1,Arts,0,1,69.0,17.0,97.0,21.0,8.0
0,0,Clubs,0,1,73.0,10.0,90.0,22.0,8.0
0,0,Clubs,0,0,58.0,14.0,94.0,21.0,8.0
0,0,Clubs,0,0,65.0,7.0,94.0,21.0,8.0
2,0,No CCA,0,0,47.0,7.0,60.0,24.0,6.0
1,1,Clubs,1,1,88.0,6.0,95.0,17.0,8.0
1,0,No CCA,0,1,60.0,14.0,93.0,22.0,8.0
0,0,Sports,0,1,67.0,8.0,98.0,21.0,8.0
2,0,Arts,0,1,50.0,18.0,94.0,18.0,7.0
2,0,Clubs,1,0,77.0,5.0,98.0,22.0,8.0
0,0,Arts,1,0,88.0,7.0,90.0,19.0,8.0
1,0,Sports,1,1,48.0,8.0,51.0,30.0,4.0
1,0,No CCA,1,1,65.0,13.0,97.0,28.0,8.0
0,0,Sports,0,0,64.0,7.0,100.0,27.0,8.0
0,0,No CCA,0,0,70.0,14.0,98.0,27.0,8.0
1,0,Clubs,1,0,56.0,18.0,98.0,26.0,8.0
2,1,Clubs,1,0,69.0,10.0,98.0,20.0,8.0
0,0,Sports,0,1,75.0,15.0,94.0,21.0,8.0
2,0,Clubs,0,0,51.0,10.0,99.0,19.0,8.0
0,1,Sports,1,0,74.0,11.0,94.0,18.0,8.0
1,0,Arts,1,0,55.0,11.0,96.0,26.0,8.0
1,1,Sports,1,0,55.0,15.0,99.0,27.0,8.0
0,0,Arts,1,0,90.0,10.0,100.0,19.0,8.0
0,0,No CCA,0,1,93.0,5.0,98.0,25.0,8.0
1,0,Sports,0,1,48.0,4.0,75.0,29.0,7.0
0,1,Clubs,0,1,70.0,14.0,97.0,19.0,8.0
0,0,Clubs,0,0,63.0,13.0,95.0,21.0,8.0
0,0,No CCA,0,0,93.0,6.0,96.0,22.0,8.0
2,0,Arts,0,1,64.0,9.0,96.0,20.0,8.0
1,0,No CCA,1,0,78.0,9.0,92.0,25.0,8.0
0,0,Sports,1,0,79.0,9.0,94.0,27.0,8.0
0,0,No CCA,0,0,67.0,12.0,95.0,27.0,8.0
2,0,Sports,0,1,76.0,17.0,99.0,21.0,8.0
1,0,Clubs,0,1,57.0,5.0,97.0,27.0,8.0
1,0,Sports,0,1,64.0,8.0,99.0,28.0,8.0
1,1,Clubs,1,0,48.0,13.0,56.0,30.0,4.0
0,1,No CCA,0,1,73.0,11.0,91.0,16.0,8.0
1,0,Clubs,1,1,52.0,20.0,100.0,30.0,8.0
0,0,Arts,0,1,88.0,8.0,100.0,22.0,8.0
1,0,Sports,1,1,59.0,15.0,99.0,28.0,8.0
2,0,Sports,0,1,50.0,7.0,98.0,22.0,8.0
0,1,Sports,0,1,72.0,9.0,,16.0,8.0
1,0,Sports,0,1,58.0,11.0,91.0,28.0,8.0
1,0,Clubs,0,0,48.0,11.0,,30.0,8.0
0,0,No CCA,1,1,74.0,6.0,96.0,24.0,8.0
1,0,No CCA,0,1,68.0,12.0,94.0,22.0,8.0
1,1,No CCA,0,1,75.0,8.0,94.0,17.0,8.0
0,1,No CCA,1,1,90.0,6.0,97.0,16.0,8.0
0,0,Arts,0,1,93.0,9.0,90.0,25.0,8.0
2,0,Clubs,1,0,68.0,11.0,95.0,23.0,8.0
1,0,Arts,0,1,47.0,15.0,98.0,25.0,8.0
2,1,Arts,0,1,58.0,6.0,90.0,16.0,8.0
0,0,Sports,0,1,93.0,8.0,98.0,25.0,8.0
2,0,Sports,0,0,59.0,7.0,94.0,20.0,8.0
2,0,Clubs,0,0,48.0,10.0,79.0,19.0,7.0
0,0,No CCA,0,1,92.0,7.0,98.0,25.0,8.0
1,0,Clubs,0,1,58.0,9.0,91.0,24.0,8.0
0,0,Clubs,0,1,70.0,8.0,,27.0,8.0
2,0,Clubs,0,1,61.0,10.0,96.0,20.0,8.0
0,1,No CCA,1,0,74.0,14.0,94.0,15.0,8.0
1,0,Clubs,0,0,60.0,16.0,97.0,31.0,8.0
0,0,Clubs,0,1,69.0,6.0,98.0,27.0,8.0
0,0,Clubs,1,0,73.0,15.0,91.0,28.0,8.0
0,0,Sports,1,1,79.0,5.0,96.0,27.0,8.0
0,1,Arts,0,1,72.0,15.0,96.0,16.0,8.0
1,0,Clubs,0,1,62.0,12.0,91.0,28.0,8.0
2,0,Clubs,0,1,71.0,14.0,99.0,23.0,8.0
0,0,Sports,0,0,90.0,9.0,91.0,25.0,8.0
0,0,Clubs,0,1,75.0,14.0,100.0,21.0,8.0
0,0,Sports,0,1,75.0,1.0,96.0,21.0,8.0
2,0,No CCA,0,1,76.0,7.0,96.0,21.0,8.0
1,0,No CCA,0,0,65.0,17.0,96.0,28.0,8.0
2,0,Clubs,0,1,42.0,1.0,93.0,24.0,8.0
2,0,Sports,0,0,62.0,7.0,91.0,20.0,8.0
0,0,No CCA,1,0,67.0,15.0,95.0,28.0,8.0
1,0,Arts,0,0,55.0,6.0,90.0,27.0,7.0
0,0,Arts,0,1,79.0,6.0,95.0,21.0,8.0
0,0,No CCA,0,1,70.0,16.0,96.0,27.0,8.0
2,0,Clubs,0,0,60.0,17.0,94.0,20.0,7.0
2,0,No CCA,1,0,61.0,12.0,93.0,23.0,8.0
1,1,Sports,0,1,81.0,5.0,91.0,17.0,8.0
1,1,Sports,0,0,48.0,15.0,93.0,30.0,8.0
1,0,Sports,1,0,57.0,14.0,95.0,27.0,8.0
0,0,No CCA,0,1,79.0,6.0,96.0,23.0,8.0
1,0,Clubs,1,1,68.0,18.0,97.0,28.0,8.0
2,1,Clubs,1,0,84.0,6.0,99.0,18.0,8.0
1,0,Clubs,0,0,57.0,14.0,97.0,31.0,8.0
1,0,Clubs,1,1,59.0,18.0,95.0,26.0,8.0
1,0,Arts,1,0,57.0,12.0,92.0,26.0,8.0
2,0,Clubs,1,1,58.0,5.0,95.0,22.0,8.0
0,1,Clubs,0,1,72.0,20.0,93.0,16.0,8.0
2,0,Clubs,0,1,74.0,12.0,94.0,21.0,8.0
0,0,Clubs,0,0,69.0,11.0,98.0,21.0,8.0
2,0,No CCA,1,0,67.0,9.0,96.0,22.0,8.0
2,1,No CCA,1,0,73.0,13.0,92.0,14.0,8.0
1,0,Sports,0,1,58.0,14.0,97.0,28.0,8.0
1,0,Arts,1,0,47.0,8.0,89.0,30.0,8.0
0,1,Clubs,1,0,77.0,9.0,98.0,18.0,8.0
1,0,Arts,0,1,53.0,10.0,91.0,30.0,8.0
0,0,No CCA,1,1,96.0,10.0,94.0,19.0,8.0
0,0,No CCA,1,1,91.0,9.0,93.0,23.0,7.0
0,0,Arts,0,1,71.0,9.0,96.0,20.0,8.0
2,0,No CCA,0,1,45.0,4.0,91.0,24.0,8.0
0,1,No CCA,0,0,79.0,6.0,92.0,20.0,7.0
1,0,No CCA,1,0,52.0,12.0,96.0,30.0,8.0
1,0,No CCA,0,1,61.0,12.0,90.0,24.0,8.0
1,0,Sports,1,1,49.0,0.0,67.0,24.0,6.0
0,0,Clubs,0,1,70.0,14.0,91.0,27.0,8.0
0,0,Arts,1,0,81.0,7.0,90.0,24.0,8.0
1,0,Sports,1,0,44.0,10.0,62.0,30.0,5.0
0,0,No CCA,1,1,90.0,9.0,97.0,23.0,8.0
1,1,Arts,0,0,54.0,17.0,95.0,25.0,8.0
0,0,Sports,0,1,69.0,14.0,91.0,22.0,8.0
0,0,No CCA,0,0,60.0,18.0,97.0,27.0,8.0
2,1,Arts,1,1,77.0,9.0,94.0,14.0,8.0
1,0,Arts,0,1,59.0,6.0,93.0,24.0,8.0
2,0,No CCA,1,1,61.0,16.0,91.0,22.0,7.0
0,0,No CCA,1,1,91.0,10.0,99.0,23.0,8.0
2,0,Sports,1,1,67.0,5.0,100.0,23.0,8.0
1,0,No CCA,1,1,52.0,15.0,93.0,30.0,8.0
2,0,Clubs,1,1,80.0,6.0,93.0,19.0,8.0
2,0,Clubs,0,1,74.0,8.0,93.0,23.0,8.0
0,0,Arts,0,1,90.0,7.0,92.0,22.0,8.0
1,1,Arts,0,0,77.0,7.0,,17.0,8.0
0,0,No CCA,1,0,92.0,8.0,91.0,18.0,8.0
1,1,Clubs,0,1,81.0,7.0,98.0,22.0,8.0
0,0,Arts,0,0,63.0,19.0,96.0,27.0,8.0
1,0,Clubs,0,0,66.0,11.0,99.0,22.0,8.0
1,1,Sports,0,0,77.0,8.0,94.0,20.0,8.0
1,1,Arts,0,0,45.0,3.0,73.0,25.0,6.0
0,1,Arts,0,1,85.0,8.0,94.0,21.0,8.0
1,0,Clubs,1,0,53.0,19.0,95.0,30.0,8.0
0,0,Arts,0,1,93.0,9.0,94.0,25.0,8.0
0,0,Sports,1,0,67.0,9.0,99.0,28.0,8.0
2,0,Sports,1,1,67.0,9.0,94.0,23.0,8.0
1,0,No CCA,1,1,66.0,9.0,95.0,27.0,8.0
0,1,No CCA,0,1,72.0,13.0,91.0,19.0,8.0
2,0,No CCA,1,1,64.0,16.0,93.0,20.0,8.0
0,0,Clubs,0,1,70.0,18.0,92.0,21.0,8.0
1,0,Clubs,1,0,52.0,14.0,91.0,30.0,8.0
1,0,Arts,1,1,64.0,11.0,95.0,26.0,8.0
1,0,No CCA,1,1,69.0,19.0,98.0,24.0,8.0
2,0,Arts,0,1,60.0,5.0,94.0,22.0,8.0
1,0,Arts,0,0,46.0,6.0,72.0,29.0,6.0
0,0,Sports,0,0,69.0,7.0,94.0,21.0,8.0
2,1,Arts,1,1,77.0,5.0,96.0,14.0,8.0
2,0,Clubs,1,1,79.0,6.0,98.0,19.0,8.0
0,0,Arts,1,1,93.0,5.0,94.0,19.0,8.0
0,1,No CCA,1,1,83.0,9.0,96.0,15.0,8.0
1,1,Sports,0,1,77.0,8.0,92.0,17.0,8.0
0,0,Sports,1,1,77.0,8.0,91.0,24.0,8.0
0,0,No CCA,1,1,91.0,5.0,95.0,18.0,8.0
2,0,Sports,0,1,55.0,7.0,91.0,20.0,7.0
2,0,Arts,0,1,72.0,19.0,91.0,19.0,8.0
2,0,Sports,1,0,72.0,14.0,99.0,23.0,8.0
1,0,No CCA,0,1,69.0,10.0,96.0,28.0,8.0
2,0,No CCA,0,1,76.0,11.0,99.0,21.0,8.0
1,0,Sports,1,1,62.0,14.0,95.0,28.0,8.0
0,0,No CCA,1,1,93.0,9.0,94.0,19.0,8.0
1,0,No CCA,0,1,50.0,9.0,,24.0,8.0
1,0,No CCA,0,0,53.0,17.0,96.0,27.0,8.0
0,0,Sports,0,0,60.0,17.0,97.0,21.0,8.0
2,0,Arts,0,0,77.0,6.0,97.0,21.0,8.0
2,0,Clubs,0,0,55.0,13.0,99.0,20.0,8.0
0,0,No CCA,1,0,82.0,5.0,90.0,27.0,8.0
1,0,Sports,0,0,44.0,0.0,43.0,24.0,4.0
0,0,No CCA,0,1,65.0,6.0,91.0,27.0,8.0
1,0,Sports,0,0,45.0,3.0,98.0,25.0,8.0
0,0,Arts,1,1,94.0,7.0,92.0,23.0,8.0
1,1,Arts,0,0,78.0,9.0,94.0,21.0,8.0
1,0,Clubs,0,0,51.0,8.0,95.0,31.0,8.0
1,0,Clubs,1,0,49.0,4.0,91.0,30.0,8.0
1,0,Clubs,0,1,69.0,19.0,93.0,28.0,8.0
1,1,No CCA,1,0,94.0,7.0,96.0,21.0,8.0
1,1,No CCA,0,1,72.0,10.0,93.0,20.0,8.0
0,0,No CCA,1,0,90.0,6.0,90.0,19.0,8.0
1,1,Sports,0,1,75.0,13.0,94.0,17.0,8.0
0,1,Sports,0,1,79.0,7.0,91.0,20.0,8.0
2,0,Clubs,0,0,53.0,5.0,92.0,19.0,8.0
0,0,No CCA,1,1,90.0,6.0,91.0,25.0,8.0
1,0,Arts,1,0,62.0,12.0,91.0,27.0,8.0
1,0,Sports,0,1,55.0,19.0,90.0,30.0,8.0
2,0,Arts,0,0,53.0,6.0,91.0,19.0,8.0
0,0,Clubs,1,0,67.0,15.0,99.0,28.0,8.0
2,0,Arts,0,1,58.0,12.0,92.0,20.0,8.0
2,0,Arts,0,1,48.0,8.0,61.0,19.0,4.0
1,1,Clubs,1,1,55.0,9.0,99.0,27.0,8.0
1,1,Clubs,1,0,57.0,15.0,100.0,27.0,8.0
0,0,Clubs,0,0,57.0,13.0,92.0,21.0,7.0
1,1,Sports,0,1,86.0,8.0,,22.0,8.0
2,1,Sports,1,0,73.0,14.0,98.0,20.0,8.0
1,1,Clubs,0,0,39.0,3.0,78.0,28.0,7.0
0,0,Sports,0,0,63.0,15.0,,21.0,8.0
0,0,No CCA,1,0,93.0,7.0,98.0,23.0,8.0
0,0,Sports,0,0,64.0,7.0,91.0,27.0,8.0
1,0,Clubs,1,1,60.0,8.0,98.0,28.0,8.0
2,0,Sports,0,0,44.0,10.0,88.0,24.0,7.0
0,0,Sports,0,0,69.0,8.0,92.0,20.0,8.0
1,0,Arts,0,0,44.0,7.0,58.0,25.0,5.0
0,1,Clubs,0,1,83.0,7.0,91.0,15.0,8.0
2,1,Arts,1,0,67.0,13.0,96.0,15.0,8.0
0,0,Arts,0,0,62.0,19.0,97.0,21.0,8.0
0,0,Sports,1,0,64.0,7.0,94.0,20.0,8.0
2,0,Arts,1,0,68.0,14.0,99.0,23.0,8.0
2,1,Sports,0,0,42.0,6.0,69.0,22.0,6.0
1,1,No CCA,0,1,70.0,6.0,91.0,19.0,8.0
1,0,Sports,1,1,61.0,15.0,97.0,28.0,8.0
1,1,Sports,0,0,49.0,14.0,93.0,25.0,8.0
2,0,No CCA,0,1,62.0,11.0,96.0,20.0,8.0
2,0,Clubs,0,1,54.0,11.0,91.0,22.0,7.0
0,1,No CCA,1,1,83.0,8.0,91.0,18.0,8.0
2,0,No CCA,1,0,71.0,7.0,97.0,22.0,8.0
0,0,Sports,0,0,61.0,6.0,93.0,27.0,8.0
1,1,No CCA,0,0,82.0,6.0,95.0,22.0,8.0
2,0,Clubs,0,0,39.0,14.0,92.0,24.0,8.0
1,0,Arts,1,0,52.0,13.0,91.0,30.0,8.0
1,0,Clubs,0,1,64.0,6.0,96.0,28.0,8.0
1,1,Sports,1,1,61.0,18.0,98.0,27.0,8.0
1,0,Sports,0,1,62.0,10.0,95.0,22.0,8.0
1,0,Sports,0,0,52.0,10.0,90.0,25.0,8.0
1,0,Sports,1,1,52.0,17.0,100.0,24.0,8.0
2,1,No CCA,1,1,83.0,9.0,91.0,18.0,8.0
1,0,Arts,0,1,58.0,20.0,90.0,28.0,8.0
2,0,No CCA,1,0,69.0,14.0,92.0,22.0,8.0
0,0,Clubs,0,1,55.0,8.0,99.0,27.0,8.0
0,1,Arts,1,1,78.0,6.0,99.0,18.0,8.0
1,0,Clubs,1,0,52.0,9.0,92.0,30.0,8.0
2,1,Arts,0,0,39.0,12.0,91.0,22.0,8.0
0,0,No CCA,1,1,82.0,8.0,93.0,24.0,8.0
2,0,Arts,1,1,59.0,17.0,94.0,22.0,8.0
1,0,Arts,1,1,48.0,4.0,97.0,30.0,8.0
1,0,Arts,1,1,76.0,10.0,96.0,25.0,8.0
1,1,Sports,1,0,50.0,7.0,99.0,27.0,8.0
1,1,No CCA,1,0,62.0,14.0,90.0,27.0,8.0
2,1,Sports,1,1,72.0,7.0,93.0,15.0,8.0
0,0,Clubs,0,1,55.0,18.0,94.0,22.0,8.0
1,0,No CCA,0,1,64.0,19.0,92.0,27.0,8.0
2,0,No CCA,0,1,74.0,12.0,93.0,21.0,8.0
1,0,Clubs,0,1,53.0,13.0,97.0,25.0,8.0
0,0,No CCA,1,0,74.0,15.0,98.0,28.0,8.0
1,0,Sports,0,1,53.0,17.0,96.0,30.0,8.0
2,0,No CCA,0,1,71.0,16.0,90.0,21.0,8.0
1,1,No CCA,1,1,95.0,6.0,91.0,21.0,8.0
2,1,Arts,0,0,56.0,16.0,94.0,16.0,8.0
0,0,Arts,0,1,95.0,10.0,99.0,25.0,8.0
2,0,Clubs,0,1,58.0,13.0,98.0,22.0,8.0
0,0,Clubs,1,0,53.0,12.0,92.0,20.0,8.0
0,1,Arts,0,0,73.0,11.0,97.0,19.0,8.0
0,1,Arts,1,0,82.0,5.0,97.0,17.0,8.0
2,0,Arts,0,1,73.0,18.0,96.0,19.0,8.0
0,0,Arts,1,1,63.0,7.0,98.0,20.0,8.0
2,0,No CCA,1,1,81.0,8.0,98.0,17.0,8.0
1,0,Clubs,1,0,49.0,9.0,84.0,30.0,8.0
1,0,Arts,0,0,55.0,16.0,98.0,30.0,8.0
0,0,No CCA,0,1,95.0,7.0,95.0,22.0,8.0
2,1,Arts,1,0,74.0,13.0,95.0,20.0,8.0
2,0,Sports,0,1,62.0,17.0,100.0,20.0,8.0
1,0,Sports,0,0,40.0,7.0,68.0,28.0,7.0
0,0,Clubs,0,1,75.0,7.0,98.0,22.0,8.0
1,1,Clubs,1,1,100.0,9.0,92.0,17.0,8.0
2,0,Clubs,0,1,74.0,16.0,,21.0,8.0
2,0,Arts,0,0,40.0,15.0,64.0,22.0,6.0
1,1,Sports,0,1,79.0,7.0,94.0,21.0,8.0
1,1,No CCA,0,1,88.0,8.0,99.0,17.0,8.0
2,0,Clubs,1,0,54.0,8.0,97.0,20.0,8.0
1,1,Arts,0,1,72.0,15.0,92.0,19.0,8.0
0,0,No CCA,0,0,63.0,10.0,91.0,27.0,7.0
0,1,Clubs,0,0,49.0,12.0,,22.0,7.0
0,0,No CCA,0,1,70.0,8.0,100.0,22.0,8.0
2,0,Arts,0,1,51.0,9.0,99.0,18.0,8.0
2,0,Arts,0,1,79.0,10.0,95.0,21.0,8.0
1,0,Arts,1,1,56.0,14.0,90.0,26.0,8.0
1,0,Arts,0,1,61.0,9.0,94.0,28.0,8.0
0,1,Clubs,0,1,77.0,7.0,96.0,20.0,8.0
0,1,Arts,1,0,91.0,7.0,96.0,20.0,8.0
2,0,Sports,1,1,79.0,9.0,100.0,19.0,8.0
0,1,Clubs,1,0,73.0,13.0,98.0,16.0,8.0
1,0,Sports,0,1,51.0,7.0,96.0,29.0,8.0
1,1,No CCA,0,1,81.0,5.0,,19.0,8.0
0,0,Arts,1,1,79.0,8.0,97.0,21.0,8.0
1,0,Sports,0,0,42.0,14.0,77.0,24.0,7.0
2,0,Sports,0,0,55.0,14.0,95.0,20.0,8.0
0,0,Sports,1,0,84.0,7.0,91.0,23.0,8.0
2,1,Clubs,1,0,69.0,18.0,,20.0,8.0
2,0,Clubs,0,1,74.0,14.0,95.0,19.0,8.0
1,1,Sports,0,0,47.0,3.0,85.0,25.0,8.0
1,0,No CCA,1,1,77.0,6.0,94.0,25.0,8.0
0,0,No CCA,1,0,76.0,8.0,91.0,22.0,8.0
0,0,No CCA,0,0,89.0,6.0,100.0,22.0,8.0
1,1,Arts,1,1,67.0,20.0,96.0,27.0,8.0
0,1,Arts,1,1,79.0,7.0,94.0,20.0,8.0
0,0,No CCA,0,1,93.0,7.0,92.0,25.0,8.0
0,0,Clubs,0,1,59.0,15.0,,21.0,8.0
0,0,Arts,1,0,73.0,17.0,95.0,28.0,8.0
0,1,No CCA,1,1,83.0,9.0,98.0,17.0,8.0
0,0,No CCA,1,0,90.0,10.0,93.0,18.0,8.0
0,1,Clubs,1,0,73.0,8.0,95.0,16.0,8.0
2,0,Clubs,1,0,70.0,14.0,98.0,22.0,8.0
1,1,Clubs,1,0,62.0,15.0,98.0,27.0,8.0
1,0,Clubs,1,1,76.0,13.0,98.0,25.0,8.0
1,0,Clubs,0,1,49.0,10.0,64.0,29.0,6.0
0,1,Clubs,1,0,73.0,19.0,97.0,16.0,8.0
1,0,No CCA,0,0,55.0,10.0,99.0,29.0,8.0
2,0,Clubs,1,0,79.0,9.0,92.0,17.0,8.0
0,0,No CCA,1,1,94.0,9.0,98.0,25.0,8.0
1,0,Clubs,1,1,49.0,1.0,66.0,29.0,5.0
1,1,Clubs,0,1,86.0,6.0,94.0,17.0,8.0
2,1,Arts,1,1,83.0,8.0,97.0,18.0,8.0
1,1,No CCA,0,0,84.0,9.0,95.0,22.0,8.0
1,1,Arts,0,1,79.0,8.0,92.0,17.0,8.0
2,1,Sports,0,0,58.0,6.0,95.0,16.0,8.0
2,1,Sports,1,1,77.0,9.0,97.0,14.0,8.0
1,0,Clubs,0,1,53.0,9.0,95.0,29.0,8.0
0,0,Arts,0,1,79.0,9.0,97.0,23.0,8.0
2,0,Clubs,0,1,73.0,15.0,97.0,19.0,8.0
1,1,Sports,1,1,85.0,9.0,91.0,17.0,8.0
1,0,Arts,0,0,60.0,11.0,98.0,27.0,8.0
2,1,Arts,1,0,73.0,11.0,99.0,14.0,8.0
0,0,Arts,1,0,72.0,11.0,94.0,27.0,7.0
0,0,Sports,0,0,55.0,13.0,97.0,22.0,8.0
2,1,No CCA,1,1,86.0,5.0,94.0,18.0,8.0
1,1,Clubs,0,1,69.0,15.0,90.0,19.0,8.0
1,1,Arts,0,1,54.0,7.0,91.0,25.0,8.0
0,0,Arts,0,1,59.0,10.0,90.0,27.0,8.0
0,0,Sports,1,0,55.0,11.0,99.0,22.0,8.0
0,1,No CCA,0,1,83.0,7.0,94.0,19.0,8.0
0,0,No CCA,0,0,69.0,19.0,100.0,27.0,8.0
1,1,No CCA,0,0,47.0,7.0,99.0,25.0,8.0
2,1,Sports,1,0,72.0,13.0,,20.0,8.0
0,0,Sports,0,1,60.0,8.0,93.0,21.0,8.0
2,0,Arts,0,0,40.0,6.0,96.0,22.0,8.0
0,0,No CCA,0,1,77.0,7.0,93.0,22.0,8.0
1,0,Sports,0,0,54.0,17.0,95.0,24.0,8.0
0,0,Clubs,1,0,77.0,6.0,97.0,24.0,8.0
1,0,Sports,0,0,54.0,10.0,93.0,24.0,8.0
1,0,Sports,0,1,69.0,6.0,99.0,28.0,8.0
1,0,Clubs,1,0,53.0,11.0,97.0,30.0,8.0
1,0,Arts,0,0,47.0,4.0,93.0,30.0,8.0
0,0,Arts,1,0,79.0,7.0,93.0,27.0,7.0
1,0,Arts,0,1,73.0,12.0,91.0,22.0,8.0
1,0,Arts,0,0,45.0,8.0,97.0,28.0,8.0
1,1,Sports,0,0,35.0,1.0,50.0,28.0,5.0
1,1,Clubs,0,0,85.0,8.0,99.0,22.0,8.0
1,0,Sports,0,0,54.0,10.0,98.0,25.0,8.0
2,0,Clubs,1,1,78.0,7.0,100.0,17.0,8.0
1,0,Arts,0,1,62.0,8.0,95.0,28.0,8.0
1,1,No CCA,0,1,81.0,7.0,94.0,17.0,8.0
1,1,No CCA,0,1,85.0,7.0,92.0,22.0,8.0
0,0,No CCA,0,0,61.0,9.0,94.0,27.0,8.0
1,0,Arts,1,1,55.0,13.0,92.0,24.0,8.0
0,0,Clubs,0,1,74.0,8.0,93.0,22.0,8.0
0,0,Arts,0,0,78.0,6.0,99.0,22.0,8.0
0,0,Arts,0,0,68.0,20.0,92.0,22.0,8.0
2,0,No CCA,1,0,69.0,20.0,94.0,22.0,8.0
1,0,Clubs,0,1,68.0,17.0,91.0,22.0,8.0
0,1,No CCA,1,0,72.0,10.0,92.0,18.0,8.0
1,0,Arts,0,0,51.0,8.0,91.0,30.0,8.0
1,0,Arts,0,0,47.0,11.0,74.0,25.0,6.0
2,1,Clubs,1,0,72.0,10.0,92.0,20.0,7.0
2,0,No CCA,0,1,70.0,10.0,91.0,23.0,8.0
1,0,Clubs,1,0,54.0,15.0,100.0,25.0,8.0
1,0,Arts,0,1,52.0,16.0,96.0,30.0,8.0
1,0,Clubs,0,0,52.0,12.0,99.0,25.0,8.0
2,1,Clubs,0,0,62.0,19.0,98.0,16.0,8.0
2,1,Clubs,1,1,77.0,8.0,96.0,14.0,8.0
1,1,Sports,1,0,87.0,7.0,91.0,21.0,8.0
0,0,No CCA,0,1,60.0,14.0,94.0,27.0,8.0
0,0,Clubs,0,1,68.0,18.0,98.0,27.0,8.0
0,0,Arts,0,1,66.0,7.0,96.0,27.0,8.0
1,1,No CCA,0,1,70.0,9.0,96.0,21.0,8.0
0,0,Clubs,0,1,74.0,18.0,93.0,23.0,8.0
1,0,Sports,0,1,61.0,12.0,95.0,28.0,8.0
1,0,Sports,1,0,73.0,17.0,95.0,25.0,8.0
0,1,No CCA,0,0,76.0,6.0,91.0,19.0,8.0
2,0,Clubs,0,1,72.0,18.0,99.0,21.0,8.0
0,0,Arts,0,1,69.0,11.0,99.0,21.0,8.0
1,1,No CCA,1,1,91.0,8.0,,21.0,8.0
1,1,Clubs,1,0,55.0,16.0,91.0,27.0,8.0
2,0,Arts,1,0,69.0,12.0,98.0,23.0,8.0
1,0,No CCA,1,1,76.0,14.0,100.0,25.0,8.0
0,0,No CCA,1,0,72.0,11.0,95.0,27.0,8.0
1,1,Arts,1,0,57.0,9.0,94.0,27.0,8.0
1,0,Arts,1,0,61.0,10.0,93.0,27.0,8.0
1,0,Sports,1,0,49.0,9.0,92.0,25.0,8.0
0,1,Clubs,0,0,77.0,8.0,93.0,19.0,8.0
1,0,Sports,1,0,56.0,9.0,95.0,26.0,8.0
1,1,Clubs,0,1,43.0,7.0,100.0,28.0,8.0
2,1,No CCA,0,0,60.0,8.0,96.0,16.0,8.0
0,1,Sports,1,1,85.0,7.0,93.0,16.0,8.0
0,1,Sports,1,1,87.0,5.0,95.0,16.0,8.0
0,0,No CCA,0,0,99.0,10.0,96.0,21.0,8.0
0,1,Clubs,0,1,71.0,13.0,95.0,20.0,8.0
0,1,Clubs,1,0,74.0,17.0,91.0,18.0,7.0
2,0,Clubs,0,0,48.0,2.0,93.0,18.0,8.0
1,1,Clubs,0,1,45.0,0.0,84.0,24.0,7.0
0,1,Sports,0,1,72.0,16.0,91.0,16.0,8.0
0,1,Sports,0,1,80.0,10.0,95.0,21.0,8.0
1,0,Clubs,1,0,42.0,3.0,98.0,24.0,8.0
0,0,Sports,1,1,84.0,9.0,95.0,23.0,8.0
2,1,Sports,1,0,47.0,3.0,98.0,24.0,8.0
2,0,No CCA,0,1,72.0,12.0,94.0,19.0,8.0
1,0,Arts,1,1,58.0,9.0,93.0,28.0,8.0
0,0,Arts,0,1,71.0,18.0,100.0,22.0,8.0
0,0,Clubs,1,0,73.0,18.0,95.0,28.0,8.0
1,0,Arts,0,1,64.0,14.0,91.0,27.0,8.0
0,1,Sports,0,1,79.0,10.0,91.0,20.0,8.0
2,0,Arts,0,1,50.0,15.0,94.0,22.0,8.0
0,0,Sports,0,1,68.0,5.0,99.0,21.0,8.0
0,0,No CCA,1,1,90.0,9.0,97.0,23.0,8.0
0,0,Arts,1,1,88.0,10.0,97.0,19.0,8.0
0,0,Arts,1,0,78.0,8.0,94.0,24.0,8.0
1,0,Clubs,0,0,50.0,9.0,99.0,30.0,8.0
2,0,Clubs,0,0,42.0,13.0,44.0,24.0,4.0
0,0,Sports,0,1,98.0,8.0,97.0,21.0,8.0
2,0,Arts,0,1,70.0,17.0,90.0,19.0,8.0
2,1,No CCA,0,0,42.0,12.0,96.0,22.0,8.0
1,1,Arts,0,1,76.0,8.0,91.0,21.0,8.0
1,0,Clubs,1,0,52.0,11.0,,30.0,8.0
1,0,No CCA,0,0,52.0,6.0,98.0,30.0,8.0
0,0,No CCA,0,1,84.0,10.0,98.0,22.0,8.0
1,0,Clubs,0,0,62.0,13.0,94.0,27.0,8.0
1,0,No CCA,1,0,56.0,14.0,98.0,26.0,8.0
2,0,No CCA,0,1,68.0,13.0,91.0,19.0,8.0
1,0,Arts,0,1,64.0,15.0,97.0,28.0,8.0
1,0,Clubs,0,1,52.0,11.0,98.0,30.0,8.0
2,0,Arts,0,1,77.0,7.0,99.0,21.0,8.0
0,1,Sports,1,0,78.0,7.0,97.0,21.0,8.0
0,0,Arts,0,1,68.0,6.0,99.0,23.0,8.0
1,0,No CCA,0,1,64.0,10.0,91.0,24.0,8.0
1,1,Arts,0,0,81.0,7.0,91.0,22.0,8.0
0,1,Arts,0,1,75.0,17.0,92.0,19.0,8.0
1,0,Sports,0,1,51.0,5.0,100.0,31.0,8.0
1,1,Arts,1,1,98.0,10.0,91.0,17.0,7.0
2,0,Clubs,1,1,80.0,8.0,99.0,17.0,8.0
0,1,Clubs,0,1,76.0,17.0,100.0,16.0,8.0
2,0,Sports,0,1,70.0,16.0,97.0,19.0,8.0
1,1,Sports,0,1,74.0,8.0,98.0,20.0,8.0
1,0,Sports,1,1,49.0,3.0,97.0,30.0,8.0
2,0,No CCA,1,1,81.0,8.0,99.0,17.0,8.0
0,1,Clubs,0,1,83.0,7.0,92.0,21.0,8.0
1,0,No CCA,0,0,55.0,10.0,99.0,27.0,8.0
2,0,Clubs,0,1,62.0,17.0,97.0,20.0,8.0
1,0,Sports,0,1,58.0,19.0,99.0,22.0,8.0
0,0,Clubs,0,0,61.0,20.0,96.0,27.0,8.0
1,0,No CCA,1,1,71.0,7.0,93.0,24.0,8.0
2,1,Arts,0,0,44.0,11.0,94.0,23.0,8.0
1,0,Sports,0,1,55.0,18.0,99.0,30.0,8.0
1,0,Arts,0,1,64.0,8.0,97.0,27.0,8.0
0,0,No CCA,0,1,79.0,7.0,97.0,21.0,8.0
2,1,Sports,0,0,47.0,3.0,92.0,23.0,8.0
1,1,Sports,1,0,45.0,2.0,93.0,30.0,8.0
2,1,Clubs,0,0,57.0,19.0,91.0,16.0,8.0
1,0,Sports,1,0,56.0,14.0,92.0,26.0,8.0
0,0,Sports,1,0,63.0,10.0,93.0,27.0,8.0
0,0,Arts,1,1,87.0,8.0,97.0,23.0,8.0
1,1,Arts,0,1,63.0,8.0,98.0,21.0,8.0
0,1,No CCA,0,1,83.0,8.0,98.0,15.0,8.0
1,0,Arts,1,1,75.0,3.0,98.0,24.0,8.0
1,0,Clubs,1,0,52.0,13.0,94.0,30.0,8.0
0,0,Arts,0,1,68.0,12.0,98.0,27.0,8.0
2,0,Sports,1,1,79.0,5.0,99.0,19.0,8.0
0,0,Sports,0,0,70.0,10.0,97.0,20.0,8.0
2,1,No CCA,1,0,81.0,10.0,92.0,18.0,7.0
0,1,Sports,0,1,69.0,9.0,92.0,16.0,7.0
1,1,No CCA,1,1,82.0,8.0,97.0,17.0,8.0
2,0,No CCA,1,1,79.0,7.0,96.0,17.0,8.0
0,0,No CCA,1,0,93.0,6.0,91.0,19.0,8.0
0,0,Arts,0,1,75.0,8.0,,23.0,8.0
0,1,Sports,1,1,81.0,6.0,97.0,15.0,8.0
1,0,Sports,0,0,52.0,8.0,97.0,30.0,8.0
1,1,No CCA,0,1,69.0,12.0,90.0,21.0,8.0
2,0,Sports,0,0,58.0,8.0,97.0,20.0,8.0
0,1,Clubs,0,0,49.0,5.0,88.0,21.0,8.0
2,0,Arts,0,1,71.0,14.0,95.0,19.0,8.0
1,0,Arts,0,1,62.0,10.0,99.0,28.0,8.0
0,0,Sports,1,1,77.0,7.0,,22.0,8.0
1,0,Arts,1,1,52.0,12.0,96.0,30.0,8.0
1,1,No CCA,0,0,82.0,6.0,91.0,21.0,8.0
0,0,Arts,0,0,80.0,10.0,94.0,22.0,7.0
2,0,Arts,1,1,68.0,10.0,96.0,23.0,8.0
1,0,Clubs,0,0,49.0,3.0,97.0,29.0,8.0
2,0,Clubs,0,0,45.0,13.0,87.0,24.0,8.0
1,1,Clubs,1,1,80.0,8.0,94.0,21.0,8.0
1,0,Sports,1,0,54.0,9.0,95.0,30.0,8.0
2,0,Arts,1,1,78.0,7.0,92.0,17.0,8.0
0,1,Sports,0,1,74.0,9.0,91.0,20.0,8.0
2,0,Clubs,0,1,51.0,14.0,99.0,18.0,8.0
0,0,Clubs,0,0,58.0,7.0,92.0,21.0,8.0
1,1,Sports,1,1,56.0,13.0,92.0,27.0,8.0
0,0,No CCA,1,0,82.0,8.0,99.0,24.0,8.0
1,0,Sports,1,0,46.0,11.0,100.0,30.0,8.0
2,1,Clubs,0,0,41.0,2.0,93.0,22.0,7.0
1,1,Sports,1,1,72.0,13.0,98.0,19.0,8.0
0,0,No CCA,1,0,67.0,14.0,91.0,28.0,8.0
1,0,Clubs,0,0,43.0,5.0,74.0,24.0,7.0
1,0,Sports,1,0,51.0,17.0,90.0,30.0,8.0
1,0,No CCA,0,0,50.0,13.0,71.0,24.0,7.0
0,1,No CCA,1,1,88.0,6.0,91.0,16.0,8.0
1,0,Clubs,0,0,45.0,4.0,73.0,25.0,7.0
2,0,Arts,0,0,69.0,15.0,95.0,21.0,8.0
2,0,No CCA,0,1,70.0,5.0,,19.0,8.0
1,1,Clubs,0,1,72.0,9.0,93.0,17.0,8.0
0,0,Sports,0,0,66.0,13.0,95.0,20.0,8.0
2,0,Sports,0,1,55.0,14.0,96.0,18.0,8.0
1,0,Clubs,0,0,50.0,8.0,99.0,25.0,8.0
1,0,No CCA,1,1,65.0,17.0,90.0,24.0,8.0
1,0,Clubs,1,1,59.0,14.0,97.0,28.0,8.0
0,0,No CCA,1,0,92.0,8.0,97.0,23.0,8.0
1,0,Sports,0,1,46.0,4.0,90.0,30.0,8.0
2,0,Arts,1,1,61.0,20.0,94.0,22.0,8.0
2,0,Sports,0,0,57.0,18.0,94.0,22.0,8.0
0,0,Clubs,1,0,81.0,8.0,91.0,24.0,7.0
2,0,Sports,0,0,49.0,9.0,,23.0,8.0
1,0,Clubs,0,1,63.0,16.0,,24.0,8.0
1,0,Sports,1,1,60.0,10.0,94.0,24.0,8.0
0,0,Arts,0,0,61.0,8.0,94.0,22.0,8.0
1,0,Arts,0,1,63.0,17.0,95.0,22.0,8.0
0,0,Arts,1,0,74.0,9.0,98.0,20.0,8.0
1,1,Sports,1,0,56.0,10.0,99.0,27.0,8.0
2,0,Arts,1,1,80.0,10.0,92.0,17.0,8.0
0,1,Sports,1,1,77.0,5.0,,20.0,8.0
1,0,Sports,1,1,48.0,9.0,98.0,30.0,8.0
2,1,Sports,0,0,42.0,3.0,99.0,24.0,8.0
0,0,Sports,0,1,87.0,7.0,97.0,22.0,8.0
0,0,No CCA,1,1,78.0,8.0,90.0,24.0,8.0
0,0,Arts,0,0,59.0,16.0,90.0,21.0,8.0
1,0,Clubs,0,0,47.0,2.0,75.0,25.0,6.0
1,1,No CCA,0,1,86.0,7.0,98.0,22.0,8.0
1,0,Arts,0,1,56.0,6.0,93.0,24.0,8.0
1,0,Sports,1,1,78.0,6.0,90.0,25.0,8.0
1,0,Clubs,0,0,53.0,6.0,99.0,29.0,8.0
0,0,Sports,1,0,71.0,6.0,92.0,28.0,8.0
1,1,No CCA,0,0,86.0,6.0,99.0,22.0,8.0
0,0,Sports,1,0,95.0,9.0,90.0,19.0,8.0
1,0,Sports,1,0,57.0,13.0,91.0,26.0,8.0
2,0,Clubs,0,1,72.0,5.0,94.0,19.0,8.0
0,0,No CCA,1,0,87.0,6.0,97.0,22.0,8.0
0,0,No CCA,0,1,93.0,7.0,93.0,21.0,8.0
0,0,No CCA,1,1,90.0,6.0,98.0,19.0,8.0
1,0,Arts,0,1,64.0,19.0,,28.0,8.0
1,0,Sports,0,0,57.0,14.0,95.0,31.0,8.0
0,0,No CCA,1,1,67.0,7.0,92.0,22.0,8.0
2,0,Arts,0,1,73.0,15.0,91.0,21.0,7.0
1,0,Sports,1,0,52.0,8.0,96.0,30.0,8.0
0,1,Arts,1,1,74.0,8.0,100.0,16.0,8.0
2,0,Clubs,1,1,79.0,6.0,99.0,17.0,8.0
1,0,Sports,1,1,53.0,13.0,90.0,30.0,8.0
2,0,Sports,0,1,67.0,13.0,99.0,19.0,8.0
1,1,Arts,1,1,91.0,7.0,93.0,21.0,8.0
2,1,Clubs,1,0,83.0,8.0,98.0,18.0,8.0
1,0,Sports,0,1,62.0,10.0,92.0,27.0,8.0
1,0,Sports,0,0,55.0,11.0,94.0,31.0,8.0
0,0,Clubs,0,1,75.0,9.0,96.0,21.0,8.0
1,0,No CCA,1,0,67.0,16.0,96.0,24.0,8.0
2,0,No CCA,1,0,83.0,5.0,97.0,17.0,8.0
1,0,Clubs,0,0,58.0,16.0,92.0,27.0,8.0
1,0,Clubs,0,1,63.0,7.0,96.0,27.0,8.0
2,0,No CCA,0,0,71.0,14.0,99.0,21.0,8.0
1,0,Sports,1,0,53.0,19.0,94.0,30.0,8.0
0,0,No CCA,1,1,87.0,8.0,91.0,22.0,8.0
1,0,Sports,1,0,43.0,10.0,95.0,28.0,8.0
2,0,Sports,0,0,43.0,4.0,67.0,22.0,6.0
0,0,No CCA,1,1,91.0,8.0,92.0,23.0,7.0
1,0,Clubs,0,1,65.0,17.0,94.0,28.0,8.0
1,1,Clubs,1,1,80.0,7.0,99.0,17.0,8.0
0,0,No CCA,1,1,83.0,5.0,94.0,27.0,8.0
1,0,Arts,1,0,73.0,17.0,91.0,25.0,8.0
0,0,Arts,0,0,95.0,5.0,91.0,21.0,8.0
2,0,Clubs,1,0,76.0,20.0,90.0,19.0,8.0
1,1,No CCA,1,1,83.0,8.0,100.0,17.0,8.0
1,0,No CCA,0,1,68.0,9.0,91.0,28.0,7.0
1,0,No CCA,0,1,64.0,9.0,92.0,24.0,8.0
2,0,Clubs,0,1,55.0,19.0,99.0,22.0,8.0
0,0,No CCA,1,0,60.0,14.0,95.0,27.0,8.0
1,0,Arts,0,1,65.0,14.0,100.0,28.0,8.0
0,0,Sports,1,1,89.0,8.0,90.0,23.0,8.0
0,1,Sports,0,0,73.0,8.0,94.0,21.0,8.0
0,0,No CCA,0,1,81.0,8.0,,21.0,8.0
2,0,Sports,0,1,70.0,11.0,97.0,21.0,8.0
0,0,Arts,0,0,65.0,16.0,95.0,27.0,8.0
0,0,Arts,1,1,81.0,10.0,91.0,27.0,8.0
1,0,Clubs,0,0,53.0,13.0,99.0,29.0,8.0
0,1,Sports,1,1,80.0,6.0,96.0,18.0,8.0
1,0,Clubs,0,1,67.0,6.0,96.0,22.0,8.0
2,0,Sports,0,0,42.0,9.0,93.0,24.0,8.0
1,0,Clubs,0,1,64.0,6.0,95.0,27.0,8.0
0,0,No CCA,0,1,79.0,9.0,,21.0,8.0
0,0,Arts,0,1,70.0,19.0,91.0,22.0,8.0
1,1,Arts,0,1,74.0,20.0,100.0,20.0,8.0
2,1,Arts,1,1,80.0,6.0,94.0,18.0,8.0
0,1,No CCA,0,1,72.0,17.0,96.0,19.0,8.0
0,0,Clubs,1,1,74.0,8.0,97.0,28.0,8.0
0,0,Arts,0,1,88.0,8.0,96.0,22.0,8.0
1,0,Arts,0,1,63.0,14.0,91.0,22.0,8.0
2,0,Sports,1,0,80.0,8.0,97.0,17.0,8.0
1,1,No CCA,1,1,88.0,7.0,93.0,17.0,8.0
0,0,Sports,0,0,67.0,17.0,93.0,27.0,8.0
0,0,Clubs,0,1,59.0,8.0,92.0,22.0,8.0
2,0,Arts,1,1,75.0,8.0,98.0,19.0,8.0
2,1,No CCA,1,0,79.0,6.0,100.0,18.0,8.0
1,1,Clubs,0,0,47.0,2.0,,29.0,5.0
0,1,No CCA,1,1,87.0,7.0,97.0,17.0,8.0
2,0,Clubs,1,1,77.0,6.0,91.0,17.0,8.0
2,0,Arts,0,1,72.0,12.0,97.0,19.0,8.0
0,0,Clubs,1,1,73.0,10.0,92.0,28.0,8.0
2,1,Sports,1,1,76.0,16.0,,20.0,8.0
0,0,No CCA,0,0,69.0,11.0,93.0,27.0,8.0
1,0,Sports,0,1,61.0,18.0,94.0,28.0,8.0
1,0,No CCA,0,1,60.0,6.0,92.0,24.0,8.0
1,0,Arts,0,0,50.0,8.0,95.0,30.0,8.0
1,1,Arts,0,1,79.0,8.0,99.0,17.0,8.0
2,0,No CCA,1,0,69.0,8.0,97.0,23.0,8.0
0,0,Clubs,1,0,49.0,5.0,92.0,20.0,8.0
0,0,Clubs,0,0,74.0,17.0,94.0,20.0,8.0
1,0,Clubs,1,1,60.0,8.0,95.0,28.0,8.0
2,1,Sports,1,0,77.0,9.0,99.0,14.0,8.0
2,0,Sports,0,1,74.0,15.0,98.0,21.0,8.0
0,0,No CCA,0,0,80.0,6.0,90.0,22.0,8.0
2,0,Sports,0,1,36.0,1.0,97.0,22.0,8.0
1,1,Sports,1,0,59.0,8.0,95.0,27.0,8.0
1,0,Sports,1,0,39.0,12.0,67.0,28.0,5.0
0,0,Arts,1,0,92.0,9.0,93.0,23.0,8.0
1,1,No CCA,1,1,96.0,9.0,91.0,17.0,8.0
2,1,Sports,0,0,54.0,12.0,92.0,16.0,8.0
1,0,Clubs,0,0,43.0,10.0,87.0,28.0,8.0
1,0,Sports,0,0,61.0,12.0,98.0,28.0,8.0
0,0,Clubs,0,1,73.0,9.0,93.0,22.0,8.0
1,0,Sports,0,1,62.0,7.0,100.0,28.0,8.0
2,0,Sports,0,1,75.0,7.0,97.0,19.0,8.0
0,0,Sports,0,0,86.0,7.0,96.0,22.0,8.0
1,0,Arts,0,0,48.0,13.0,65.0,30.0,6.0
2,0,Sports,0,1,79.0,8.0,96.0,21.0,8.0
0,0,Sports,0,0,64.0,15.0,90.0,27.0,7.0
1,1,Arts,0,0,49.0,4.0,86.0,30.0,7.0
2,1,Arts,1,1,79.0,9.0,97.0,14.0,8.0
2,1,Arts,0,0,60.0,11.0,99.0,16.0,8.0
0,0,Clubs,0,0,62.0,19.0,99.0,21.0,8.0
1,1,Clubs,1,0,41.0,6.0,44.0,28.0,4.0
1,0,Clubs,0,1,58.0,19.0,99.0,22.0,8.0
0,0,Sports,1,1,93.0,9.0,93.0,19.0,8.0
1,0,Sports,1,1,67.0,13.0,90.0,24.0,8.0
1,0,Sports,1,1,53.0,8.0,91.0,30.0,8.0
0,0,No CCA,0,1,81.0,8.0,94.0,21.0,8.0
0,0,No CCA,1,1,96.0,7.0,97.0,19.0,8.0
1,0,Sports,0,0,51.0,17.0,96.0,31.0,8.0
1,0,Arts,0,1,61.0,19.0,91.0,22.0,8.0
0,0,Arts,1,0,69.0,18.0,94.0,21.0,8.0
0,0,Sports,0,1,67.0,8.0,96.0,21.0,8.0
1,0,Arts,1,0,53.0,13.0,97.0,30.0,8.0
1,0,Sports,0,1,55.0,5.0,93.0,31.0,8.0
1,1,Clubs,0,0,48.0,2.0,,25.0,8.0
1,0,Arts,0,0,48.0,6.0,99.0,25.0,8.0
1,0,Arts,1,0,66.0,17.0,98.0,24.0,8.0
1,1,No CCA,0,1,82.0,9.0,93.0,17.0,8.0
2,0,Arts,1,1,73.0,10.0,91.0,21.0,8.0
0,0,Sports,0,1,67.0,20.0,92.0,21.0,8.0
2,0,No CCA,0,1,68.0,9.0,90.0,19.0,7.0
0,0,Clubs,0,1,74.0,20.0,91.0,23.0,8.0
1,0,Sports,0,0,53.0,16.0,97.0,30.0,8.0
1,0,Sports,0,1,59.0,7.0,91.0,24.0,8.0
1,1,No CCA,1,1,95.0,8.0,95.0,17.0,8.0
1,0,Arts,1,0,54.0,18.0,92.0,30.0,8.0
0,0,Sports,0,1,67.0,13.0,99.0,21.0,8.0
0,1,No CCA,0,1,78.0,6.0,98.0,15.0,8.0
1,1,Sports,1,0,49.0,14.0,68.0,30.0,6.0
2,1,Sports,0,1,56.0,6.0,97.0,16.0,8.0
0,1,Arts,1,0,80.0,7.0,96.0,21.0,8.0
1,0,Clubs,1,0,47.0,5.0,96.0,30.0,8.0
1,0,Sports,1,1,55.0,6.0,95.0,22.0,8.0
2,1,Clubs,0,1,45.0,10.0,93.0,23.0,8.0
1,1,Sports,0,1,71.0,18.0,95.0,21.0,8.0
0,0,No CCA,1,1,94.0,8.0,93.0,23.0,8.0
2,0,Arts,0,0,40.0,12.0,,23.0,8.0
0,1,No CCA,0,1,91.0,7.0,96.0,21.0,8.0
0,0,Arts,0,1,67.0,7.0,90.0,22.0,8.0
1,0,Arts,1,1,51.0,6.0,98.0,29.0,8.0
0,1,No CCA,1,0,87.0,9.0,97.0,16.0,8.0
1,0,Sports,0,1,64.0,9.0,92.0,28.0,8.0
0,1,No CCA,1,1,82.0,10.0,98.0,17.0,8.0
0,1,Clubs,1,0,85.0,6.0,97.0,16.0,8.0
2,1,Sports,1,0,73.0,7.0,,20.0,8.0
2,0,Sports,0,0,62.0,14.0,96.0,20.0,8.0
2,1,Clubs,0,1,58.0,18.0,93.0,16.0,8.0
1,1,No CCA,1,0,62.0,15.0,93.0,27.0,8.0
2,0,Sports,1,1,72.0,11.0,92.0,19.0,8.0
0,0,Clubs,1,1,74.0,19.0,92.0,24.0,8.0
1,0,No CCA,0,1,68.0,17.0,98.0,28.0,8.0
0,0,No CCA,0,0,93.0,8.0,99.0,22.0,8.0
1,0,Sports,1,1,54.0,13.0,98.0,30.0,8.0
1,0,Arts,1,0,52.0,11.0,99.0,30.0,8.0
1,1,Arts,1,0,45.0,8.0,95.0,30.0,8.0
1,0,Clubs,0,0,53.0,7.0,97.0,29.0,8.0
1,1,No CCA,1,0,83.0,9.0,92.0,17.0,8.0
1,0,Sports,1,1,68.0,10.0,96.0,28.0,8.0
1,0,Arts,1,1,60.0,19.0,98.0,28.0,8.0
1,0,Sports,0,1,47.0,4.0,92.0,25.0,8.0
1,0,Arts,0,0,43.0,7.0,94.0,28.0,8.0
0,0,Sports,0,1,89.0,7.0,95.0,22.0,8.0
1,0,Clubs,0,0,48.0,15.0,91.0,30.0,8.0
1,0,Sports,0,1,62.0,8.0,91.0,28.0,8.0
0,0,Arts,0,0,62.0,13.0,99.0,27.0,8.0
2,0,Clubs,0,0,46.0,9.0,95.0,23.0,8.0
1,0,Arts,1,1,64.0,16.0,100.0,28.0,8.0
1,0,Arts,0,0,50.0,20.0,98.0,29.0,8.0
1,1,Sports,0,1,68.0,19.0,95.0,21.0,8.0
1,1,Sports,0,1,74.0,14.0,96.0,17.0,8.0
1,0,Clubs,0,1,56.0,8.0,91.0,27.0,8.0
1,0,Arts,0,1,54.0,7.0,91.0,30.0,8.0
1,0,Sports,0,0,49.0,15.0,68.0,29.0,5.0
2,0,Clubs,1,1,63.0,19.0,93.0,22.0,8.0
0,1,No CCA,1,0,86.0,9.0,,16.0,8.0
1,0,Arts,0,0,64.0,6.0,93.0,28.0,8.0
1,0,Arts,0,0,40.0,2.0,94.0,28.0,8.0
0,0,No CCA,0,1,64.0,19.0,97.0,22.0,8.0
1,0,Sports,1,0,52.0,8.0,91.0,30.0,8.0
1,0,Sports,1,1,64.0,9.0,97.0,28.0,8.0
1,0,Sports,0,0,52.0,11.0,90.0,25.0,7.0
1,0,Sports,0,0,53.0,12.0,97.0,29.0,8.0
0,0,Arts,0,0,63.0,16.0,95.0,27.0,8.0
1,1,Arts,1,0,45.0,3.0,95.0,30.0,8.0
1,0,Arts,0,1,61.0,7.0,93.0,24.0,8.0
1,1,No CCA,0,0,83.0,7.0,97.0,17.0,8.0
1,0,Clubs,1,0,57.0,7.0,95.0,30.0,8.0
0,1,Arts,0,0,74.0,16.0,94.0,19.0,8.0
2,0,Clubs,0,1,62.0,15.0,92.0,22.0,8.0
0,0,Arts,0,1,72.0,11.0,97.0,22.0,8.0
1,1,Clubs,0,1,71.0,8.0,94.0,19.0,8.0
1,1,Sports,1,0,98.0,9.0,91.0,17.0,8.0
2,0,Clubs,1,0,56.0,11.0,99.0,22.0,8.0
2,1,Sports,0,0,42.0,1.0,91.0,22.0,8.0
1,0,Clubs,1,0,57.0,18.0,92.0,30.0,8.0
0,0,Sports,0,1,64.0,9.0,94.0,21.0,8.0
1,0,No CCA,1,0,55.0,11.0,96.0,26.0,8.0
1,0,Clubs,0,1,63.0,19.0,93.0,24.0,8.0
0,1,Clubs,0,1,78.0,9.0,96.0,20.0,8.0
2,0,No CCA,1,0,62.0,18.0,92.0,22.0,8.0
0,1,Sports,0,1,80.0,10.0,92.0,19.0,8.0
2,0,Arts,1,0,71.0,17.0,92.0,17.0,8.0
2,0,Sports,0,0,55.0,7.0,100.0,20.0,8.0
2,0,Clubs,0,1,56.0,15.0,91.0,20.0,8.0
0,0,No CCA,1,1,65.0,13.0,99.0,20.0,8.0
1,1,Arts,0,1,52.0,13.0,100.0,25.0,8.0
0,1,Sports,0,1,82.0,6.0,99.0,19.0,8.0
2,1,No CCA,1,0,84.0,10.0,99.0,18.0,8.0
2,0,Clubs,1,1,82.0,6.0,96.0,17.0,8.0
0,0,Arts,0,0,59.0,17.0,93.0,21.0,8.0
2,0,No CCA,0,1,74.0,18.0,99.0,21.0,8.0
2,0,Clubs,1,1,78.0,7.0,94.0,19.0,8.0
1,0,Clubs,0,0,54.0,20.0,92.0,25.0,7.0
1,1,No CCA,1,0,91.0,8.0,92.0,21.0,7.0
1,0,Arts,1,1,80.0,8.0,94.0,25.0,7.0
2,0,Sports,0,0,55.0,9.0,95.0,20.0,8.0
0,1,No CCA,0,0,81.0,8.0,92.0,21.0,8.0
0,1,Sports,0,1,75.0,0.0,94.0,20.0,8.0
0,0,Sports,0,1,77.0,10.0,92.0,22.0,8.0
0,0,No CCA,0,1,95.0,8.0,93.0,21.0,8.0
0,1,Sports,0,1,73.0,17.0,93.0,15.0,8.0
1,0,No CCA,0,1,60.0,6.0,100.0,27.0,8.0
2,1,Arts,0,0,40.0,15.0,49.0,22.0,4.0
1,0,Clubs,0,0,53.0,14.0,91.0,31.0,8.0
0,1,Clubs,1,0,72.0,17.0,93.0,18.0,8.0
2,0,Arts,0,1,68.0,9.0,100.0,19.0,8.0
2,0,Arts,1,1,73.0,14.0,98.0,19.0,8.0
2,0,No CCA,1,1,79.0,8.0,,17.0,8.0
1,0,Sports,1,0,55.0,9.0,96.0,26.0,8.0
2,1,Clubs,1,0,81.0,7.0,99.0,18.0,8.0
2,0,Sports,0,1,72.0,20.0,,19.0,8.0
0,0,No CCA,0,1,68.0,6.0,92.0,21.0,8.0
0,1,Clubs,1,1,70.0,19.0,94.0,16.0,8.0
1,1,Sports,1,1,62.0,5.0,92.0,27.0,8.0
0,0,No CCA,1,1,90.0,7.0,90.0,23.0,8.0
2,0,Clubs,1,1,82.0,6.0,90.0,17.0,8.0
1,1,Sports,0,0,79.0,6.0,100.0,21.0,8.0
0,0,No CCA,1,1,95.0,5.0,92.0,18.0,8.0
0,0,Clubs,0,1,79.0,7.0,94.0,21.0,8.0
2,0,Clubs,1,1,57.0,14.0,90.0,22.0,8.0
0,0,Arts,0,1,91.0,9.0,99.0,25.0,8.0
1,0,No CCA,0,1,61.0,8.0,98.0,22.0,8.0
1,0,Arts,1,0,49.0,8.0,59.0,30.0,4.0
0,0,No CCA,1,1,82.0,7.0,92.0,24.0,8.0
1,0,Clubs,0,0,62.0,13.0,97.0,27.0,8.0
1,0,Sports,1,1,66.0,13.0,95.0,24.0,8.0
1,0,Sports,0,1,65.0,15.0,90.0,28.0,8.0
0,0,No CCA,0,1,83.0,8.0,97.0,23.0,8.0
0,0,No CCA,0,1,94.0,10.0,97.0,25.0,8.0
0,0,Arts,0,1,68.0,18.0,90.0,21.0,8.0
1,0,Clubs,0,1,53.0,6.0,97.0,30.0,8.0
2,1,Arts,0,0,49.0,0.0,99.0,23.0,8.0
0,1,Sports,1,0,68.0,13.0,94.0,16.0,8.0
2,0,Arts,0,1,57.0,16.0,96.0,20.0,8.0
0,0,No CCA,1,0,79.0,7.0,98.0,28.0,8.0
1,1,No CCA,0,0,86.0,6.0,95.0,17.0,8.0
1,1,Sports,0,1,54.0,11.0,98.0,25.0,8.0
2,0,No CCA,1,0,79.0,7.0,96.0,19.0,8.0
2,0,No CCA,1,0,62.0,17.0,93.0,22.0,8.0
1,0,Arts,1,0,50.0,6.0,99.0,30.0,8.0
2,0,Arts,1,1,78.0,9.0,93.0,17.0,8.0
2,1,Clubs,0,1,65.0,6.0,99.0,16.0,8.0
0,0,Clubs,0,0,59.0,14.0,91.0,22.0,8.0
1,0,Arts,0,0,57.0,15.0,97.0,31.0,8.0
1,1,Arts,0,1,84.0,10.0,93.0,17.0,8.0
1,1,No CCA,1,1,89.0,7.0,98.0,21.0,8.0
1,1,Clubs,0,1,73.0,13.0,91.0,20.0,8.0
1,1,Sports,0,0,77.0,5.0,99.0,20.0,8.0
1,0,Sports,1,0,60.0,7.0,96.0,26.0,8.0
0,0,Sports,1,1,79.0,10.0,92.0,27.0,8.0
2,0,Sports,0,1,72.0,20.0,94.0,21.0,8.0
2,0,Arts,1,0,44.0,10.0,95.0,24.0,8.0
0,1,Sports,0,1,80.0,6.0,92.0,21.0,8.0
2,0,Arts,1,0,71.0,15.0,99.0,23.0,8.0
0,0,No CCA,1,1,67.0,14.0,96.0,20.0,8.0
1,1,No CCA,0,1,79.0,6.0,95.0,17.0,8.0
0,0,Sports,1,0,74.0,17.0,95.0,28.0,8.0
2,1,Sports,1,0,60.0,10.0,93.0,16.0,8.0
2,0,No CCA,0,0,54.0,15.0,98.0,20.0,8.0
2,1,Clubs,0,0,40.0,11.0,84.0,23.0,8.0
2,1,Arts,0,0,60.0,14.0,93.0,16.0,8.0
0,1,Clubs,0,1,79.0,8.0,96.0,15.0,8.0
0,0,No CCA,0,0,93.0,5.0,97.0,21.0,8.0
2,0,Clubs,0,1,57.0,14.0,95.0,19.0,8.0
1,0,Sports,0,1,65.0,18.0,90.0,28.0,8.0
0,0,Clubs,1,1,49.0,9.0,100.0,21.0,8.0
1,0,Arts,0,0,52.0,10.0,96.0,31.0,8.0
0,0,Arts,1,0,79.0,10.0,,27.0,8.0
0,0,Clubs,1,1,65.0,15.0,92.0,20.0,7.0
1,1,No CCA,0,1,71.0,6.0,100.0,19.0,8.0
2,1,Sports,1,1,78.0,8.0,98.0,14.0,8.0
1,0,Sports,1,0,79.0,8.0,,25.0,8.0
2,0,Sports,0,0,44.0,15.0,100.0,23.0,8.0
1,1,No CCA,0,1,87.0,8.0,92.0,17.0,8.0
1,0,No CCA,0,1,60.0,12.0,92.0,28.0,8.0
1,0,Arts,0,1,69.0,19.0,94.0,28.0,8.0
1,0,Clubs,1,0,53.0,11.0,93.0,30.0,7.0
0,0,Clubs,0,0,61.0,6.0,95.0,27.0,8.0
0,0,Sports,0,1,69.0,15.0,96.0,21.0,8.0
2,1,Arts,0,0,45.0,5.0,91.0,24.0,8.0
2,0,Arts,1,1,56.0,17.0,99.0,22.0,8.0
1,0,No CCA,0,1,69.0,16.0,93.0,28.0,8.0
0,1,Arts,1,1,79.0,6.0,96.0,18.0,8.0
1,0,Arts,0,0,44.0,0.0,97.0,28.0,8.0
2,1,Clubs,1,0,79.0,6.0,99.0,18.0,8.0
0,0,Sports,0,1,94.0,9.0,91.0,21.0,8.0
1,1,Arts,0,1,85.0,10.0,92.0,22.0,8.0
1,0,Arts,0,1,59.0,19.0,93.0,31.0,8.0
0,1,Clubs,1,0,82.0,9.0,95.0,21.0,8.0
0,0,Arts,0,1,78.0,9.0,98.0,22.0,8.0
1,0,Clubs,0,0,50.0,6.0,97.0,30.0,8.0
1,1,No CCA,1,1,84.0,5.0,,22.0,8.0
2,0,No CCA,1,1,80.0,8.0,,17.0,8.0
2,0,Sports,1,1,75.0,16.0,93.0,19.0,8.0
0,0,Clubs,0,0,89.0,9.0,98.0,22.0,8.0
0,0,Arts,0,0,57.0,7.0,94.0,21.0,8.0
2,0,No CCA,1,1,79.0,5.0,93.0,17.0,8.0
1,0,No CCA,1,0,67.0,10.0,99.0,24.0,8.0
0,0,Arts,0,0,59.0,7.0,100.0,22.0,8.0
2,0,Sports,1,0,77.0,9.0,95.0,22.0,8.0
1,0,Sports,1,0,45.0,13.0,88.0,30.0,7.0
1,0,Sports,0,1,52.0,8.0,90.0,25.0,8.0
1,1,Arts,0,1,72.0,17.0,97.0,21.0,8.0
1,0,Arts,0,1,64.0,10.0,97.0,28.0,8.0
1,1,Clubs,1,1,46.0,8.0,72.0,30.0,6.0
1,1,Sports,0,1,68.0,6.0,95.0,21.0,8.0
0,1,Arts,0,1,91.0,8.0,96.0,21.0,8.0
1,0,Sports,0,1,65.0,9.0,,28.0,8.0
1,1,Clubs,0,1,70.0,18.0,100.0,19.0,8.0
1,1,Arts,0,1,52.0,20.0,98.0,25.0,8.0
0,1,Clubs,1,0,82.0,8.0,100.0,17.0,8.0
1,0,Clubs,0,1,58.0,20.0,98.0,24.0,8.0
1,1,Sports,0,1,74.0,13.0,92.0,20.0,8.0
0,1,No CCA,1,1,67.0,5.0,93.0,16.0,8.0
1,0,Arts,1,1,59.0,13.0,90.0,28.0,8.0
1,0,No CCA,0,0,47.0,8.0,65.0,25.0,6.0
1,0,Clubs,0,0,61.0,12.0,93.0,27.0,8.0
0,0,Arts,0,0,64.0,14.0,98.0,21.0,8.0
0,0,No CCA,1,1,90.0,6.0,91.0,23.0,8.0
1,0,Arts,0,0,62.0,11.0,98.0,28.0,8.0
0,0,Arts,0,0,70.0,8.0,94.0,27.0,8.0
0,0,No CCA,0,1,70.0,12.0,96.0,21.0,8.0
1,1,Arts,1,1,49.0,3.0,69.0,29.0,6.0
0,1,No CCA,1,0,74.0,5.0,93.0,18.0,8.0
0,0,No CCA,1,1,83.0,8.0,95.0,27.0,8.0
2,0,Sports,0,0,52.0,13.0,95.0,19.0,8.0
0,1,Sports,1,1,79.0,8.0,98.0,18.0,8.0
1,1,Clubs,0,1,79.0,9.0,95.0,17.0,8.0
2,0,Sports,0,1,73.0,6.0,93.0,19.0,7.0
1,0,Clubs,0,0,39.0,10.0,92.0,28.0,8.0
1,0,No CCA,0,1,67.0,7.0,95.0,28.0,8.0
0,0,No CCA,0,1,94.0,9.0,99.0,25.0,8.0
0,1,Arts,1,0,74.0,19.0,100.0,18.0,8.0
1,0,Arts,1,1,63.0,14.0,99.0,28.0,8.0
1,1,Sports,0,0,81.0,5.0,91.0,17.0,8.0
2,0,Sports,1,1,55.0,20.0,95.0,22.0,8.0
0,0,Clubs,1,0,79.0,6.0,91.0,27.0,8.0
2,0,Sports,1,0,42.0,4.0,97.0,22.0,8.0
0,0,No CCA,0,1,81.0,9.0,95.0,23.0,8.0
1,0,No CCA,1,1,60.0,11.0,98.0,28.0,8.0
0,0,Sports,1,0,74.0,18.0,,28.0,8.0
0,0,Arts,0,1,53.0,19.0,90.0,21.0,8.0
1,0,No CCA,1,1,76.0,7.0,97.0,25.0,8.0
1,1,Clubs,1,1,51.0,17.0,92.0,27.0,8.0
1,1,Clubs,1,1,55.0,12.0,91.0,27.0,8.0
2,1,Clubs,1,0,71.0,7.0,92.0,15.0,7.0
0,0,Arts,0,0,66.0,17.0,99.0,20.0,8.0
0,0,Sports,1,1,81.0,7.0,100.0,24.0,8.0
0,1,No CCA,1,1,85.0,6.0,94.0,17.0,8.0
0,1,Clubs,1,0,91.0,8.0,98.0,20.0,8.0
1,1,Sports,0,0,45.0,13.0,49.0,28.0,5.0
2,0,Sports,0,0,66.0,17.0,98.0,23.0,8.0
0,1,Arts,1,0,85.0,7.0,92.0,21.0,8.0
0,0,No CCA,1,0,81.0,7.0,,27.0,8.0
0,0,No CCA,1,1,75.0,10.0,98.0,28.0,8.0
1,1,Clubs,0,1,72.0,18.0,91.0,19.0,8.0
0,0,Sports,0,1,67.0,8.0,99.0,22.0,8.0
2,0,No CCA,1,0,69.0,6.0,,22.0,8.0
1,1,Arts,1,1,78.0,7.0,92.0,17.0,8.0
1,1,Clubs,1,0,76.0,15.0,92.0,17.0,8.0
1,1,Sports,1,1,90.0,9.0,90.0,21.0,7.0
0,1,No CCA,1,1,77.0,8.0,99.0,15.0,8.0
1,0,Arts,1,0,50.0,16.0,98.0,30.0,8.0
1,1,Sports,0,1,82.0,5.0,,22.0,8.0
1,0,Arts,0,1,57.0,8.0,92.0,27.0,8.0
0,0,Arts,0,0,56.0,12.0,94.0,22.0,8.0
1,0,Arts,0,1,58.0,10.0,99.0,28.0,8.0
1,0,No CCA,0,1,60.0,14.0,94.0,28.0,8.0
0,1,No CCA,0,0,78.0,5.0,90.0,20.0,8.0
0,0,No CCA,1,0,83.0,9.0,91.0,24.0,8.0
0,0,Clubs,0,0,60.0,10.0,98.0,27.0,8.0
0,0,Sports,1,1,74.0,6.0,92.0,24.0,7.0
0,0,No CCA,1,1,91.0,7.0,95.0,18.0,8.0
0,0,Clubs,0,1,66.0,13.0,90.0,27.0,7.0
0,0,No CCA,0,1,93.0,5.0,92.0,21.0,8.0
2,1,Sports,0,0,44.0,11.0,59.0,24.0,6.0
1,1,Sports,1,0,95.0,6.0,99.0,21.0,8.0
1,0,Clubs,0,0,61.0,18.0,100.0,27.0,8.0
0,0,Sports,0,1,68.0,17.0,94.0,21.0,8.0
2,1,Sports,1,1,76.0,10.0,99.0,14.0,8.0
1,1,Sports,1,0,65.0,7.0,93.0,21.0,8.0
1,0,Clubs,1,0,55.0,9.0,96.0,30.0,8.0
1,1,Arts,0,1,73.0,7.0,91.0,20.0,8.0
0,1,Arts,0,0,78.0,6.0,90.0,21.0,8.0
1,1,Clubs,0,1,79.0,10.0,91.0,17.0,8.0
1,0,Clubs,1,1,44.0,2.0,,30.0,6.0
0,0,Clubs,0,1,69.0,13.0,96.0,27.0,8.0
0,0,Clubs,0,1,94.0,8.0,93.0,25.0,8.0
2,0,No CCA,0,0,62.0,9.0,93.0,20.0,8.0
2,1,Sports,0,0,56.0,13.0,99.0,16.0,8.0
2,0,Arts,0,1,66.0,12.0,100.0,19.0,8.0
0,1,Arts,1,1,75.0,13.0,95.0,16.0,8.0
1,0,Arts,1,1,55.0,17.0,96.0,30.0,8.0
1,1,Arts,1,0,62.0,19.0,91.0,27.0,8.0
2,0,Sports,1,1,70.0,15.0,92.0,22.0,8.0
0,0,Sports,0,1,71.0,12.0,98.0,22.0,8.0
1,0,Clubs,0,1,46.0,9.0,92.0,25.0,8.0
2,0,Clubs,0,0,53.0,19.0,94.0,19.0,8.0
1,0,Sports,0,1,53.0,16.0,96.0,27.0,8.0
1,0,Clubs,1,0,50.0,8.0,68.0,30.0,7.0
0,1,No CCA,1,1,82.0,8.0,100.0,17.0,8.0
1,0,Arts,0,1,59.0,7.0,93.0,24.0,8.0
1,0,Clubs,0,1,59.0,10.0,93.0,31.0,8.0
2,0,Sports,1,0,72.0,13.0,98.0,23.0,8.0
2,0,Arts,0,1,54.0,14.0,99.0,22.0,8.0
1,0,Clubs,1,1,66.0,14.0,95.0,22.0,8.0
0,0,No CCA,1,1,86.0,6.0,94.0,23.0,8.0
0,0,Sports,1,0,67.0,17.0,97.0,27.0,8.0
2,0,No CCA,0,0,62.0,19.0,94.0,20.0,8.0
0,0,Sports,0,1,69.0,19.0,99.0,22.0,8.0
1,1,Clubs,1,1,100.0,10.0,98.0,17.0,8.0
1,1,Sports,0,0,46.0,7.0,93.0,30.0,8.0
0,1,No CCA,1,1,84.0,10.0,97.0,20.0,8.0
1,1,Arts,0,1,79.0,9.0,94.0,17.0,8.0
0,1,Sports,0,0,78.0,9.0,98.0,20.0,8.0
2,1,Clubs,1,0,72.0,7.0,96.0,20.0,8.0
2,0,Sports,0,1,74.0,12.0,,23.0,8.0
1,1,No CCA,0,1,81.0,5.0,99.0,17.0,8.0
1,1,Arts,1,0,48.0,2.0,86.0,29.0,8.0
1,0,Sports,0,0,55.0,16.0,94.0,30.0,8.0
1,0,Sports,0,0,50.0,7.0,78.0,30.0,8.0
1,0,Clubs,1,0,67.0,19.0,,24.0,8.0
0,0,No CCA,1,1,88.0,7.0,98.0,18.0,8.0
1,0,Sports,0,0,40.0,6.0,96.0,24.0,8.0
2,0,Sports,1,0,65.0,9.0,94.0,22.0,8.0
1,0,Sports,0,1,45.0,9.0,57.0,24.0,5.0
1,0,Clubs,1,0,49.0,5.0,58.0,30.0,6.0
1,0,Sports,0,1,63.0,16.0,95.0,28.0,8.0
1,0,Arts,0,1,52.0,19.0,98.0,25.0,8.0
1,0,Clubs,0,0,51.0,19.0,97.0,24.0,8.0
2,0,Sports,0,1,64.0,14.0,93.0,20.0,8.0
2,0,Arts,0,1,72.0,13.0,90.0,19.0,8.0
2,0,Clubs,1,1,72.0,6.0,97.0,17.0,8.0
1,0,Arts,0,0,47.0,4.0,,25.0,7.0
1,0,Clubs,1,0,51.0,18.0,90.0,31.0,8.0
1,1,Clubs,0,1,76.0,11.0,98.0,17.0,8.0
0,0,No CCA,1,1,86.0,10.0,93.0,24.0,8.0
0,0,Sports,0,0,59.0,6.0,97.0,21.0,8.0
1,0,Clubs,1,0,56.0,18.0,95.0,28.0,8.0
0,1,Arts,1,1,85.0,10.0,,16.0,8.0
2,0,Sports,0,1,44.0,12.0,92.0,24.0,8.0
0,0,Sports,1,1,62.0,14.0,93.0,20.0,8.0
1,0,No CCA,0,1,64.0,18.0,95.0,27.0,8.0
0,0,Clubs,0,0,60.0,16.0,91.0,27.0,8.0
2,1,Arts,0,1,58.0,10.0,93.0,16.0,8.0
1,0,Arts,0,0,44.0,4.0,92.0,29.0,8.0
2,0,Sports,1,1,58.0,14.0,93.0,22.0,8.0
0,0,No CCA,0,0,63.0,17.0,100.0,27.0,8.0
0,1,Sports,1,1,78.0,6.0,91.0,18.0,8.0
0,0,No CCA,0,1,81.0,10.0,90.0,22.0,7.0
1,0,No CCA,0,1,65.0,10.0,97.0,28.0,8.0
0,0,Clubs,1,1,63.0,17.0,99.0,20.0,8.0
2,0,Arts,0,0,44.0,1.0,84.0,24.0,8.0
0,0,Sports,0,1,71.0,14.0,91.0,21.0,8.0
1,1,Clubs,0,1,80.0,6.0,92.0,17.0,8.0
1,1,Sports,1,1,67.0,13.0,100.0,27.0,8.0
1,0,Arts,1,1,74.0,13.0,99.0,25.0,8.0
1,0,No CCA,0,1,53.0,17.0,92.0,30.0,8.0
0,1,No CCA,1,0,76.0,9.0,98.0,18.0,8.0
0,0,No CCA,0,1,79.0,7.0,92.0,21.0,7.0
1,1,Sports,0,1,46.0,9.0,54.0,30.0,5.0
1,1,Arts,0,1,52.0,15.0,91.0,25.0,8.0
2,1,Clubs,1,0,68.0,11.0,95.0,15.0,8.0
1,0,Arts,0,0,48.0,12.0,96.0,25.0,8.0
0,1,No CCA,0,0,75.0,5.0,90.0,19.0,8.0
1,1,Sports,1,0,65.0,11.0,97.0,21.0,8.0
1,0,No CCA,1,1,57.0,9.0,91.0,28.0,8.0
1,0,Sports,0,1,62.0,16.0,92.0,31.0,8.0
1,0,Clubs,0,1,74.0,12.0,99.0,22.0,8.0
0,0,Clubs,0,1,71.0,17.0,92.0,21.0,8.0
0,1,Arts,1,0,81.0,7.0,91.0,17.0,7.0
1,0,Sports,1,0,52.0,9.0,96.0,30.0,8.0
2,0,Arts,0,0,45.0,8.0,60.0,23.0,6.0
2,0,Arts,0,1,66.0,6.0,98.0,23.0,8.0
2,1,Arts,1,0,73.0,5.0,95.0,14.0,8.0
1,0,No CCA,0,1,53.0,19.0,93.0,30.0,8.0
2,0,Clubs,0,1,62.0,16.0,94.0,20.0,8.0
0,0,No CCA,1,1,92.0,7.0,93.0,23.0,8.0
0,1,Arts,1,0,74.0,20.0,100.0,15.0,8.0
0,0,Arts,0,1,74.0,19.0,98.0,22.0,8.0
0,0,Sports,0,1,92.0,8.0,99.0,25.0,8.0
2,1,Clubs,1,0,88.0,7.0,92.0,18.0,8.0
1,0,No CCA,0,1,67.0,16.0,93.0,28.0,8.0
1,0,No CCA,0,1,68.0,8.0,95.0,28.0,8.0
0,0,Clubs,0,1,65.0,18.0,96.0,27.0,8.0
1,0,Arts,1,0,78.0,5.0,94.0,25.0,8.0
1,0,No CCA,0,0,62.0,8.0,96.0,31.0,8.0
0,0,Arts,1,1,78.0,8.0,100.0,24.0,8.0
2,1,No CCA,1,1,86.0,5.0,94.0,18.0,8.0
0,0,Sports,1,0,57.0,8.0,91.0,22.0,8.0
0,0,Arts,0,1,91.0,5.0,94.0,21.0,8.0
0,0,Clubs,0,1,69.0,18.0,96.0,21.0,8.0
2,0,Sports,1,1,61.0,6.0,95.0,22.0,8.0
0,0,Arts,0,1,68.0,8.0,99.0,22.0,8.0
2,0,No CCA,1,0,70.0,7.0,94.0,22.0,8.0
2,0,Arts,0,1,68.0,19.0,100.0,23.0,8.0
1,1,No CCA,0,1,78.0,9.0,,21.0,8.0
0,0,No CCA,0,1,88.0,9.0,99.0,22.0,8.0
0,0,Arts,1,0,85.0,6.0,,24.0,8.0
0,0,Clubs,0,0,59.0,12.0,92.0,22.0,8.0
1,0,Arts,0,0,64.0,18.0,96.0,22.0,8.0
1,1,No CCA,0,1,85.0,9.0,92.0,22.0,7.0
2,0,No CCA,0,1,66.0,15.0,95.0,19.0,8.0
1,0,Clubs,1,1,69.0,7.0,98.0,22.0,8.0
1,0,No CCA,0,1,68.0,12.0,94.0,28.0,8.0
2,0,Arts,0,1,56.0,19.0,100.0,22.0,8.0
0,1,Clubs,0,1,72.0,9.0,98.0,16.0,8.0
1,0,Arts,0,0,50.0,19.0,76.0,30.0,7.0
1,0,Sports,0,1,50.0,17.0,97.0,30.0,8.0
1,0,Clubs,0,0,64.0,10.0,96.0,22.0,8.0
1,0,Clubs,1,1,61.0,18.0,95.0,28.0,8.0
2,0,Arts,0,0,45.0,13.0,45.0,23.0,4.0
0,0,No CCA,0,1,58.0,10.0,97.0,22.0,8.0
2,0,No CCA,0,0,38.0,7.0,67.0,23.0,7.0
0,0,No CCA,0,1,69.0,8.0,96.0,21.0,8.0
1,0,No CCA,0,1,59.0,14.0,98.0,24.0,8.0
2,0,Arts,1,0,71.0,13.0,93.0,23.0,7.0
1,1,Arts,0,1,88.0,7.0,94.0,17.0,8.0
1,0,Sports,0,0,47.0,5.0,96.0,29.0,8.0
2,0,Arts,0,1,55.0,17.0,98.0,20.0,8.0
1,0,Sports,0,0,50.0,4.0,77.0,30.0,6.0
0,0,No CCA,0,0,66.0,14.0,93.0,27.0,8.0
0,0,Clubs,0,0,70.0,15.0,97.0,20.0,8.0
2,0,No CCA,0,1,73.0,8.0,94.0,21.0,8.0
2,0,Sports,0,0,59.0,15.0,92.0,22.0,8.0
2,0,Arts,0,1,70.0,12.0,98.0,19.0,8.0
1,1,Sports,0,1,80.0,9.0,100.0,22.0,8.0
1,0,Arts,1,1,77.0,5.0,100.0,25.0,8.0
1,1,Clubs,0,1,54.0,13.0,95.0,25.0,8.0
0,0,No CCA,0,1,94.0,9.0,93.0,21.0,8.0
1,0,Clubs,1,1,47.0,6.0,97.0,30.0,8.0
0,0,Sports,0,1,62.0,6.0,91.0,27.0,7.0
1,1,Clubs,0,0,80.0,7.0,94.0,17.0,8.0
0,0,Sports,0,1,90.0,7.0,92.0,22.0,8.0
0,0,No CCA,1,1,90.0,7.0,90.0,18.0,7.0
1,0,Clubs,1,0,51.0,4.0,97.0,26.0,8.0
1,0,Sports,1,0,45.0,6.0,100.0,30.0,8.0
0,1,No CCA,1,1,79.0,8.0,98.0,18.0,8.0
1,0,Arts,1,1,61.0,6.0,98.0,28.0,8.0
1,0,Arts,1,1,48.0,13.0,64.0,30.0,6.0
1,1,Clubs,1,1,86.0,5.0,94.0,17.0,8.0
0,0,Arts,0,0,79.0,6.0,94.0,21.0,8.0
2,0,No CCA,0,0,51.0,14.0,98.0,19.0,8.0
0,0,Sports,0,1,66.0,6.0,96.0,27.0,8.0
1,0,No CCA,0,0,43.0,6.0,96.0,28.0,8.0
0,0,Clubs,0,1,66.0,7.0,96.0,20.0,8.0
1,0,No CCA,0,0,39.0,6.0,,28.0,8.0
1,1,Arts,1,0,46.0,8.0,97.0,30.0,8.0
1,1,Clubs,0,0,47.0,2.0,62.0,25.0,6.0
1,0,Clubs,1,0,51.0,17.0,91.0,30.0,8.0
2,0,Clubs,0,1,58.0,11.0,93.0,20.0,8.0
0,0,Arts,0,0,60.0,11.0,93.0,21.0,8.0
1,0,No CCA,1,1,81.0,6.0,91.0,25.0,8.0
0,0,Sports,1,1,77.0,9.0,,28.0,8.0
2,0,No CCA,0,1,72.0,16.0,92.0,19.0,8.0
1,1,Sports,0,0,80.0,7.0,96.0,21.0,8.0
2,0,No CCA,1,0,72.0,9.0,98.0,23.0,8.0
1,0,Arts,1,1,63.0,19.0,96.0,28.0,8.0
0,0,No CCA,1,0,59.0,18.0,92.0,27.0,8.0
0,0,Arts,1,0,87.0,6.0,90.0,23.0,8.0
0,1,Clubs,1,0,73.0,9.0,91.0,18.0,7.0
1,0,Sports,1,1,61.0,17.0,95.0,28.0,8.0
1,1,Arts,0,1,69.0,13.0,99.0,21.0,8.0
1,0,Clubs,0,0,63.0,17.0,94.0,27.0,8.0
0,0,No CCA,0,1,92.0,6.0,97.0,25.0,8.0
2,0,Sports,0,1,71.0,8.0,95.0,19.0,8.0
2,0,Clubs,0,0,53.0,17.0,95.0,19.0,8.0
2,0,Sports,0,1,72.0,14.0,97.0,19.0,8.0
1,0,Arts,0,1,52.0,13.0,,30.0,8.0
0,0,Clubs,0,0,70.0,9.0,91.0,20.0,7.0
1,0,Arts,1,1,48.0,13.0,76.0,30.0,7.0
1,1,No CCA,0,1,88.0,6.0,96.0,17.0,8.0
1,0,Sports,0,1,74.0,18.0,98.0,28.0,8.0
0,0,Arts,0,1,93.0,9.0,96.0,21.0,8.0
0,1,Clubs,1,0,73.0,16.0,90.0,16.0,7.0
0,0,Clubs,1,1,72.0,15.0,98.0,21.0,8.0
2,0,No CCA,0,1,75.0,6.0,91.0,19.0,8.0
0,0,Clubs,1,1,88.0,8.0,94.0,19.0,8.0
0,0,Sports,0,1,78.0,8.0,94.0,21.0,8.0
1,0,Sports,0,1,45.0,13.0,,24.0,8.0
1,1,Sports,0,0,44.0,9.0,44.0,28.0,4.0
0,0,No CCA,1,0,92.0,7.0,100.0,22.0,8.0
2,0,Sports,0,0,61.0,6.0,94.0,20.0,8.0
1,0,Sports,0,1,61.0,10.0,93.0,22.0,8.0
0,0,Arts,1,1,62.0,9.0,99.0,20.0,8.0
0,0,Clubs,1,0,76.0,11.0,93.0,27.0,8.0
2,0,Sports,0,1,61.0,10.0,91.0,20.0,8.0
0,0,Clubs,1,1,88.0,7.0,99.0,19.0,8.0
1,1,Clubs,0,1,71.0,16.0,98.0,20.0,8.0
0,0,Arts,0,1,77.0,5.0,96.0,21.0,8.0
2,0,Sports,0,1,43.0,6.0,97.0,24.0,8.0
0,0,No CCA,1,1,92.0,9.0,98.0,23.0,8.0
2,0,Sports,0,1,55.0,7.0,98.0,18.0,8.0
1,0,No CCA,1,1,81.0,6.0,90.0,25.0,8.0
0,0,Arts,0,1,89.0,5.0,99.0,22.0,8.0
0,0,Clubs,0,1,66.0,17.0,95.0,20.0,8.0
2,0,No CCA,0,0,66.0,16.0,96.0,23.0,8.0
0,0,Clubs,1,1,70.0,18.0,100.0,21.0,8.0
2,0,Arts,0,0,47.0,10.0,53.0,23.0,5.0
1,1,Clubs,0,1,86.0,8.0,96.0,22.0,8.0
2,0,Sports,1,1,80.0,7.0,94.0,17.0,8.0
2,1,Arts,1,1,80.0,6.0,97.0,14.0,8.0
1,0,Sports,1,0,51.0,8.0,96.0,31.0,8.0
0,0,Sports,0,1,93.0,9.0,96.0,25.0,8.0
1,1,Sports,0,0,79.0,6.0,98.0,17.0,8.0
2,0,Arts,0,1,59.0,15.0,98.0,20.0,8.0
0,1,Clubs,1,0,75.0,7.0,94.0,18.0,8.0
0,0,No CCA,1,0,85.0,8.0,99.0,23.0,8.0
0,1,Arts,0,1,78.0,7.0,92.0,15.0,8.0
1,1,Clubs,0,1,86.0,7.0,91.0,22.0,8.0
1,1,Sports,0,1,72.0,16.0,94.0,17.0,8.0
2,0,Arts,0,1,53.0,8.0,97.0,18.0,8.0
0,0,No CCA,1,1,85.0,9.0,100.0,18.0,8.0
2,0,Clubs,1,0,74.0,15.0,96.0,23.0,8.0
0,1,Sports,1,0,86.0,8.0,93.0,20.0,8.0
1,0,No CCA,0,1,66.0,16.0,92.0,28.0,7.0
1,0,Sports,1,1,59.0,11.0,92.0,28.0,8.0
2,0,No CCA,1,0,78.0,8.0,90.0,17.0,8.0
2,0,Sports,0,0,73.0,16.0,97.0,19.0,8.0
0,0,Arts,0,0,64.0,16.0,91.0,27.0,7.0
2,1,Arts,1,1,74.0,15.0,94.0,14.0,8.0
1,0,Arts,1,1,70.0,13.0,92.0,22.0,8.0
1,0,Sports,1,0,53.0,9.0,90.0,30.0,8.0
1,1,Arts,0,1,70.0,12.0,96.0,21.0,8.0
1,1,No CCA,0,1,70.0,6.0,91.0,21.0,8.0
2,0,No CCA,0,1,60.0,19.0,99.0,20.0,8.0
0,1,No CCA,1,0,77.0,10.0,96.0,15.0,8.0
2,0,Arts,0,1,65.0,13.0,96.0,23.0,8.0
0,0,Clubs,1,0,67.0,17.0,95.0,28.0,8.0
2,1,No CCA,1,1,72.0,12.0,98.0,14.0,8.0
2,0,Sports,0,0,55.0,6.0,97.0,20.0,8.0
1,0,Sports,0,1,62.0,16.0,92.0,22.0,8.0
2,0,Arts,0,1,48.0,4.0,81.0,19.0,7.0
1,1,Arts,0,1,66.0,13.0,97.0,21.0,8.0
0,0,No CCA,0,0,94.0,8.0,90.0,25.0,8.0
1,1,Arts,1,1,67.0,14.0,94.0,27.0,8.0
0,1,Arts,1,0,78.0,10.0,94.0,20.0,8.0
1,0,Arts,0,0,49.0,13.0,92.0,25.0,8.0
1,0,Clubs,0,1,67.0,12.0,97.0,28.0,8.0
1,0,Sports,0,1,62.0,5.0,97.0,27.0,8.0
1,0,Sports,1,1,61.0,14.0,95.0,28.0,8.0
1,0,Clubs,0,0,53.0,14.0,98.0,30.0,8.0
1,0,No CCA,0,0,67.0,12.0,96.0,28.0,8.0
0,0,No CCA,0,1,60.0,8.0,98.0,27.0,8.0
0,0,No CCA,0,0,64.0,6.0,100.0,27.0,8.0
2,0,Arts,0,1,76.0,5.0,96.0,21.0,8.0
1,1,No CCA,0,1,87.0,9.0,99.0,17.0,8.0
2,0,Clubs,0,1,56.0,15.0,95.0,18.0,8.0
2,0,Sports,1,0,75.0,11.0,100.0,22.0,8.0
0,1,Clubs,0,1,72.0,7.0,92.0,16.0,8.0
1,1,Arts,1,1,52.0,18.0,96.0,25.0,8.0
0,0,Arts,0,0,70.0,11.0,96.0,27.0,8.0
0,0,Arts,1,1,73.0,14.0,92.0,28.0,8.0
1,1,No CCA,0,1,78.0,8.0,,21.0,8.0
0,0,Sports,0,0,66.0,19.0,92.0,27.0,8.0
0,0,No CCA,0,1,70.0,19.0,95.0,27.0,8.0
2,0,Arts,1,1,77.0,6.0,,21.0,8.0
1,0,Arts,0,1,63.0,11.0,98.0,28.0,8.0
0,0,No CCA,1,1,62.0,8.0,94.0,21.0,8.0
1,0,Arts,0,0,51.0,7.0,97.0,29.0,8.0
1,0,Arts,0,0,54.0,15.0,99.0,24.0,8.0
1,0,No CCA,1,1,63.0,14.0,94.0,28.0,8.0
0,0,Clubs,0,0,79.0,9.0,90.0,23.0,8.0
2,0,Sports,0,1,55.0,11.0,96.0,22.0,8.0
2,0,Arts,0,0,39.0,11.0,92.0,22.0,8.0
2,0,Arts,0,1,75.0,15.0,97.0,19.0,8.0
0,1,Arts,0,1,78.0,9.0,99.0,15.0,8.0
0,0,No CCA,1,0,79.0,6.0,91.0,27.0,8.0
0,0,Arts,0,1,72.0,8.0,97.0,21.0,8.0
1,0,Clubs,1,0,50.0,9.0,91.0,25.0,7.0
0,0,No CCA,0,0,71.0,9.0,95.0,22.0,8.0
2,0,No CCA,1,0,68.0,8.0,90.0,22.0,8.0
1,0,Clubs,0,1,59.0,18.0,100.0,31.0,8.0
1,0,Clubs,1,1,67.0,9.0,91.0,28.0,8.0
1,0,Sports,0,1,54.0,13.0,99.0,31.0,8.0
0,0,No CCA,1,1,84.0,10.0,98.0,27.0,8.0
2,0,Arts,0,0,43.0,5.0,95.0,24.0,8.0
1,0,Sports,1,1,57.0,11.0,100.0,27.0,8.0
1,1,No CCA,1,0,99.0,6.0,96.0,17.0,8.0
2,0,Clubs,1,0,43.0,0.0,91.0,24.0,8.0
0,0,No CCA,1,0,94.0,7.0,91.0,23.0,8.0
1,0,Clubs,0,1,55.0,15.0,98.0,22.0,8.0
2,0,Sports,0,0,42.0,1.0,92.0,24.0,8.0
2,0,Clubs,0,1,66.0,14.0,98.0,23.0,8.0
0,1,Sports,0,1,73.0,15.0,97.0,15.0,8.0
1,0,Arts,1,1,49.0,3.0,52.0,25.0,5.0
2,0,Arts,1,0,72.0,8.0,96.0,23.0,8.0
0,0,Arts,0,1,59.0,10.0,97.0,21.0,8.0
1,0,Arts,0,1,62.0,16.0,95.0,27.0,8.0
1,0,Sports,1,0,56.0,7.0,91.0,26.0,8.0
2,0,Sports,1,0,71.0,13.0,91.0,22.0,8.0
2,0,Arts,1,1,55.0,7.0,92.0,22.0,8.0
1,1,No CCA,1,1,84.0,9.0,97.0,17.0,8.0
1,1,No CCA,1,0,81.0,6.0,90.0,17.0,8.0
0,1,Arts,1,1,82.0,8.0,96.0,20.0,8.0
0,0,Sports,0,1,65.0,6.0,90.0,27.0,8.0
0,0,Arts,1,0,57.0,15.0,95.0,20.0,8.0
2,0,Clubs,0,1,68.0,16.0,95.0,19.0,8.0
2,0,Clubs,0,1,68.0,11.0,99.0,19.0,8.0
1,0,No CCA,0,1,59.0,10.0,96.0,24.0,8.0
0,1,Sports,0,1,71.0,17.0,99.0,16.0,8.0
0,0,Arts,1,0,52.0,5.0,91.0,20.0,8.0
1,0,Sports,0,0,57.0,11.0,91.0,31.0,8.0
0,1,No CCA,1,0,81.0,8.0,93.0,16.0,8.0
0,1,Sports,0,1,80.0,7.0,90.0,20.0,7.0
0,0,Sports,0,1,61.0,17.0,92.0,20.0,8.0
1,0,Clubs,0,0,49.0,5.0,92.0,25.0,8.0
0,0,Arts,1,0,79.0,8.0,90.0,27.0,8.0
1,1,Sports,1,1,55.0,15.0,95.0,27.0,8.0
2,0,Sports,1,1,78.0,9.0,93.0,17.0,7.0
1,1,Clubs,1,0,56.0,13.0,96.0,27.0,8.0
1,0,Arts,0,1,70.0,6.0,93.0,28.0,8.0
2,0,Clubs,0,0,41.0,14.0,,23.0,8.0
1,1,Sports,0,1,73.0,12.0,92.0,20.0,8.0
1,0,Arts,0,1,64.0,19.0,100.0,28.0,8.0
1,0,No CCA,1,1,76.0,12.0,98.0,25.0,8.0
2,0,No CCA,0,1,74.0,19.0,90.0,21.0,7.0
1,0,Sports,0,1,61.0,18.0,97.0,22.0,8.0
0,0,No CCA,0,1,95.0,9.0,91.0,25.0,8.0
1,0,Clubs,0,0,50.0,8.0,67.0,29.0,5.0
2,0,Sports,1,1,80.0,7.0,,17.0,8.0
1,1,No CCA,0,1,70.0,19.0,96.0,19.0,8.0
2,1,No CCA,1,1,83.0,10.0,90.0,18.0,8.0
0,0,No CCA,1,0,93.0,9.0,91.0,19.0,8.0
2,0,Arts,0,1,65.0,13.0,98.0,23.0,8.0
0,0,Arts,0,1,68.0,10.0,94.0,22.0,8.0
1,0,Arts,0,0,48.0,9.0,,30.0,8.0
2,0,Arts,0,1,71.0,13.0,94.0,19.0,8.0
1,0,Sports,1,0,58.0,12.0,,26.0,8.0
0,0,Clubs,0,1,64.0,14.0,99.0,27.0,8.0
1,1,Arts,0,1,47.0,2.0,,29.0,6.0
1,0,No CCA,1,1,80.0,6.0,91.0,25.0,8.0
0,0,No CCA,0,1,93.0,10.0,99.0,22.0,8.0
0,0,Sports,0,0,69.0,7.0,94.0,21.0,8.0
1,1,Clubs,0,1,73.0,7.0,95.0,20.0,8.0
0,0,Clubs,1,1,75.0,6.0,96.0,28.0,8.0
0,0,No CCA,1,1,95.0,9.0,91.0,23.0,7.0
2,0,Arts,1,0,75.0,11.0,97.0,23.0,8.0
1,0,No CCA,0,1,70.0,7.0,91.0,28.0,7.0
2,0,Sports,1,1,74.0,12.0,96.0,17.0,8.0
0,0,No CCA,1,1,88.0,8.0,99.0,18.0,8.0
2,0,Sports,0,1,74.0,8.0,94.0,21.0,8.0
0,0,Arts,1,1,67.0,20.0,99.0,20.0,8.0
1,0,Arts,0,1,54.0,13.0,93.0,25.0,8.0
0,1,No CCA,0,1,72.0,14.0,90.0,15.0,8.0
2,0,No CCA,1,1,80.0,10.0,96.0,17.0,8.0
2,0,Arts,1,1,74.0,8.0,95.0,19.0,8.0
1,0,Clubs,0,1,61.0,15.0,97.0,24.0,8.0
1,0,Arts,0,0,41.0,10.0,92.0,28.0,8.0
1,0,Sports,0,1,59.0,6.0,95.0,24.0,8.0
1,1,No CCA,0,1,87.0,8.0,93.0,17.0,7.0
0,1,No CCA,1,1,67.0,17.0,94.0,16.0,8.0
2,0,Sports,0,1,57.0,12.0,98.0,19.0,8.0
1,0,Clubs,0,0,54.0,16.0,96.0,25.0,8.0
0,0,Clubs,1,1,74.0,7.0,98.0,24.0,8.0
0,0,Sports,0,1,79.0,8.0,90.0,23.0,8.0
1,0,Arts,0,1,74.0,20.0,96.0,22.0,8.0
0,0,No CCA,0,0,91.0,6.0,95.0,21.0,8.0
0,1,Clubs,1,1,81.0,5.0,91.0,15.0,8.0
2,0,Sports,0,0,46.0,6.0,83.0,23.0,8.0
1,0,Clubs,1,0,45.0,2.0,,30.0,8.0
1,0,Sports,1,1,52.0,17.0,,30.0,8.0
1,0,Arts,1,0,51.0,14.0,96.0,30.0,8.0
2,0,Clubs,0,1,68.0,20.0,96.0,19.0,8.0
1,0,No CCA,0,0,62.0,20.0,97.0,28.0,8.0
1,1,No CCA,0,1,67.0,17.0,100.0,21.0,8.0
0,0,Arts,1,1,86.0,5.0,97.0,23.0,8.0
1,1,No CCA,0,0,86.0,10.0,94.0,17.0,8.0
1,0,No CCA,0,0,61.0,10.0,93.0,28.0,8.0
1,0,Arts,1,0,67.0,20.0,92.0,24.0,7.0
1,0,Clubs,1,1,56.0,14.0,91.0,28.0,8.0
0,0,Clubs,0,0,66.0,8.0,98.0,22.0,8.0
0,0,Clubs,0,1,73.0,13.0,95.0,23.0,8.0
0,0,Sports,0,1,64.0,16.0,97.0,22.0,8.0
0,1,Clubs,1,0,78.0,7.0,93.0,20.0,8.0
2,0,No CCA,1,1,63.0,17.0,96.0,18.0,8.0
2,0,Arts,0,0,53.0,9.0,98.0,20.0,8.0
1,1,Clubs,1,0,55.0,18.0,98.0,27.0,8.0
1,0,Clubs,1,0,47.0,15.0,93.0,30.0,8.0
2,1,Arts,1,0,73.0,18.0,96.0,14.0,8.0
1,0,Sports,1,0,55.0,19.0,97.0,26.0,8.0
0,0,Arts,0,0,67.0,18.0,94.0,27.0,8.0
0,0,No CCA,1,0,54.0,11.0,99.0,20.0,8.0
2,0,Arts,1,0,71.0,18.0,91.0,23.0,8.0
1,1,Arts,1,0,50.0,10.0,,27.0,8.0
2,0,Arts,0,0,60.0,16.0,91.0,20.0,8.0
1,0,Sports,1,1,52.0,13.0,97.0,30.0,8.0
0,0,No CCA,1,1,62.0,6.0,93.0,20.0,8.0
1,1,Clubs,1,0,56.0,9.0,,27.0,8.0
0,0,No CCA,1,1,90.0,5.0,94.0,23.0,8.0
2,0,No CCA,1,1,79.0,8.0,94.0,19.0,8.0
1,0,Arts,0,1,61.0,13.0,94.0,24.0,8.0
2,1,Sports,0,0,56.0,9.0,93.0,16.0,8.0
1,1,Clubs,0,0,77.0,10.0,95.0,17.0,8.0
1,0,Arts,1,0,51.0,8.0,98.0,29.0,8.0
0,0,No CCA,0,0,96.0,5.0,92.0,21.0,8.0
0,0,Clubs,1,1,67.0,16.0,100.0,20.0,8.0
2,0,Sports,1,1,81.0,5.0,,17.0,8.0
1,1,Sports,0,1,48.0,9.0,88.0,29.0,8.0
1,0,Sports,0,0,55.0,20.0,92.0,27.0,8.0
2,0,Clubs,0,0,49.0,8.0,92.0,22.0,7.0
0,0,Arts,0,1,90.0,9.0,99.0,22.0,8.0
2,0,No CCA,0,1,62.0,5.0,92.0,22.0,8.0
1,1,Sports,0,0,50.0,7.0,93.0,25.0,8.0
0,1,Sports,0,1,73.0,20.0,92.0,15.0,8.0
0,0,Sports,0,0,68.0,15.0,100.0,20.0,8.0
0,1,Sports,1,0,76.0,7.0,92.0,18.0,8.0
2,0,Arts,0,1,62.0,19.0,91.0,20.0,8.0
1,0,Sports,1,0,52.0,9.0,96.0,30.0,8.0
2,0,Clubs,0,0,55.0,8.0,97.0,22.0,8.0
0,0,No CCA,0,0,94.0,9.0,94.0,21.0,8.0
1,0,No CCA,1,1,62.0,9.0,93.0,31.0,8.0
2,0,Clubs,0,0,49.0,8.0,95.0,23.0,8.0
2,0,No CCA,1,0,63.0,17.0,91.0,23.0,8.0
0,0,No CCA,0,1,75.0,9.0,98.0,22.0,8.0
1,0,Sports,0,1,43.0,3.0,40.0,24.0,4.0
0,0,Sports,1,1,94.0,8.0,100.0,23.0,8.0
1,1,Clubs,1,0,55.0,8.0,99.0,27.0,8.0
1,0,Arts,0,1,64.0,12.0,93.0,27.0,8.0
1,1,Arts,0,0,78.0,9.0,97.0,21.0,8.0
1,1,Sports,0,1,79.0,9.0,96.0,17.0,8.0
2,0,Sports,0,1,73.0,15.0,93.0,19.0,8.0
0,1,Sports,1,1,85.0,10.0,94.0,16.0,8.0
0,0,Sports,0,0,56.0,5.0,96.0,22.0,8.0
2,0,Sports,0,1,58.0,11.0,95.0,22.0,8.0
1,1,Clubs,0,0,49.0,2.0,72.0,30.0,6.0
0,0,Sports,1,0,78.0,8.0,92.0,27.0,8.0
2,0,Clubs,0,1,44.0,3.0,93.0,24.0,8.0
2,0,Arts,1,0,69.0,11.0,95.0,22.0,8.0
2,0,No CCA,1,1,61.0,16.0,93.0,22.0,8.0
0,0,No CCA,0,1,75.0,11.0,99.0,23.0,8.0
1,1,No CCA,0,1,77.0,9.0,93.0,17.0,8.0
2,1,Sports,1,1,68.0,7.0,95.0,14.0,8.0
0,0,Sports,0,1,66.0,5.0,97.0,21.0,8.0
1,0,Clubs,1,1,76.0,19.0,99.0,25.0,8.0
2,0,Arts,0,1,58.0,8.0,98.0,18.0,8.0
0,0,Clubs,1,0,79.0,10.0,,27.0,8.0
1,0,Clubs,1,0,61.0,9.0,91.0,26.0,7.0
0,0,Clubs,0,1,69.0,12.0,95.0,21.0,8.0
0,0,Sports,0,1,69.0,10.0,94.0,21.0,8.0
1,1,Sports,1,0,56.0,16.0,90.0,27.0,7.0
1,0,Sports,1,1,78.0,5.0,97.0,25.0,8.0
0,0,No CCA,0,0,92.0,8.0,96.0,22.0,8.0
1,1,Arts,0,0,84.0,10.0,90.0,22.0,8.0
0,0,Clubs,0,1,68.0,6.0,93.0,21.0,8.0
2,0,No CCA,1,1,78.0,8.0,98.0,17.0,8.0
2,1,Clubs,0,0,54.0,18.0,97.0,16.0,8.0
0,0,No CCA,0,1,87.0,7.0,94.0,22.0,8.0
0,1,No CCA,1,1,83.0,6.0,100.0,18.0,8.0
1,1,Clubs,1,1,49.0,2.0,87.0,25.0,8.0
1,1,Sports,0,0,78.0,5.0,95.0,17.0,8.0
1,0,No CCA,0,1,69.0,13.0,91.0,28.0,7.0
0,0,Sports,0,1,53.0,5.0,98.0,21.0,8.0
1,0,No CCA,0,1,64.0,8.0,98.0,22.0,8.0
0,1,Sports,0,1,73.0,11.0,100.0,15.0,8.0
1,1,Sports,1,1,81.0,10.0,96.0,17.0,8.0
1,0,Clubs,1,0,48.0,10.0,94.0,30.0,8.0
1,1,Clubs,0,0,48.0,1.0,73.0,25.0,6.0
2,0,Clubs,1,0,71.0,8.0,93.0,22.0,8.0
1,0,Clubs,0,0,55.0,5.0,98.0,31.0,8.0
0,0,Clubs,0,0,67.0,16.0,95.0,27.0,8.0
1,0,Clubs,0,0,50.0,7.0,51.0,30.0,5.0
0,0,Sports,1,0,58.0,19.0,93.0,20.0,8.0
0,0,Clubs,0,1,68.0,12.0,91.0,21.0,8.0
2,1,Clubs,0,0,46.0,2.0,92.0,23.0,8.0
2,0,Arts,0,0,68.0,11.0,99.0,19.0,8.0
2,0,Arts,1,0,37.0,1.0,96.0,23.0,8.0
1,0,Arts,0,0,54.0,15.0,95.0,25.0,8.0
0,0,No CCA,0,1,81.0,9.0,100.0,23.0,8.0
1,0,Sports,0,1,51.0,9.0,97.0,22.0,8.0
0,0,Sports,0,1,92.0,7.0,93.0,25.0,7.0
0,0,Arts,1,0,49.0,15.0,89.0,20.0,7.0
0,0,No CCA,1,0,73.0,7.0,97.0,27.0,8.0
0,0,Sports,0,1,70.0,13.0,98.0,22.0,8.0
2,0,No CCA,0,1,77.0,10.0,96.0,21.0,8.0
0,0,Clubs,0,1,73.0,18.0,94.0,23.0,8.0
0,0,Clubs,0,1,65.0,17.0,,27.0,8.0
0,1,Sports,1,1,70.0,17.0,100.0,16.0,8.0
0,1,No CCA,1,1,86.0,6.0,94.0,17.0,8.0
2,0,Clubs,0,0,39.0,14.0,58.0,24.0,5.0
2,1,Arts,1,0,68.0,9.0,99.0,15.0,8.0
1,0,Arts,0,1,66.0,12.0,92.0,22.0,8.0
1,0,Arts,0,1,52.0,19.0,96.0,24.0,8.0
0,0,Arts,1,0,64.0,8.0,95.0,20.0,8.0
0,0,Sports,0,0,57.0,11.0,99.0,22.0,8.0
2,1,Clubs,0,0,43.0,13.0,96.0,22.0,8.0
2,0,No CCA,0,1,74.0,5.0,96.0,19.0,8.0
2,0,Arts,0,1,56.0,9.0,,22.0,8.0
0,0,No CCA,1,1,85.0,5.0,93.0,18.0,8.0
0,0,Arts,1,0,73.0,8.0,95.0,28.0,8.0
0,1,No CCA,1,1,80.0,7.0,91.0,18.0,8.0
0,1,No CCA,1,1,82.0,8.0,100.0,20.0,8.0
0,1,Clubs,0,0,78.0,7.0,99.0,20.0,8.0
0,0,Sports,0,1,69.0,9.0,92.0,21.0,8.0
1,1,Clubs,0,0,47.0,6.0,93.0,25.0,8.0
1,1,Arts,0,1,72.0,20.0,91.0,21.0,7.0
2,0,Arts,0,0,53.0,14.0,93.0,22.0,7.0
1,1,Clubs,1,0,56.0,19.0,97.0,27.0,8.0
1,1,Arts,0,1,69.0,15.0,98.0,21.0,8.0
1,0,Sports,1,0,68.0,7.0,92.0,24.0,8.0
1,0,Sports,1,0,52.0,9.0,95.0,30.0,8.0
1,0,No CCA,1,1,76.0,8.0,94.0,25.0,8.0
2,0,Clubs,1,1,58.0,13.0,95.0,22.0,8.0
1,0,Sports,1,0,48.0,15.0,,30.0,8.0
2,0,Sports,0,0,62.0,7.0,97.0,20.0,8.0
1,0,Clubs,1,0,48.0,13.0,91.0,25.0,8.0
2,0,Clubs,0,1,57.0,15.0,99.0,22.0,8.0
1,0,Clubs,1,0,50.0,16.0,100.0,30.0,8.0
0,0,Arts,0,1,72.0,6.0,98.0,27.0,8.0
0,0,Sports,1,0,49.0,13.0,59.0,20.0,6.0
1,1,Arts,1,0,55.0,13.0,91.0,27.0,8.0
0,1,Arts,1,0,68.0,7.0,98.0,16.0,8.0
0,1,Sports,1,1,88.0,8.0,94.0,17.0,8.0
2,0,Sports,0,1,70.0,19.0,100.0,21.0,8.0
1,0,Arts,0,0,64.0,13.0,,22.0,8.0
1,0,Arts,0,0,57.0,10.0,98.0,31.0,8.0
1,0,Sports,0,1,66.0,6.0,97.0,28.0,8.0
1,1,Arts,0,1,44.0,5.0,55.0,24.0,5.0
1,0,Sports,0,0,55.0,16.0,90.0,27.0,8.0
1,0,Arts,0,1,67.0,8.0,91.0,28.0,8.0
2,0,Arts,0,0,51.0,9.0,96.0,19.0,8.0
0,0,Arts,1,0,84.0,9.0,90.0,27.0,8.0
0,0,Sports,0,0,63.0,19.0,99.0,27.0,8.0
2,0,No CCA,0,0,58.0,16.0,96.0,20.0,8.0
2,0,No CCA,1,0,79.0,8.0,99.0,17.0,8.0
1,0,Clubs,1,0,60.0,8.0,94.0,26.0,8.0
1,1,No CCA,1,1,92.0,6.0,96.0,21.0,8.0
0,0,Arts,0,0,59.0,19.0,99.0,21.0,8.0
2,0,Clubs,0,0,42.0,2.0,97.0,22.0,8.0
0,0,Arts,0,1,72.0,14.0,,21.0,8.0
1,1,Sports,0,0,49.0,8.0,92.0,25.0,8.0
0,1,Sports,0,1,78.0,7.0,,20.0,8.0
0,1,Sports,0,1,69.0,16.0,96.0,16.0,8.0
0,0,Arts,1,0,53.0,6.0,90.0,20.0,8.0
1,0,Sports,0,0,52.0,13.0,92.0,30.0,8.0
1,0,Sports,0,0,51.0,12.0,94.0,30.0,8.0
1,1,No CCA,0,0,83.0,8.0,91.0,17.0,7.0
1,0,Clubs,0,0,47.0,13.0,98.0,25.0,8.0
1,0,Arts,0,1,44.0,9.0,92.0,24.0,8.0
0,0,No CCA,1,1,61.0,5.0,,20.0,8.0
0,1,Arts,0,0,82.0,7.0,95.0,21.0,8.0
2,1,Clubs,0,1,65.0,9.0,91.0,16.0,8.0
2,0,Arts,0,0,69.0,15.0,96.0,21.0,8.0
2,0,Sports,1,0,40.0,6.0,68.0,22.0,7.0
2,0,No CCA,1,0,69.0,11.0,97.0,23.0,8.0
1,0,Arts,0,1,66.0,5.0,93.0,22.0,8.0
1,1,Arts,0,1,86.0,9.0,91.0,17.0,8.0
1,1,Arts,1,1,76.0,14.0,91.0,21.0,8.0
1,0,Sports,0,1,63.0,9.0,99.0,28.0,8.0
0,0,Arts,0,0,79.0,7.0,,21.0,8.0
1,0,Sports,0,0,54.0,17.0,98.0,29.0,8.0
1,0,No CCA,0,0,68.0,12.0,94.0,28.0,8.0
2,0,No CCA,1,1,82.0,7.0,99.0,17.0,8.0
0,1,No CCA,0,1,73.0,5.0,99.0,15.0,8.0
0,0,No CCA,1,0,95.0,7.0,100.0,18.0,8.0
2,1,Clubs,0,1,44.0,11.0,80.0,24.0,7.0
1,1,Sports,0,0,49.0,11.0,55.0,25.0,5.0
1,1,No CCA,0,1,85.0,5.0,93.0,22.0,8.0
1,0,Arts,0,0,41.0,1.0,48.0,28.0,5.0
0,0,Sports,1,0,53.0,6.0,97.0,20.0,8.0
0,0,Clubs,1,0,73.0,13.0,91.0,28.0,8.0
1,0,Arts,1,1,65.0,17.0,95.0,28.0,8.0
0,1,Sports,1,0,85.0,9.0,93.0,16.0,8.0
1,1,No CCA,0,1,49.0,6.0,97.0,29.0,8.0
1,1,Arts,1,0,49.0,9.0,77.0,25.0,7.0
1,0,No CCA,1,1,64.0,16.0,94.0,26.0,8.0
1,1,No CCA,1,1,100.0,7.0,95.0,17.0,8.0
0,0,Arts,1,1,82.0,7.0,98.0,24.0,8.0
0,0,Sports,0,0,54.0,19.0,91.0,27.0,8.0
2,0,Clubs,1,0,69.0,10.0,99.0,23.0,8.0
2,0,Clubs,0,1,73.0,15.0,94.0,19.0,8.0
1,0,Clubs,1,0,59.0,12.0,100.0,30.0,8.0
2,0,Sports,0,1,66.0,5.0,94.0,23.0,8.0
1,0,Clubs,0,1,63.0,10.0,97.0,22.0,8.0
1,0,Arts,1,1,66.0,13.0,95.0,24.0,8.0
1,0,Clubs,1,0,56.0,18.0,95.0,30.0,8.0
1,0,Arts,0,0,50.0,16.0,78.0,24.0,7.0
0,0,Sports,0,0,71.0,15.0,95.0,27.0,8.0
1,0,Clubs,0,1,61.0,18.0,97.0,22.0,8.0
1,0,Sports,0,0,57.0,8.0,93.0,28.0,8.0
0,0,Clubs,1,1,74.0,14.0,90.0,28.0,8.0
0,1,Arts,0,1,79.0,7.0,95.0,20.0,8.0
1,1,Clubs,1,0,91.0,7.0,91.0,21.0,8.0
2,0,Arts,0,1,59.0,20.0,99.0,22.0,8.0
1,0,Arts,0,0,51.0,17.0,96.0,30.0,8.0
0,1,Sports,0,0,83.0,8.0,91.0,21.0,8.0
2,0,Clubs,1,1,75.0,6.0,93.0,19.0,8.0
2,0,Sports,0,0,76.0,15.0,97.0,21.0,8.0
0,0,Arts,0,1,67.0,9.0,98.0,27.0,8.0
0,0,Arts,1,1,79.0,7.0,96.0,23.0,8.0
2,0,Clubs,0,1,71.0,12.0,97.0,21.0,8.0
2,0,Clubs,1,0,53.0,8.0,97.0,19.0,8.0
2,0,Clubs,0,1,74.0,15.0,92.0,23.0,8.0
0,0,Clubs,1,0,74.0,13.0,94.0,28.0,7.0
1,1,Sports,0,1,72.0,17.0,92.0,20.0,8.0
0,0,Clubs,0,0,62.0,16.0,98.0,21.0,8.0
1,1,Arts,0,1,79.0,8.0,91.0,17.0,8.0
0,1,No CCA,1,1,87.0,9.0,97.0,17.0,8.0
1,0,Clubs,0,1,54.0,15.0,94.0,30.0,8.0
0,0,Clubs,1,1,78.0,7.0,95.0,24.0,8.0
1,0,Arts,0,1,64.0,7.0,97.0,24.0,8.0
1,0,Sports,1,0,54.0,11.0,92.0,30.0,8.0
0,0,Clubs,1,1,80.0,7.0,96.0,24.0,8.0
2,0,Arts,1,0,77.0,7.0,93.0,17.0,8.0
2,0,Sports,1,1,57.0,7.0,97.0,22.0,8.0
1,1,No CCA,0,1,74.0,12.0,98.0,17.0,8.0
1,1,Arts,0,1,66.0,9.0,91.0,21.0,8.0
1,1,Arts,1,0,47.0,13.0,72.0,30.0,7.0
1,1,Clubs,1,1,87.0,6.0,90.0,17.0,8.0
1,0,Arts,0,1,61.0,19.0,96.0,22.0,8.0
0,0,Clubs,0,0,79.0,7.0,97.0,23.0,8.0
0,1,Arts,1,1,79.0,8.0,96.0,15.0,8.0
0,1,No CCA,1,0,85.0,6.0,97.0,16.0,8.0
1,0,Sports,0,1,72.0,6.0,93.0,28.0,8.0
0,1,No CCA,1,1,76.0,5.0,90.0,15.0,8.0
2,0,Arts,0,1,74.0,15.0,99.0,23.0,8.0
1,0,Sports,0,1,64.0,10.0,94.0,24.0,8.0
1,0,Arts,0,1,56.0,13.0,96.0,24.0,8.0
0,0,Arts,0,0,69.0,7.0,97.0,22.0,8.0
1,1,Arts,1,1,93.0,9.0,95.0,21.0,8.0
0,0,No CCA,0,1,71.0,8.0,99.0,22.0,8.0
0,0,Arts,0,0,60.0,7.0,93.0,22.0,7.0
2,0,No CCA,0,1,66.0,12.0,91.0,19.0,8.0
1,1,Sports,0,1,69.0,19.0,93.0,19.0,8.0
2,0,Clubs,1,1,74.0,12.0,,22.0,8.0
1,0,Clubs,0,1,59.0,11.0,98.0,28.0,8.0
2,0,Clubs,1,0,72.0,12.0,98.0,17.0,8.0
1,0,Clubs,1,1,60.0,13.0,98.0,28.0,8.0
1,0,Sports,0,0,40.0,6.0,91.0,28.0,8.0
0,0,No CCA,1,1,88.0,10.0,92.0,23.0,8.0
2,0,Sports,0,0,76.0,9.0,91.0,21.0,7.0
1,1,No CCA,1,1,100.0,9.0,,17.0,8.0
1,1,Sports,0,0,76.0,17.0,99.0,20.0,8.0
1,1,Arts,0,0,50.0,13.0,52.0,25.0,4.0
2,0,Arts,0,0,57.0,10.0,93.0,22.0,8.0
0,1,Sports,0,0,79.0,6.0,94.0,20.0,8.0
2,0,Arts,1,0,72.0,9.0,90.0,22.0,8.0
0,0,No CCA,1,1,92.0,9.0,98.0,23.0,8.0
2,0,Arts,0,1,60.0,6.0,94.0,22.0,8.0
1,1,No CCA,0,1,88.0,6.0,96.0,17.0,8.0
0,0,Arts,1,1,94.0,10.0,94.0,23.0,8.0
1,1,Sports,0,0,47.0,1.0,74.0,25.0,6.0
0,0,Sports,0,1,53.0,12.0,99.0,21.0,8.0
1,0,Clubs,0,1,66.0,18.0,91.0,28.0,8.0
0,1,No CCA,1,0,87.0,9.0,,20.0,8.0
2,0,Clubs,0,1,62.0,17.0,98.0,22.0,8.0
0,1,No CCA,1,0,81.0,9.0,96.0,15.0,8.0
0,0,No CCA,1,1,90.0,6.0,91.0,23.0,8.0
2,0,Clubs,1,1,78.0,7.0,97.0,17.0,8.0
1,0,Clubs,0,1,62.0,11.0,97.0,28.0,8.0
0,0,Sports,0,0,60.0,11.0,97.0,22.0,8.0
1,0,Sports,1,0,47.0,6.0,98.0,25.0,8.0
0,0,Clubs,0,1,72.0,17.0,99.0,20.0,8.0
1,0,Sports,0,1,69.0,12.0,99.0,22.0,8.0
0,0,Arts,1,1,93.0,6.0,94.0,25.0,8.0
0,0,No CCA,1,1,92.0,5.0,90.0,19.0,8.0
0,0,Sports,0,0,69.0,11.0,93.0,21.0,8.0
0,0,Clubs,0,0,54.0,18.0,100.0,21.0,8.0
2,0,No CCA,0,1,66.0,10.0,96.0,23.0,8.0
1,0,No CCA,1,1,79.0,5.0,92.0,25.0,8.0
1,0,Arts,0,1,51.0,7.0,94.0,31.0,8.0
2,1,Arts,0,0,37.0,8.0,89.0,23.0,8.0
1,1,Sports,0,0,54.0,10.0,91.0,25.0,8.0
0,0,Sports,0,1,89.0,10.0,97.0,22.0,8.0
0,0,Sports,0,1,68.0,7.0,95.0,22.0,8.0
0,1,Arts,0,0,80.0,9.0,95.0,21.0,8.0
1,0,Arts,0,1,59.0,11.0,91.0,28.0,8.0
2,0,Sports,0,1,62.0,19.0,92.0,20.0,7.0
2,0,Sports,0,0,40.0,8.0,67.0,23.0,5.0
0,0,Clubs,0,0,54.0,5.0,98.0,21.0,8.0
0,1,Clubs,0,0,78.0,7.0,99.0,21.0,8.0
1,0,No CCA,0,1,64.0,20.0,99.0,27.0,8.0
0,0,No CCA,1,0,81.0,7.0,92.0,24.0,8.0
1,0,Sports,0,1,55.0,19.0,92.0,24.0,8.0
1,0,Arts,0,1,50.0,20.0,97.0,30.0,8.0
1,1,Sports,1,0,49.0,14.0,92.0,25.0,8.0
1,0,Clubs,1,1,53.0,7.0,96.0,30.0,8.0
1,0,Clubs,1,0,52.0,6.0,97.0,30.0,8.0
1,1,Sports,0,1,54.0,8.0,95.0,25.0,8.0
1,0,Clubs,0,1,65.0,7.0,99.0,28.0,8.0
0,0,Clubs,0,0,61.0,10.0,91.0,27.0,8.0
1,1,Arts,0,1,75.0,5.0,91.0,17.0,8.0
0,0,Clubs,1,1,90.0,7.0,97.0,23.0,8.0
0,0,No CCA,0,1,87.0,9.0,90.0,22.0,8.0
2,0,No CCA,0,1,72.0,18.0,93.0,19.0,8.0
2,0,Clubs,0,1,71.0,7.0,93.0,21.0,8.0
0,0,Clubs,0,0,69.0,15.0,,22.0,8.0
0,0,Sports,0,0,61.0,17.0,,27.0,8.0
0,0,No CCA,0,1,82.0,6.0,,22.0,8.0
1,1,Arts,1,0,45.0,13.0,68.0,30.0,7.0
1,1,Arts,1,0,47.0,7.0,67.0,30.0,5.0
1,0,Sports,1,0,53.0,9.0,97.0,30.0,8.0
0,0,No CCA,0,0,81.0,8.0,98.0,23.0,8.0
0,0,Sports,0,1,72.0,6.0,93.0,20.0,8.0
1,0,Clubs,0,1,32.0,5.0,80.0,28.0,6.0
0,0,Arts,0,1,56.0,10.0,98.0,22.0,8.0
2,1,Sports,1,1,80.0,10.0,,18.0,8.0
0,0,Clubs,0,1,69.0,9.0,93.0,21.0,8.0
0,0,Clubs,1,1,93.0,5.0,90.0,18.0,7.0
0,1,Clubs,1,0,74.0,19.0,94.0,18.0,8.0
2,1,Sports,1,0,68.0,15.0,92.0,15.0,8.0
0,1,No CCA,1,0,87.0,6.0,98.0,17.0,8.0
0,0,Arts,1,0,74.0,18.0,94.0,28.0,8.0
0,0,No CCA,0,1,82.0,9.0,96.0,22.0,8.0
0,0,Clubs,0,1,77.0,8.0,91.0,21.0,8.0
0,0,No CCA,0,0,60.0,16.0,98.0,22.0,8.0
1,0,Arts,0,0,51.0,6.0,92.0,31.0,8.0
2,0,Clubs,1,1,73.0,10.0,92.0,19.0,8.0
0,0,Arts,1,1,75.0,15.0,97.0,28.0,8.0
0,1,No CCA,1,1,70.0,8.0,99.0,16.0,8.0
1,1,No CCA,1,1,83.0,9.0,99.0,17.0,8.0
1,1,Arts,1,0,62.0,12.0,96.0,27.0,8.0
0,0,Arts,0,1,72.0,7.0,94.0,22.0,8.0
1,0,No CCA,0,0,51.0,8.0,99.0,29.0,8.0
1,1,Arts,0,1,78.0,8.0,93.0,21.0,8.0
0,1,No CCA,1,1,86.0,7.0,93.0,17.0,8.0
1,0,Sports,1,0,68.0,12.0,94.0,24.0,7.0
0,0,No CCA,0,0,63.0,12.0,93.0,21.0,8.0
2,0,Sports,0,0,37.0,12.0,90.0,22.0,8.0
0,0,Clubs,1,1,90.0,7.0,92.0,23.0,8.0
0,1,No CCA,0,0,78.0,9.0,92.0,15.0,8.0
1,0,Clubs,0,1,63.0,16.0,96.0,22.0,8.0
1,0,No CCA,0,1,64.0,8.0,96.0,28.0,8.0
1,0,Sports,1,0,50.0,10.0,99.0,30.0,8.0
1,1,Sports,0,1,76.0,5.0,99.0,22.0,8.0
2,0,Clubs,0,0,66.0,10.0,91.0,23.0,7.0
1,0,Arts,0,0,50.0,9.0,93.0,29.0,8.0
0,0,No CCA,1,0,85.0,10.0,97.0,23.0,8.0
2,0,No CCA,0,1,60.0,7.0,96.0,22.0,8.0
1,1,No CCA,1,0,87.0,6.0,97.0,21.0,8.0
2,0,Clubs,0,0,71.0,19.0,91.0,21.0,8.0
0,0,Arts,1,0,64.0,13.0,93.0,27.0,8.0
1,0,Sports,1,0,47.0,14.0,92.0,30.0,8.0
1,0,Clubs,0,1,58.0,9.0,95.0,28.0,8.0
2,0,Sports,0,1,51.0,1.0,97.0,18.0,8.0
1,0,Arts,1,1,73.0,9.0,94.0,24.0,8.0
2,0,Sports,1,0,69.0,5.0,93.0,21.0,8.0
2,0,Sports,1,0,54.0,15.0,100.0,22.0,8.0
0,0,Arts,0,1,72.0,15.0,95.0,21.0,8.0
0,1,No CCA,0,1,79.0,8.0,94.0,15.0,8.0
1,1,Clubs,0,0,47.0,11.0,,25.0,7.0
0,0,Arts,0,1,68.0,12.0,98.0,23.0,8.0
1,0,Arts,0,0,54.0,6.0,100.0,24.0,8.0
1,0,Arts,0,1,45.0,6.0,92.0,30.0,8.0
2,1,Arts,1,0,70.0,13.0,95.0,20.0,8.0
1,0,Sports,1,0,51.0,10.0,97.0,24.0,8.0
2,0,Clubs,0,1,79.0,7.0,92.0,21.0,8.0
0,0,No CCA,1,1,82.0,6.0,94.0,24.0,8.0
1,0,Sports,0,1,66.0,19.0,99.0,28.0,8.0
1,0,No CCA,1,1,76.0,6.0,90.0,25.0,8.0
2,0,Clubs,0,1,73.0,10.0,99.0,21.0,8.0
2,0,Arts,0,0,51.0,9.0,95.0,19.0,8.0
1,0,Sports,0,1,59.0,11.0,93.0,28.0,8.0
2,1,Clubs,1,0,73.0,18.0,91.0,18.0,8.0
2,0,Arts,0,1,58.0,6.0,98.0,20.0,8.0
2,0,Clubs,1,1,73.0,17.0,97.0,19.0,8.0
2,0,No CCA,1,1,73.0,19.0,94.0,19.0,8.0
0,0,No CCA,1,1,88.0,5.0,96.0,18.0,8.0
2,0,Clubs,0,1,50.0,8.0,99.0,22.0,8.0
1,0,No CCA,0,1,70.0,13.0,94.0,22.0,8.0
1,0,Sports,0,1,52.0,6.0,92.0,30.0,8.0
1,1,Arts,0,1,80.0,6.0,95.0,17.0,8.0
0,0,No CCA,0,1,67.0,19.0,99.0,21.0,8.0
2,1,Sports,0,0,38.0,4.0,67.0,23.0,6.0
2,1,No CCA,1,1,82.0,5.0,98.0,18.0,8.0
2,1,No CCA,1,1,79.0,8.0,94.0,14.0,8.0
1,0,No CCA,0,1,70.0,19.0,91.0,22.0,8.0
1,1,Arts,1,1,87.0,10.0,97.0,17.0,8.0
1,0,Clubs,1,0,59.0,7.0,99.0,27.0,8.0
1,1,Sports,0,1,76.0,8.0,98.0,21.0,8.0
1,0,Arts,0,0,68.0,6.0,92.0,28.0,8.0
1,0,No CCA,0,1,66.0,13.0,97.0,28.0,8.0
2,0,Sports,1,0,74.0,9.0,100.0,23.0,8.0
0,0,Sports,1,0,79.0,5.0,96.0,24.0,8.0
0,0,Arts,0,1,70.0,15.0,97.0,22.0,8.0
1,0,Clubs,1,1,61.0,6.0,95.0,28.0,8.0
0,0,Arts,0,0,55.0,10.0,95.0,22.0,8.0
2,1,Sports,1,0,42.0,11.0,98.0,22.0,8.0
1,0,Clubs,0,0,46.0,15.0,100.0,30.0,8.0
1,0,Clubs,1,1,69.0,13.0,95.0,24.0,8.0
1,0,Arts,1,0,65.0,19.0,95.0,28.0,8.0
2,0,No CCA,0,1,69.0,11.0,92.0,21.0,8.0
2,0,Sports,0,1,58.0,14.0,96.0,20.0,8.0
2,0,Clubs,0,1,41.0,1.0,53.0,23.0,4.0
1,1,Clubs,1,0,56.0,7.0,98.0,27.0,8.0
1,0,Arts,1,1,64.0,14.0,91.0,26.0,8.0
1,0,Clubs,1,0,54.0,19.0,98.0,30.0,8.0
1,0,Arts,0,0,56.0,12.0,91.0,31.0,8.0
0,0,Sports,0,0,69.0,14.0,94.0,21.0,8.0
0,0,Arts,0,1,76.0,7.0,92.0,22.0,8.0
2,1,Arts,1,1,72.0,13.0,93.0,14.0,8.0
1,0,Sports,1,0,55.0,8.0,99.0,26.0,8.0
1,1,Sports,0,0,46.0,4.0,94.0,30.0,8.0
2,0,Clubs,0,1,56.0,12.0,90.0,18.0,8.0
0,0,Arts,0,0,67.0,8.0,96.0,27.0,8.0
0,0,Clubs,0,0,55.0,11.0,91.0,21.0,7.0
2,1,Clubs,1,0,69.0,16.0,93.0,15.0,8.0
1,0,Clubs,0,1,63.0,12.0,96.0,28.0,8.0
1,0,Arts,0,0,52.0,13.0,99.0,25.0,8.0
0,0,Clubs,1,0,59.0,14.0,93.0,20.0,8.0
0,0,Arts,0,0,66.0,12.0,99.0,22.0,8.0
1,0,Clubs,0,0,65.0,18.0,90.0,28.0,8.0
0,1,Sports,1,1,79.0,7.0,93.0,18.0,8.0
2,0,Sports,0,1,50.0,10.0,98.0,22.0,8.0
1,0,Arts,0,0,53.0,18.0,97.0,29.0,8.0
0,0,Arts,1,0,90.0,10.0,97.0,23.0,8.0
2,1,Arts,1,0,72.0,15.0,99.0,20.0,8.0
0,1,No CCA,1,1,87.0,8.0,92.0,16.0,8.0
1,0,Clubs,1,1,59.0,7.0,93.0,26.0,8.0
0,1,No CCA,0,1,80.0,6.0,99.0,21.0,8.0
2,0,Sports,1,0,77.0,6.0,95.0,17.0,8.0
2,0,No CCA,1,0,40.0,3.0,45.0,22.0,4.0
0,1,Arts,0,1,79.0,8.0,100.0,20.0,8.0
1,0,No CCA,0,1,51.0,19.0,,30.0,8.0
1,0,Arts,0,1,59.0,11.0,91.0,27.0,8.0
1,0,No CCA,0,1,66.0,8.0,97.0,28.0,8.0
1,0,No CCA,0,0,60.0,14.0,99.0,27.0,8.0
1,0,No CCA,0,1,61.0,19.0,100.0,28.0,8.0
1,1,Arts,0,1,56.0,8.0,95.0,25.0,8.0
0,1,Clubs,0,0,74.0,16.0,91.0,19.0,8.0
2,1,Sports,0,0,56.0,6.0,93.0,16.0,8.0
0,0,Arts,0,0,67.0,16.0,90.0,27.0,8.0
0,1,Clubs,1,1,80.0,7.0,90.0,15.0,8.0
1,1,Clubs,0,1,51.0,18.0,98.0,25.0,8.0
1,0,Sports,1,0,53.0,12.0,98.0,26.0,8.0
1,1,Sports,0,1,47.0,13.0,99.0,30.0,8.0
2,0,Clubs,0,0,42.0,8.0,84.0,22.0,8.0
0,0,Arts,0,0,63.0,10.0,92.0,27.0,8.0
0,0,Clubs,1,1,59.0,13.0,95.0,20.0,8.0
0,0,Clubs,1,0,79.0,7.0,100.0,28.0,8.0
2,0,Sports,0,0,43.0,6.0,72.0,24.0,7.0
0,0,Arts,0,1,73.0,17.0,97.0,21.0,8.0
2,0,Sports,0,0,37.0,7.0,56.0,22.0,6.0
1,0,Clubs,1,0,53.0,17.0,95.0,30.0,8.0
2,1,Clubs,0,0,36.0,1.0,47.0,22.0,4.0
1,1,Clubs,0,0,49.0,14.0,83.0,25.0,8.0
1,0,Clubs,1,1,65.0,10.0,91.0,24.0,8.0
1,0,Arts,0,0,65.0,5.0,96.0,28.0,8.0
0,0,Arts,1,0,80.0,5.0,96.0,24.0,8.0
2,1,Arts,1,1,79.0,9.0,98.0,14.0,8.0
2,1,No CCA,1,0,69.0,6.0,94.0,20.0,8.0
1,1,No CCA,0,0,81.0,10.0,94.0,17.0,8.0
0,0,Arts,0,0,71.0,8.0,91.0,27.0,8.0
1,0,Sports,0,1,56.0,15.0,100.0,24.0,8.0
2,0,Clubs,0,1,46.0,11.0,81.0,23.0,7.0
0,1,Arts,1,0,76.0,15.0,94.0,18.0,8.0
2,0,Arts,1,1,78.0,6.0,95.0,17.0,8.0
1,1,Sports,0,0,48.0,2.0,77.0,25.0,8.0
0,0,No CCA,0,1,72.0,12.0,93.0,20.0,8.0
1,1,Clubs,1,0,46.0,2.0,96.0,29.0,8.0
1,0,Arts,1,1,51.0,15.0,97.0,30.0,8.0
2,0,Arts,0,0,45.0,2.0,79.0,24.0,7.0
0,0,No CCA,1,1,94.0,7.0,95.0,23.0,8.0
2,0,Arts,0,0,76.0,8.0,90.0,21.0,8.0
2,0,Sports,1,0,75.0,10.0,90.0,22.0,7.0
0,0,Arts,1,0,75.0,16.0,97.0,27.0,8.0
0,1,No CCA,1,1,82.0,7.0,92.0,17.0,8.0
1,1,Sports,0,0,43.0,13.0,97.0,24.0,8.0
1,0,Arts,1,0,47.0,6.0,97.0,30.0,8.0
0,0,No CCA,1,0,71.0,7.0,95.0,27.0,8.0
0,1,No CCA,0,1,84.0,9.0,93.0,21.0,8.0
1,0,Arts,1,1,59.0,18.0,96.0,28.0,8.0
0,1,No CCA,0,0,76.0,10.0,98.0,21.0,8.0
0,0,No CCA,1,1,90.0,6.0,95.0,23.0,8.0
2,0,Arts,0,0,59.0,18.0,92.0,22.0,8.0
1,1,Sports,0,1,66.0,12.0,95.0,21.0,8.0
1,0,Clubs,0,1,63.0,6.0,99.0,27.0,8.0
0,0,Clubs,0,1,67.0,8.0,91.0,21.0,8.0
0,1,Sports,1,0,81.0,7.0,97.0,16.0,8.0
0,1,Arts,1,1,79.0,9.0,,20.0,8.0
1,0,Sports,0,1,64.0,14.0,92.0,28.0,8.0
1,0,Sports,1,0,54.0,13.0,99.0,30.0,8.0
1,0,Clubs,0,0,55.0,11.0,97.0,27.0,8.0
2,0,No CCA,0,1,72.0,16.0,97.0,21.0,8.0
0,0,Clubs,1,1,63.0,13.0,92.0,20.0,8.0
0,1,Clubs,1,1,70.0,14.0,91.0,16.0,8.0
0,1,Clubs,0,1,79.0,8.0,94.0,20.0,8.0
1,0,Arts,0,0,49.0,13.0,,30.0,7.0
1,0,No CCA,1,1,76.0,9.0,93.0,24.0,8.0
0,0,Sports,1,1,95.0,7.0,94.0,18.0,8.0
1,1,No CCA,0,1,81.0,8.0,90.0,17.0,7.0
0,0,Arts,0,0,58.0,16.0,91.0,27.0,7.0
2,0,Clubs,1,1,60.0,17.0,92.0,22.0,8.0
0,0,No CCA,0,0,63.0,14.0,94.0,27.0,8.0
1,1,Clubs,0,1,76.0,7.0,91.0,21.0,8.0
0,1,No CCA,0,1,91.0,6.0,94.0,21.0,8.0
0,1,No CCA,0,0,78.0,10.0,95.0,21.0,8.0
0,0,Sports,0,0,64.0,5.0,99.0,21.0,8.0
0,1,Arts,1,1,82.0,6.0,91.0,17.0,8.0
2,0,No CCA,0,1,74.0,20.0,96.0,21.0,8.0
0,0,Arts,0,1,74.0,10.0,94.0,21.0,8.0
1,1,Sports,0,1,70.0,15.0,95.0,19.0,8.0
1,0,Arts,0,0,51.0,7.0,99.0,31.0,8.0
0,0,No CCA,0,0,82.0,10.0,94.0,22.0,8.0
2,0,Sports,0,1,58.0,10.0,99.0,20.0,8.0
2,0,Clubs,0,1,69.0,6.0,94.0,23.0,8.0
1,1,No CCA,1,1,55.0,19.0,96.0,27.0,8.0
1,1,Sports,0,1,54.0,9.0,91.0,25.0,8.0
1,0,Arts,0,1,58.0,19.0,91.0,28.0,8.0
1,1,Clubs,0,0,80.0,7.0,93.0,21.0,8.0
0,0,Arts,1,0,60.0,9.0,95.0,20.0,8.0
2,0,Clubs,0,1,73.0,16.0,97.0,21.0,8.0
2,0,Clubs,1,1,77.0,8.0,95.0,19.0,8.0
0,0,Arts,0,1,69.0,7.0,98.0,21.0,8.0
1,0,Sports,0,1,53.0,18.0,94.0,27.0,8.0
1,1,Arts,1,0,51.0,15.0,91.0,27.0,8.0
2,0,Sports,1,1,61.0,15.0,98.0,22.0,8.0
2,0,No CCA,1,1,58.0,15.0,95.0,20.0,8.0
1,1,No CCA,0,1,85.0,10.0,94.0,22.0,8.0
2,1,Sports,0,0,43.0,7.0,50.0,24.0,5.0
2,1,Arts,0,0,56.0,8.0,92.0,16.0,8.0
1,0,Clubs,1,0,68.0,11.0,93.0,24.0,8.0
2,1,Arts,1,0,68.0,7.0,94.0,15.0,8.0
2,0,Arts,1,1,72.0,10.0,96.0,19.0,8.0
0,0,Sports,1,1,78.0,6.0,97.0,24.0,8.0
2,0,No CCA,0,1,71.0,16.0,93.0,19.0,8.0
0,0,Sports,0,0,55.0,11.0,97.0,22.0,8.0
1,0,Arts,1,1,60.0,9.0,99.0,28.0,8.0
2,0,Sports,1,1,73.0,15.0,99.0,19.0,8.0
0,1,Arts,0,0,75.0,9.0,95.0,19.0,8.0
0,1,Sports,1,1,79.0,9.0,91.0,18.0,8.0
1,0,Arts,0,0,59.0,17.0,92.0,31.0,8.0
0,0,Clubs,0,0,63.0,18.0,98.0,27.0,8.0
0,0,Clubs,0,1,73.0,18.0,96.0,23.0,8.0
1,0,Arts,1,0,63.0,8.0,99.0,27.0,8.0
1,1,No CCA,1,1,83.0,7.0,,17.0,8.0
1,0,No CCA,0,1,57.0,19.0,91.0,27.0,7.0
2,0,Clubs,0,1,70.0,18.0,95.0,19.0,8.0
1,0,Sports,0,0,49.0,14.0,79.0,30.0,8.0
0,0,No CCA,0,1,69.0,14.0,92.0,21.0,8.0
0,0,Arts,1,1,73.0,7.0,92.0,28.0,8.0
0,0,No CCA,0,1,77.0,10.0,93.0,21.0,8.0
1,0,Arts,0,0,51.0,9.0,95.0,30.0,8.0
0,0,No CCA,1,1,93.0,7.0,91.0,19.0,8.0
0,0,No CCA,0,1,91.0,7.0,,21.0,8.0
0,1,Arts,0,1,71.0,9.0,93.0,16.0,7.0
0,0,Sports,0,0,61.0,6.0,99.0,27.0,8.0
1,0,Sports,1,1,54.0,16.0,100.0,31.0,8.0
2,0,Arts,0,0,43.0,1.0,46.0,22.0,4.0
0,0,No CCA,1,1,91.0,10.0,91.0,23.0,8.0
1,0,No CCA,1,1,66.0,6.0,96.0,24.0,8.0
0,0,No CCA,0,1,69.0,12.0,96.0,21.0,8.0
1,1,No CCA,0,0,80.0,7.0,91.0,17.0,8.0
0,0,Clubs,0,1,58.0,8.0,93.0,22.0,8.0
2,0,Clubs,0,1,45.0,5.0,93.0,23.0,8.0
0,0,No CCA,1,1,75.0,6.0,96.0,28.0,8.0
0,0,Arts,0,0,69.0,18.0,100.0,22.0,8.0
0,1,No CCA,1,0,82.0,8.0,91.0,18.0,8.0
2,0,Sports,0,1,74.0,18.0,99.0,19.0,8.0
1,0,Clubs,1,0,43.0,5.0,41.0,30.0,4.0
2,0,Clubs,1,1,70.0,5.0,91.0,22.0,8.0
2,0,No CCA,1,0,62.0,14.0,97.0,23.0,8.0
1,1,Arts,0,1,79.0,8.0,100.0,17.0,8.0
1,0,Sports,0,1,74.0,18.0,94.0,22.0,8.0
2,0,Clubs,0,1,70.0,8.0,94.0,19.0,8.0
2,0,Arts,0,0,72.0,20.0,96.0,19.0,8.0
1,0,Arts,0,1,69.0,13.0,97.0,22.0,8.0
2,0,No CCA,1,1,70.0,9.0,96.0,19.0,8.0
1,0,Clubs,0,1,54.0,13.0,93.0,29.0,8.0
1,0,Arts,1,0,79.0,6.0,97.0,25.0,8.0
0,0,Sports,0,0,62.0,18.0,94.0,27.0,8.0
1,1,Clubs,1,0,57.0,17.0,,27.0,8.0
0,0,No CCA,1,1,65.0,12.0,96.0,20.0,8.0
1,1,Arts,1,1,59.0,19.0,93.0,27.0,8.0
2,0,Clubs,1,0,80.0,9.0,,17.0,8.0
2,1,Arts,0,1,56.0,16.0,94.0,16.0,8.0
1,0,Arts,1,1,74.0,11.0,90.0,24.0,8.0
0,1,No CCA,1,0,80.0,10.0,91.0,21.0,8.0
0,1,No CCA,1,1,87.0,9.0,,20.0,8.0
1,1,No CCA,1,0,56.0,19.0,93.0,27.0,7.0
1,0,Sports,0,1,57.0,16.0,91.0,27.0,7.0
0,0,Sports,1,1,82.0,9.0,96.0,23.0,8.0
0,1,Clubs,0,1,80.0,9.0,98.0,21.0,8.0
1,1,No CCA,0,1,83.0,8.0,96.0,17.0,8.0
0,1,No CCA,1,1,83.0,6.0,95.0,20.0,8.0
2,1,Arts,1,0,71.0,15.0,92.0,15.0,8.0
2,0,Clubs,0,0,46.0,11.0,99.0,24.0,8.0
2,1,No CCA,1,0,69.0,18.0,99.0,15.0,8.0
1,1,No CCA,0,0,79.0,7.0,,17.0,8.0
1,0,No CCA,1,1,69.0,14.0,98.0,24.0,8.0
0,0,Arts,0,1,67.0,17.0,97.0,21.0,8.0
0,0,Arts,0,0,64.0,7.0,,27.0,8.0
0,0,No CCA,1,1,90.0,8.0,94.0,18.0,8.0
0,1,No CCA,1,1,77.0,9.0,91.0,18.0,8.0
0,1,Clubs,1,0,68.0,7.0,96.0,16.0,8.0
1,0,Clubs,1,1,59.0,11.0,99.0,26.0,8.0
1,0,Arts,0,1,58.0,8.0,99.0,28.0,8.0
0,1,No CCA,1,1,73.0,18.0,94.0,15.0,8.0
2,1,Arts,0,0,52.0,14.0,97.0,16.0,8.0
0,1,No CCA,1,1,87.0,6.0,95.0,16.0,8.0
1,1,Arts,0,1,77.0,7.0,91.0,20.0,8.0
2,1,No CCA,1,0,75.0,18.0,94.0,20.0,8.0
0,1,No CCA,1,1,81.0,9.0,99.0,17.0,8.0
2,0,Clubs,1,1,79.0,9.0,95.0,17.0,8.0
0,0,No CCA,1,1,90.0,8.0,98.0,18.0,8.0
1,1,Arts,1,0,76.0,10.0,92.0,21.0,8.0
0,1,No CCA,1,1,81.0,6.0,97.0,15.0,8.0
0,0,Sports,1,1,71.0,20.0,95.0,20.0,8.0
1,0,No CCA,0,1,62.0,11.0,91.0,28.0,8.0
0,1,Sports,1,0,80.0,9.0,94.0,15.0,8.0
1,1,Clubs,0,1,76.0,12.0,91.0,17.0,8.0
0,0,No CCA,1,0,83.0,9.0,95.0,24.0,8.0
0,0,No CCA,0,1,70.0,19.0,100.0,27.0,8.0
1,0,No CCA,1,1,60.0,20.0,98.0,28.0,8.0
2,0,No CCA,1,0,82.0,10.0,93.0,17.0,8.0
1,1,Clubs,0,1,48.0,8.0,73.0,24.0,7.0
1,0,Arts,0,0,62.0,16.0,99.0,28.0,8.0
1,0,No CCA,1,1,72.0,9.0,98.0,24.0,8.0
1,0,Clubs,1,0,38.0,9.0,98.0,28.0,8.0
1,0,Arts,1,0,55.0,10.0,91.0,26.0,8.0
2,0,Arts,1,1,59.0,13.0,95.0,20.0,8.0
0,1,Arts,0,1,84.0,7.0,96.0,21.0,8.0
1,1,No CCA,0,1,66.0,11.0,,21.0,8.0
0,0,Clubs,0,0,60.0,7.0,91.0,27.0,8.0
1,0,No CCA,1,1,69.0,7.0,98.0,24.0,8.0
0,0,Arts,0,0,64.0,13.0,97.0,21.0,8.0
1,0,Sports,0,0,64.0,15.0,92.0,28.0,8.0
2,0,No CCA,1,1,82.0,8.0,98.0,17.0,8.0
1,0,Clubs,1,1,62.0,15.0,98.0,25.0,8.0
0,0,Clubs,0,1,55.0,7.0,95.0,27.0,8.0
1,0,Sports,1,0,48.0,8.0,94.0,30.0,8.0
0,0,Arts,0,1,76.0,5.0,96.0,23.0,8.0
1,1,No CCA,1,1,87.0,7.0,94.0,21.0,8.0
0,0,Sports,0,1,64.0,6.0,100.0,27.0,8.0
2,1,Clubs,0,1,57.0,10.0,91.0,16.0,8.0
1,0,Arts,1,0,51.0,7.0,95.0,25.0,8.0
2,0,Arts,1,1,61.0,7.0,90.0,22.0,8.0
2,1,Clubs,1,0,74.0,19.0,90.0,20.0,8.0
2,0,Sports,1,1,70.0,13.0,95.0,21.0,8.0
2,0,Sports,1,0,74.0,5.0,99.0,19.0,8.0
0,1,No CCA,1,0,89.0,6.0,90.0,16.0,8.0
1,1,No CCA,1,0,83.0,6.0,91.0,17.0,8.0
2,0,Sports,0,1,58.0,17.0,91.0,22.0,7.0
1,0,Arts,0,1,57.0,16.0,92.0,30.0,8.0
1,1,Clubs,0,1,75.0,8.0,96.0,17.0,8.0
1,1,No CCA,0,1,86.0,7.0,91.0,17.0,8.0
2,0,Clubs,1,1,61.0,10.0,97.0,22.0,8.0
0,0,No CCA,1,1,85.0,5.0,98.0,23.0,8.0
1,0,Sports,0,1,38.0,13.0,98.0,28.0,8.0
2,0,Clubs,1,0,65.0,9.0,92.0,22.0,8.0
0,0,Sports,0,1,91.0,9.0,91.0,21.0,8.0
1,1,No CCA,0,1,85.0,9.0,99.0,22.0,8.0
1,0,Arts,0,1,69.0,10.0,98.0,28.0,8.0
1,0,Sports,1,1,61.0,8.0,91.0,28.0,8.0
0,0,No CCA,0,0,92.0,7.0,99.0,25.0,8.0
2,0,Sports,0,1,72.0,15.0,100.0,19.0,8.0
1,0,Clubs,0,1,64.0,7.0,,27.0,8.0
2,0,Arts,1,0,69.0,11.0,94.0,22.0,8.0
1,0,Sports,1,1,46.0,14.0,74.0,30.0,7.0
0,1,No CCA,0,1,79.0,8.0,92.0,20.0,8.0
1,1,Arts,0,1,65.0,13.0,95.0,19.0,8.0
0,1,Arts,0,1,75.0,10.0,99.0,20.0,8.0
0,0,Clubs,1,1,71.0,12.0,94.0,20.0,8.0
1,1,Sports,0,0,77.0,10.0,92.0,17.0,7.0
1,0,Sports,0,0,47.0,11.0,73.0,30.0,6.0
0,0,No CCA,0,0,74.0,13.0,92.0,20.0,8.0
0,0,Arts,1,1,72.0,8.0,95.0,20.0,8.0
2,0,Clubs,0,0,54.0,11.0,90.0,20.0,7.0
1,0,Clubs,1,1,61.0,6.0,99.0,28.0,8.0
1,1,No CCA,0,1,56.0,19.0,93.0,25.0,7.0
0,0,Clubs,0,0,55.0,12.0,94.0,22.0,8.0
1,0,No CCA,0,1,61.0,14.0,98.0,24.0,8.0
1,1,No CCA,1,1,92.0,7.0,90.0,21.0,7.0
1,1,Sports,0,1,75.0,19.0,96.0,17.0,8.0
0,1,No CCA,1,1,75.0,9.0,98.0,16.0,8.0
0,1,Clubs,0,1,74.0,6.0,,20.0,8.0
2,1,Clubs,1,1,79.0,9.0,98.0,14.0,8.0
1,0,Sports,0,1,62.0,17.0,94.0,28.0,8.0
0,0,Arts,0,1,79.0,5.0,99.0,21.0,8.0
0,0,Sports,0,1,81.0,7.0,98.0,23.0,8.0
0,0,Arts,0,1,65.0,16.0,97.0,22.0,8.0
0,0,Arts,0,1,64.0,12.0,99.0,21.0,8.0
1,0,Arts,0,1,74.0,6.0,91.0,22.0,8.0
1,1,No CCA,0,1,80.0,7.0,97.0,22.0,8.0
0,1,Sports,0,1,76.0,12.0,94.0,19.0,8.0
2,0,Arts,0,1,73.0,17.0,99.0,19.0,8.0
0,0,No CCA,0,1,93.0,9.0,100.0,25.0,8.0
1,0,No CCA,0,1,58.0,9.0,91.0,27.0,8.0
2,0,Clubs,0,0,62.0,10.0,91.0,22.0,7.0
0,0,Clubs,1,1,82.0,7.0,100.0,24.0,8.0
1,1,Arts,1,0,47.0,3.0,55.0,30.0,5.0
2,0,Clubs,1,1,80.0,6.0,92.0,19.0,8.0
0,0,Clubs,0,1,69.0,19.0,94.0,21.0,8.0
1,1,Clubs,1,0,47.0,7.0,89.0,30.0,7.0
2,0,Sports,1,1,40.0,4.0,78.0,22.0,8.0
2,0,No CCA,0,1,67.0,18.0,91.0,23.0,8.0
2,0,Arts,1,0,70.0,19.0,97.0,23.0,8.0
2,0,Clubs,0,1,60.0,15.0,92.0,22.0,8.0
1,1,No CCA,1,1,88.0,5.0,96.0,21.0,8.0
1,0,Sports,1,1,60.0,16.0,91.0,28.0,8.0
2,0,No CCA,0,1,71.0,17.0,94.0,19.0,8.0
1,0,Sports,0,1,55.0,13.0,96.0,30.0,8.0
2,0,Clubs,0,1,63.0,15.0,96.0,18.0,8.0
2,0,Arts,0,1,54.0,6.0,96.0,22.0,8.0
1,1,Sports,1,1,95.0,9.0,99.0,21.0,8.0
0,0,Arts,0,1,69.0,13.0,96.0,22.0,8.0
2,0,Arts,0,1,65.0,14.0,99.0,19.0,8.0
1,0,Arts,0,0,44.0,14.0,87.0,29.0,8.0
1,0,Arts,0,0,58.0,17.0,97.0,31.0,8.0
0,1,Sports,0,1,79.0,9.0,99.0,15.0,8.0
1,0,Arts,1,1,50.0,8.0,98.0,30.0,8.0
0,1,Sports,0,1,71.0,18.0,96.0,20.0,8.0
0,0,Clubs,0,1,94.0,7.0,99.0,21.0,8.0
0,0,No CCA,1,1,89.0,5.0,98.0,18.0,8.0
0,0,No CCA,1,1,92.0,7.0,99.0,19.0,8.0
1,1,Arts,0,1,78.0,9.0,97.0,21.0,8.0
2,0,Arts,1,0,69.0,17.0,96.0,23.0,8.0
2,0,No CCA,0,1,71.0,5.0,98.0,21.0,8.0
2,1,Arts,0,0,47.0,14.0,65.0,23.0,6.0
1,0,Clubs,0,1,64.0,15.0,99.0,24.0,8.0
2,0,Clubs,1,0,69.0,10.0,97.0,23.0,8.0
0,0,Arts,1,1,90.0,8.0,98.0,23.0,8.0
1,1,Sports,0,1,52.0,9.0,95.0,25.0,8.0
2,1,No CCA,1,0,83.0,8.0,97.0,18.0,8.0
1,0,Sports,0,0,62.0,6.0,92.0,27.0,8.0
2,0,Clubs,1,1,80.0,8.0,94.0,19.0,8.0
2,0,Sports,1,1,70.0,20.0,98.0,22.0,8.0
0,0,Clubs,0,0,61.0,13.0,98.0,22.0,8.0
1,0,Sports,1,1,60.0,15.0,100.0,28.0,8.0
0,0,No CCA,0,0,64.0,9.0,96.0,27.0,8.0
1,0,Clubs,0,1,52.0,17.0,94.0,24.0,8.0
2,0,Sports,1,1,70.0,5.0,97.0,19.0,8.0
2,1,Clubs,1,0,85.0,7.0,96.0,18.0,8.0
0,1,Sports,0,1,79.0,5.0,93.0,20.0,8.0
1,1,Clubs,0,0,47.0,10.0,100.0,25.0,8.0
0,0,No CCA,1,0,72.0,15.0,94.0,28.0,8.0
2,0,Clubs,0,1,59.0,5.0,91.0,22.0,8.0
0,0,Sports,0,1,70.0,7.0,99.0,22.0,8.0
1,0,Sports,0,0,60.0,7.0,97.0,27.0,8.0
2,1,Sports,0,0,42.0,3.0,67.0,24.0,6.0
0,0,No CCA,1,0,94.0,6.0,92.0,23.0,8.0
0,0,Clubs,1,1,96.0,9.0,97.0,19.0,8.0
1,0,Arts,0,0,49.0,6.0,94.0,30.0,8.0
0,0,Sports,1,0,88.0,8.0,92.0,18.0,7.0
2,0,No CCA,0,1,63.0,16.0,91.0,19.0,8.0
1,0,Arts,1,1,60.0,16.0,94.0,28.0,8.0
0,0,Clubs,1,0,54.0,9.0,94.0,27.0,8.0
0,0,Arts,0,0,68.0,13.0,95.0,22.0,8.0
2,0,No CCA,0,0,73.0,17.0,93.0,21.0,8.0
0,0,No CCA,1,0,98.0,9.0,,21.0,8.0
1,1,No CCA,1,1,96.0,6.0,96.0,21.0,8.0
0,1,No CCA,1,0,69.0,6.0,91.0,16.0,8.0
2,1,Arts,1,1,80.0,6.0,95.0,18.0,8.0
0,1,No CCA,1,1,81.0,10.0,94.0,15.0,8.0
1,1,Arts,0,1,85.0,9.0,91.0,22.0,8.0
1,0,Arts,0,0,51.0,18.0,,30.0,8.0
1,0,Arts,1,1,59.0,7.0,94.0,28.0,8.0
1,1,No CCA,0,1,81.0,10.0,93.0,19.0,8.0
0,1,No CCA,0,0,73.0,17.0,93.0,19.0,8.0
1,0,Sports,0,1,57.0,11.0,92.0,22.0,8.0
1,0,Clubs,1,1,59.0,12.0,92.0,28.0,8.0
1,0,Clubs,0,1,67.0,15.0,95.0,28.0,8.0
2,0,Arts,0,1,61.0,15.0,92.0,19.0,8.0
0,0,No CCA,1,1,88.0,7.0,98.0,19.0,8.0
0,0,Clubs,0,0,67.0,19.0,92.0,27.0,8.0
2,1,Arts,1,0,64.0,16.0,,15.0,8.0
2,0,No CCA,1,0,78.0,9.0,93.0,17.0,8.0
1,0,Sports,1,0,66.0,8.0,95.0,28.0,8.0
0,0,No CCA,1,0,82.0,6.0,99.0,24.0,8.0
1,0,Arts,1,0,53.0,12.0,98.0,24.0,8.0
1,0,Arts,0,1,68.0,17.0,91.0,28.0,8.0
1,1,Arts,0,0,44.0,13.0,95.0,25.0,8.0
1,0,No CCA,1,1,85.0,6.0,90.0,25.0,8.0
0,1,Arts,0,1,76.0,6.0,96.0,20.0,8.0
2,0,Sports,0,1,73.0,17.0,94.0,21.0,8.0
0,1,Clubs,1,0,75.0,14.0,95.0,15.0,8.0
1,1,Arts,0,1,52.0,9.0,95.0,25.0,8.0
1,0,Clubs,1,1,69.0,5.0,98.0,28.0,8.0
1,1,No CCA,0,1,82.0,9.0,96.0,17.0,8.0
1,0,Sports,0,1,43.0,12.0,99.0,24.0,8.0
2,0,Sports,0,0,41.0,12.0,,23.0,6.0
2,1,Clubs,0,0,49.0,7.0,93.0,22.0,8.0
0,0,Sports,0,0,66.0,11.0,95.0,20.0,8.0
1,0,Clubs,1,0,41.0,1.0,,28.0,5.0
0,0,Sports,1,0,53.0,6.0,92.0,21.0,8.0
1,1,No CCA,0,1,39.0,3.0,83.0,24.0,7.0
0,0,Clubs,0,0,50.0,18.0,,22.0,5.0
1,0,Arts,0,1,62.0,11.0,93.0,27.0,8.0
0,0,Clubs,1,1,58.0,13.0,96.0,22.0,8.0
2,0,Sports,1,0,62.0,19.0,95.0,22.0,8.0
1,1,No CCA,1,0,62.0,7.0,91.0,27.0,8.0
2,0,Arts,0,1,62.0,11.0,96.0,22.0,8.0
0,1,Sports,0,1,78.0,7.0,98.0,20.0,8.0
1,0,Clubs,0,1,61.0,17.0,96.0,22.0,8.0
2,1,Arts,1,0,84.0,7.0,94.0,18.0,8.0
1,1,No CCA,1,1,88.0,8.0,99.0,21.0,8.0
1,0,No CCA,0,1,64.0,9.0,,24.0,7.0
1,1,Clubs,0,1,69.0,15.0,90.0,19.0,8.0
0,1,Arts,0,0,80.0,8.0,92.0,15.0,8.0
0,0,No CCA,1,1,94.0,5.0,95.0,21.0,8.0
1,0,Sports,1,1,77.0,7.0,96.0,25.0,8.0
1,0,Clubs,1,1,41.0,6.0,96.0,24.0,8.0
0,1,Clubs,1,1,74.0,15.0,91.0,16.0,8.0
0,0,Arts,1,0,75.0,13.0,93.0,27.0,8.0
0,1,No CCA,1,0,74.0,7.0,92.0,18.0,8.0
0,0,No CCA,1,1,81.0,8.0,92.0,21.0,7.0
1,0,Clubs,1,1,52.0,10.0,97.0,25.0,8.0
2,0,Arts,0,0,39.0,3.0,58.0,22.0,5.0
1,0,Clubs,0,1,67.0,12.0,95.0,28.0,8.0
0,0,No CCA,1,0,81.0,6.0,95.0,24.0,8.0
0,0,No CCA,0,1,93.0,9.0,90.0,22.0,8.0
0,0,Sports,0,1,66.0,19.0,96.0,20.0,8.0
1,0,Clubs,0,0,55.0,16.0,95.0,29.0,8.0
0,1,No CCA,1,0,70.0,14.0,93.0,16.0,8.0
2,1,Sports,1,0,70.0,12.0,97.0,15.0,8.0
2,1,Arts,1,1,74.0,13.0,99.0,14.0,8.0
0,0,Arts,1,1,85.0,9.0,97.0,18.0,8.0
0,0,Clubs,0,1,72.0,6.0,95.0,20.0,8.0
0,0,No CCA,0,1,66.0,19.0,93.0,21.0,8.0
1,0,Sports,0,1,65.0,6.0,98.0,28.0,8.0
1,0,Clubs,0,0,57.0,20.0,95.0,31.0,8.0
1,0,Arts,0,1,57.0,11.0,95.0,27.0,8.0
0,1,No CCA,1,1,86.0,8.0,98.0,20.0,8.0
2,0,Sports,1,1,68.0,13.0,97.0,19.0,8.0
0,0,No CCA,0,0,90.0,6.0,100.0,22.0,8.0
2,0,Sports,1,1,70.0,7.0,99.0,21.0,8.0
0,0,Clubs,1,1,94.0,5.0,95.0,23.0,8.0
1,0,Clubs,1,1,71.0,6.0,92.0,24.0,8.0
1,0,Arts,0,1,56.0,8.0,90.0,22.0,8.0
2,1,Clubs,1,0,72.0,13.0,97.0,20.0,8.0
1,1,Arts,0,0,46.0,11.0,90.0,24.0,8.0
0,0,Clubs,0,0,64.0,10.0,93.0,27.0,8.0
1,1,Clubs,1,1,83.0,6.0,97.0,17.0,8.0
0,0,Arts,1,0,96.0,9.0,99.0,23.0,8.0
1,1,Clubs,0,0,43.0,6.0,70.0,24.0,6.0
1,0,Clubs,1,0,49.0,7.0,,25.0,8.0
1,0,Clubs,0,0,51.0,8.0,91.0,25.0,8.0
2,1,No CCA,1,1,88.0,9.0,97.0,18.0,8.0
1,1,Sports,0,1,79.0,7.0,91.0,17.0,8.0
2,1,Arts,0,0,58.0,17.0,98.0,16.0,8.0
0,1,Arts,1,1,70.0,14.0,99.0,16.0,8.0
2,1,Arts,1,0,71.0,5.0,95.0,20.0,8.0
1,1,Sports,0,0,79.0,8.0,,21.0,8.0
0,0,No CCA,1,1,94.0,6.0,96.0,23.0,8.0
2,0,Sports,1,1,80.0,9.0,92.0,17.0,8.0
1,1,No CCA,1,1,85.0,10.0,95.0,17.0,8.0
1,1,Sports,0,1,73.0,5.0,96.0,19.0,8.0
2,1,Arts,1,0,76.0,8.0,91.0,14.0,8.0
2,0,Arts,0,0,57.0,14.0,94.0,20.0,8.0
1,0,Clubs,0,1,55.0,14.0,95.0,31.0,8.0
2,0,Sports,1,1,73.0,14.0,99.0,19.0,8.0
1,0,Arts,1,0,51.0,7.0,93.0,30.0,8.0
1,0,Arts,0,1,52.0,6.0,95.0,24.0,8.0
2,1,Clubs,1,1,78.0,9.0,98.0,14.0,8.0
0,1,No CCA,1,0,70.0,16.0,96.0,16.0,8.0
2,0,No CCA,0,0,73.0,13.0,99.0,19.0,8.0
0,0,Arts,0,1,66.0,8.0,90.0,20.0,8.0
1,0,Sports,1,0,52.0,10.0,98.0,30.0,8.0
2,0,Clubs,0,1,73.0,7.0,,21.0,8.0
2,0,No CCA,0,1,67.0,13.0,97.0,19.0,8.0
1,1,Arts,0,1,82.0,8.0,99.0,17.0,8.0
1,0,No CCA,1,0,66.0,13.0,96.0,24.0,8.0
2,0,Clubs,1,1,60.0,8.0,92.0,22.0,8.0
1,0,No CCA,0,1,42.0,2.0,60.0,28.0,6.0
1,0,No CCA,0,1,66.0,8.0,96.0,28.0,8.0
2,0,Sports,1,1,75.0,8.0,97.0,19.0,8.0
1,0,No CCA,0,1,61.0,10.0,95.0,27.0,8.0
1,1,No CCA,0,0,84.0,7.0,98.0,17.0,8.0
0,0,No CCA,1,0,85.0,6.0,98.0,23.0,8.0
0,1,No CCA,1,0,82.0,6.0,90.0,18.0,8.0
1,0,Clubs,1,0,56.0,12.0,99.0,26.0,8.0
2,0,Arts,0,1,51.0,8.0,94.0,18.0,8.0
1,1,Sports,0,1,67.0,11.0,98.0,19.0,8.0
0,1,No CCA,0,1,83.0,9.0,97.0,21.0,8.0
1,1,Clubs,1,1,48.0,8.0,59.0,30.0,5.0
2,0,Clubs,0,1,51.0,6.0,,18.0,8.0
1,0,No CCA,0,0,62.0,16.0,98.0,27.0,8.0
1,0,Sports,0,1,43.0,6.0,54.0,24.0,5.0
1,0,No CCA,1,1,52.0,19.0,94.0,30.0,8.0
2,0,Sports,0,1,74.0,18.0,93.0,19.0,8.0
0,1,No CCA,1,0,77.0,5.0,92.0,15.0,8.0
1,1,Arts,1,1,100.0,9.0,95.0,17.0,8.0
0,0,Arts,1,0,67.0,10.0,94.0,28.0,8.0
2,0,Clubs,0,1,68.0,8.0,99.0,19.0,8.0
1,0,Sports,0,0,52.0,9.0,95.0,29.0,8.0
1,1,No CCA,0,0,55.0,17.0,91.0,25.0,8.0
2,0,Sports,0,1,68.0,5.0,95.0,21.0,8.0
2,0,Sports,0,1,43.0,9.0,90.0,24.0,7.0
0,1,Arts,0,1,76.0,8.0,94.0,19.0,8.0
0,0,Sports,0,0,68.0,8.0,94.0,27.0,8.0
2,0,Clubs,0,1,56.0,18.0,91.0,20.0,8.0
0,0,No CCA,1,1,91.0,6.0,92.0,24.0,8.0
1,0,Sports,1,1,54.0,7.0,95.0,26.0,8.0
1,1,Sports,0,0,47.0,10.0,61.0,29.0,5.0
1,0,Arts,0,0,43.0,3.0,93.0,24.0,8.0
0,0,No CCA,0,1,94.0,7.0,100.0,21.0,8.0
0,0,No CCA,1,0,96.0,5.0,93.0,18.0,8.0
1,0,Arts,0,0,51.0,13.0,91.0,30.0,8.0
0,0,No CCA,1,1,83.0,7.0,100.0,24.0,8.0
2,1,Arts,1,0,72.0,15.0,93.0,20.0,8.0
2,0,Sports,1,0,62.0,15.0,94.0,20.0,8.0
1,0,No CCA,0,1,45.0,11.0,75.0,24.0,7.0
0,0,Clubs,0,0,92.0,10.0,92.0,25.0,8.0
0,0,Sports,0,1,77.0,7.0,97.0,22.0,8.0
1,1,No CCA,1,1,62.0,13.0,97.0,27.0,8.0
1,0,Sports,0,0,59.0,19.0,91.0,27.0,8.0
1,1,Sports,0,1,48.0,2.0,90.0,25.0,7.0
0,0,Arts,1,0,67.0,9.0,98.0,28.0,8.0
1,0,No CCA,0,1,61.0,10.0,99.0,27.0,8.0
1,1,Sports,0,1,75.0,12.0,93.0,17.0,8.0
2,0,Sports,0,1,57.0,15.0,90.0,22.0,8.0
0,0,Sports,1,0,79.0,8.0,,27.0,8.0
1,0,Clubs,0,1,60.0,16.0,100.0,22.0,8.0
0,1,No CCA,0,0,80.0,5.0,96.0,21.0,8.0
0,1,No CCA,1,1,84.0,9.0,90.0,20.0,8.0
1,1,Sports,1,1,67.0,12.0,93.0,27.0,8.0
0,0,Clubs,1,1,67.0,20.0,93.0,20.0,8.0
0,1,Clubs,1,1,83.0,8.0,95.0,18.0,8.0
1,0,Arts,0,0,56.0,14.0,,27.0,8.0
1,1,Sports,1,0,57.0,12.0,97.0,27.0,8.0
1,1,Sports,1,1,95.0,9.0,94.0,17.0,8.0
1,0,Arts,1,0,51.0,12.0,94.0,29.0,8.0
1,0,Arts,1,1,63.0,15.0,99.0,28.0,8.0
0,0,Arts,0,0,59.0,14.0,94.0,22.0,8.0
1,0,Clubs,0,1,56.0,5.0,91.0,27.0,8.0
1,0,Clubs,1,1,59.0,15.0,93.0,28.0,8.0
1,0,No CCA,0,1,61.0,11.0,99.0,27.0,8.0
1,1,No CCA,0,1,85.0,9.0,100.0,22.0,8.0
1,0,No CCA,1,1,63.0,16.0,94.0,28.0,8.0
1,1,Clubs,0,1,78.0,9.0,97.0,21.0,8.0
2,0,Sports,0,1,68.0,7.0,96.0,19.0,8.0
1,0,Sports,1,0,53.0,17.0,97.0,30.0,8.0
1,0,Clubs,1,0,54.0,14.0,94.0,30.0,8.0
2,0,Arts,1,1,74.0,7.0,93.0,23.0,8.0
1,1,Clubs,1,1,58.0,12.0,94.0,27.0,8.0
2,0,Arts,1,0,70.0,12.0,97.0,23.0,8.0
0,0,No CCA,0,1,69.0,17.0,97.0,22.0,8.0
1,0,Arts,0,0,68.0,12.0,99.0,28.0,8.0
1,0,Clubs,0,1,65.0,13.0,97.0,22.0,8.0
1,0,Clubs,0,1,65.0,7.0,91.0,28.0,8.0
0,1,Clubs,1,1,78.0,9.0,94.0,18.0,8.0
2,1,Clubs,0,0,42.0,10.0,60.0,24.0,5.0
1,0,Sports,0,1,40.0,0.0,83.0,28.0,8.0
1,0,Clubs,1,0,46.0,2.0,98.0,30.0,8.0
0,1,Sports,0,1,75.0,18.0,,19.0,8.0
2,0,No CCA,0,1,79.0,5.0,96.0,21.0,8.0
1,0,Sports,0,1,62.0,13.0,,28.0,8.0
1,0,Sports,1,1,76.0,18.0,96.0,25.0,8.0
1,0,Sports,0,1,61.0,17.0,96.0,22.0,8.0
1,1,Sports,0,0,80.0,9.0,93.0,22.0,8.0
1,0,Clubs,1,0,52.0,9.0,,30.0,8.0
0,0,No CCA,1,1,87.0,9.0,94.0,23.0,8.0
1,0,No CCA,0,1,65.0,18.0,92.0,28.0,8.0
1,0,No CCA,1,1,69.0,19.0,92.0,24.0,8.0
0,1,Arts,1,1,85.0,9.0,99.0,16.0,8.0
2,1,No CCA,1,0,68.0,17.0,,20.0,8.0
1,1,No CCA,0,1,66.0,13.0,99.0,21.0,8.0
2,0,Sports,1,1,61.0,9.0,99.0,22.0,8.0
1,0,Clubs,0,1,61.0,7.0,96.0,22.0,8.0
2,0,Clubs,0,1,54.0,12.0,94.0,20.0,8.0
0,0,Sports,1,1,70.0,11.0,96.0,22.0,8.0
0,1,No CCA,1,1,86.0,7.0,96.0,20.0,8.0
0,0,Arts,0,1,93.0,10.0,98.0,25.0,8.0
0,0,No CCA,1,1,91.0,9.0,96.0,19.0,8.0
1,1,Sports,0,0,45.0,1.0,93.0,24.0,8.0
0,0,Clubs,0,1,81.0,10.0,98.0,21.0,8.0
1,1,No CCA,0,1,66.0,15.0,93.0,21.0,8.0
1,0,Clubs,1,0,55.0,17.0,90.0,26.0,8.0
1,1,Sports,1,1,87.0,6.0,97.0,21.0,8.0
1,1,Clubs,0,1,75.0,2.0,93.0,17.0,8.0
2,1,Clubs,1,0,70.0,7.0,96.0,15.0,8.0
1,0,Sports,1,0,48.0,4.0,89.0,30.0,8.0
2,0,Sports,0,1,56.0,15.0,98.0,19.0,8.0
1,1,No CCA,0,1,85.0,8.0,93.0,22.0,8.0
1,0,Arts,0,0,57.0,15.0,98.0,31.0,8.0
1,0,Sports,1,0,56.0,11.0,94.0,26.0,8.0
1,0,Clubs,1,1,61.0,20.0,94.0,28.0,8.0
1,0,Arts,0,0,58.0,7.0,91.0,27.0,8.0
1,1,Arts,0,1,71.0,14.0,99.0,20.0,8.0
2,0,Arts,1,1,78.0,7.0,97.0,17.0,8.0
2,0,Arts,0,0,61.0,16.0,,20.0,8.0
1,0,Sports,1,0,50.0,20.0,62.0,30.0,6.0
1,0,No CCA,0,1,66.0,17.0,92.0,22.0,8.0
0,0,Clubs,1,1,74.0,18.0,96.0,28.0,8.0
1,0,No CCA,0,0,67.0,7.0,100.0,28.0,8.0
2,0,Arts,0,0,39.0,3.0,97.0,22.0,8.0
0,1,Sports,0,1,76.0,12.0,95.0,16.0,8.0
2,0,Arts,0,1,56.0,20.0,95.0,22.0,8.0
1,1,Clubs,0,1,47.0,15.0,100.0,25.0,8.0
0,0,Arts,0,1,92.0,10.0,95.0,22.0,8.0
1,1,Clubs,0,1,72.0,10.0,100.0,21.0,8.0
2,0,Clubs,0,0,56.0,16.0,92.0,19.0,8.0
2,0,Sports,1,1,44.0,7.0,43.0,23.0,4.0
1,0,Clubs,0,0,46.0,3.0,,24.0,7.0
0,1,Clubs,1,0,74.0,10.0,90.0,15.0,7.0
2,0,Sports,0,1,61.0,15.0,90.0,20.0,8.0
1,0,Arts,0,0,57.0,20.0,98.0,28.0,8.0
1,0,Sports,0,1,68.0,19.0,95.0,28.0,8.0
1,1,No CCA,0,1,80.0,10.0,95.0,17.0,8.0
1,1,Sports,0,1,40.0,10.0,,24.0,8.0
0,1,No CCA,1,1,83.0,5.0,,16.0,8.0
0,0,Arts,0,1,75.0,19.0,96.0,21.0,8.0
2,0,Clubs,1,1,77.0,7.0,97.0,17.0,8.0
0,0,No CCA,0,1,71.0,20.0,91.0,23.0,8.0
1,0,Sports,1,1,53.0,7.0,91.0,30.0,8.0
1,0,Sports,1,1,67.0,14.0,91.0,24.0,8.0
0,1,Arts,0,0,67.0,6.0,90.0,16.0,8.0
0,0,Clubs,0,0,66.0,14.0,98.0,20.0,8.0
2,0,Sports,0,1,56.0,6.0,100.0,20.0,8.0
1,1,Clubs,1,1,98.0,6.0,93.0,17.0,8.0
0,0,Sports,0,0,63.0,17.0,93.0,27.0,8.0
0,1,Arts,0,0,79.0,5.0,98.0,20.0,8.0
1,0,Arts,0,0,56.0,14.0,94.0,27.0,8.0
1,0,Sports,1,1,79.0,6.0,93.0,25.0,8.0
0,0,Clubs,0,0,59.0,16.0,96.0,27.0,8.0
0,0,Sports,0,1,75.0,9.0,98.0,23.0,8.0
0,0,No CCA,1,1,68.0,18.0,97.0,27.0,8.0
1,1,No CCA,0,1,71.0,11.0,100.0,19.0,8.0
0,0,No CCA,1,0,67.0,17.0,94.0,28.0,8.0
0,0,No CCA,0,1,91.0,7.0,97.0,21.0,8.0
2,0,No CCA,0,1,62.0,14.0,95.0,20.0,8.0
2,0,Clubs,0,0,55.0,11.0,92.0,20.0,8.0
2,0,Sports,0,1,73.0,14.0,97.0,19.0,8.0
0,0,Arts,1,1,87.0,10.0,92.0,23.0,8.0
1,0,Arts,0,1,70.0,13.0,90.0,28.0,8.0
0,0,Sports,1,1,90.0,7.0,96.0,23.0,8.0
0,0,Sports,0,1,69.0,15.0,100.0,21.0,8.0
0,1,No CCA,1,1,83.0,8.0,91.0,20.0,8.0
0,0,No CCA,0,1,68.0,14.0,94.0,21.0,8.0
2,0,Clubs,0,1,76.0,6.0,93.0,21.0,8.0
0,1,No CCA,1,1,84.0,8.0,92.0,20.0,8.0
2,0,Clubs,0,1,68.0,6.0,96.0,19.0,8.0
1,1,No CCA,0,1,84.0,10.0,97.0,22.0,8.0
1,1,No CCA,1,1,100.0,8.0,94.0,17.0,8.0
1,1,Sports,1,1,80.0,10.0,93.0,17.0,8.0
1,0,Clubs,0,0,46.0,4.0,97.0,25.0,8.0
1,1,Arts,0,1,76.0,14.0,91.0,21.0,8.0
0,0,No CCA,1,1,91.0,8.0,90.0,23.0,8.0
1,0,Clubs,0,1,48.0,13.0,98.0,30.0,8.0
0,0,No CCA,1,1,84.0,9.0,97.0,27.0,8.0
0,0,No CCA,0,1,94.0,10.0,91.0,25.0,8.0
1,1,Arts,0,1,81.0,7.0,95.0,22.0,8.0
2,0,Arts,1,1,59.0,10.0,98.0,22.0,8.0
1,0,Sports,0,0,34.0,10.0,65.0,28.0,6.0
2,0,Clubs,0,0,56.0,9.0,94.0,19.0,8.0
2,1,Clubs,0,1,43.0,10.0,74.0,22.0,7.0
2,0,Sports,0,1,62.0,18.0,94.0,22.0,7.0
0,0,Clubs,0,1,72.0,7.0,93.0,20.0,8.0
2,0,Arts,1,1,83.0,6.0,93.0,17.0,8.0
1,1,Arts,0,1,76.0,6.0,,20.0,8.0
0,1,Clubs,1,1,86.0,9.0,92.0,17.0,8.0
1,1,Arts,1,1,78.0,5.0,93.0,21.0,8.0
0,0,Clubs,0,0,67.0,19.0,98.0,27.0,8.0
1,0,Sports,0,0,43.0,11.0,56.0,28.0,5.0
0,0,No CCA,1,1,91.0,8.0,90.0,24.0,7.0
0,0,Sports,0,1,66.0,13.0,93.0,21.0,8.0
2,0,Clubs,0,1,71.0,5.0,100.0,19.0,8.0
1,0,Sports,0,0,50.0,18.0,99.0,25.0,8.0
2,0,No CCA,1,1,83.0,9.0,99.0,17.0,8.0
1,0,Clubs,0,1,59.0,15.0,92.0,27.0,8.0
1,1,No CCA,1,1,67.0,13.0,97.0,21.0,8.0
1,1,Clubs,0,0,56.0,11.0,99.0,25.0,8.0
0,0,Sports,0,1,88.0,9.0,95.0,22.0,8.0
2,0,Sports,0,1,67.0,16.0,97.0,21.0,8.0
1,1,No CCA,1,1,100.0,8.0,92.0,17.0,8.0
2,0,Sports,1,0,75.0,15.0,94.0,22.0,8.0
0,0,Arts,1,1,90.0,7.0,93.0,19.0,8.0
1,0,Clubs,1,0,53.0,12.0,91.0,30.0,7.0
0,1,Clubs,1,1,67.0,7.0,97.0,16.0,8.0
0,0,No CCA,0,1,72.0,19.0,99.0,27.0,8.0
0,0,Arts,0,1,93.0,9.0,90.0,25.0,8.0
0,1,Sports,0,1,70.0,19.0,99.0,19.0,8.0
2,0,Sports,1,1,56.0,9.0,,18.0,8.0
1,0,Sports,1,1,59.0,19.0,91.0,22.0,8.0
1,0,Sports,0,0,49.0,11.0,66.0,30.0,6.0
0,0,Sports,0,1,67.0,9.0,99.0,21.0,8.0
2,0,Sports,1,0,53.0,19.0,93.0,19.0,8.0
1,0,Arts,1,0,48.0,6.0,95.0,30.0,8.0
2,1,No CCA,1,0,84.0,7.0,97.0,14.0,8.0
0,0,Clubs,0,0,69.0,12.0,95.0,21.0,8.0
2,1,Sports,0,0,60.0,6.0,,16.0,8.0
0,0,Arts,0,0,67.0,13.0,95.0,20.0,8.0
0,0,No CCA,1,0,93.0,9.0,96.0,19.0,8.0
1,1,Clubs,1,1,78.0,7.0,92.0,17.0,8.0
2,0,No CCA,1,1,60.0,15.0,95.0,22.0,8.0
1,0,Clubs,0,1,59.0,13.0,98.0,31.0,8.0
2,0,Arts,0,1,44.0,5.0,65.0,23.0,6.0
2,0,Clubs,1,1,75.0,12.0,93.0,19.0,7.0
1,0,Clubs,0,1,67.0,16.0,95.0,28.0,8.0
0,0,Sports,0,0,56.0,18.0,99.0,27.0,8.0
1,0,Arts,0,0,62.0,10.0,95.0,27.0,8.0
1,0,Sports,1,0,54.0,14.0,99.0,30.0,8.0
2,0,Clubs,1,1,70.0,20.0,94.0,21.0,8.0
0,1,No CCA,1,1,82.0,6.0,90.0,15.0,8.0
0,1,Sports,1,1,81.0,8.0,93.0,17.0,8.0
1,1,Sports,1,1,38.0,3.0,88.0,28.0,7.0
2,1,No CCA,1,0,85.0,10.0,91.0,18.0,8.0
2,0,Arts,0,1,58.0,18.0,99.0,18.0,8.0
2,1,Arts,1,1,77.0,8.0,93.0,14.0,8.0
0,0,No CCA,1,1,85.0,7.0,98.0,23.0,8.0
0,0,No CCA,1,1,77.0,6.0,94.0,28.0,7.0
1,0,Clubs,0,1,69.0,10.0,96.0,28.0,8.0
1,0,Arts,1,0,54.0,19.0,98.0,30.0,8.0
0,0,Sports,1,0,76.0,6.0,100.0,27.0,8.0
2,0,Clubs,1,1,80.0,7.0,93.0,19.0,8.0
0,1,No CCA,0,1,85.0,5.0,100.0,21.0,8.0
0,1,Arts,0,0,75.0,4.0,92.0,20.0,8.0
2,0,Sports,1,0,55.0,7.0,98.0,22.0,8.0
2,0,Arts,0,1,43.0,4.0,91.0,22.0,8.0
0,0,Clubs,0,0,61.0,20.0,98.0,27.0,8.0
0,0,Sports,1,0,74.0,9.0,91.0,28.0,8.0
1,0,Clubs,1,1,56.0,15.0,97.0,27.0,8.0
1,0,Clubs,0,1,68.0,18.0,91.0,28.0,8.0
2,0,Sports,0,0,55.0,18.0,95.0,22.0,8.0
0,1,Sports,0,1,73.0,16.0,97.0,16.0,8.0
0,1,Clubs,1,1,87.0,6.0,90.0,17.0,8.0
1,0,Clubs,1,0,45.0,10.0,59.0,30.0,4.0
0,0,Clubs,1,1,76.0,16.0,94.0,28.0,8.0
2,1,Arts,0,0,49.0,12.0,63.0,24.0,5.0
0,0,No CCA,1,0,65.0,10.0,94.0,21.0,8.0
1,0,Sports,1,0,53.0,16.0,91.0,30.0,8.0
2,0,Clubs,1,0,61.0,9.0,98.0,23.0,8.0
1,0,Arts,0,1,68.0,5.0,100.0,22.0,8.0
1,0,Clubs,0,1,46.0,8.0,86.0,29.0,7.0
0,0,No CCA,1,1,90.0,9.0,97.0,19.0,8.0
1,0,Arts,1,0,52.0,18.0,91.0,30.0,8.0
0,0,Arts,0,0,59.0,14.0,96.0,22.0,8.0
1,1,No CCA,0,0,76.0,15.0,96.0,17.0,8.0
1,0,Arts,0,0,41.0,14.0,99.0,24.0,8.0
2,1,No CCA,1,1,82.0,9.0,91.0,18.0,8.0
0,1,Arts,1,0,74.0,10.0,93.0,15.0,8.0
1,0,No CCA,1,0,76.0,11.0,96.0,25.0,8.0
0,1,No CCA,0,1,76.0,17.0,93.0,20.0,8.0
0,1,Arts,1,0,73.0,19.0,98.0,18.0,8.0
0,0,Arts,0,1,90.0,8.0,91.0,22.0,8.0
1,0,Arts,0,1,67.0,6.0,92.0,22.0,8.0
1,0,No CCA,0,1,64.0,9.0,91.0,22.0,7.0
0,0,Sports,0,1,60.0,9.0,95.0,21.0,8.0
0,0,Sports,1,0,73.0,9.0,95.0,28.0,8.0
1,1,No CCA,0,1,85.0,5.0,91.0,22.0,8.0
1,1,No CCA,1,0,100.0,6.0,97.0,17.0,8.0
0,0,Clubs,1,1,93.0,8.0,,21.0,8.0
0,1,Arts,1,1,87.0,6.0,91.0,17.0,8.0
1,0,Sports,1,1,80.0,6.0,92.0,25.0,8.0
0,1,Arts,0,1,73.0,16.0,93.0,15.0,8.0
0,0,Sports,0,0,71.0,20.0,96.0,27.0,8.0
1,0,Sports,0,0,48.0,10.0,96.0,30.0,8.0
1,0,Arts,0,1,63.0,8.0,99.0,28.0,8.0
0,1,Arts,1,0,73.0,19.0,95.0,18.0,8.0
1,1,Arts,0,0,43.0,13.0,96.0,24.0,8.0
2,0,Arts,0,1,68.0,16.0,99.0,19.0,8.0
2,1,Sports,1,1,74.0,14.0,90.0,14.0,8.0
1,1,Clubs,0,1,55.0,13.0,90.0,25.0,8.0
0,0,Clubs,1,1,79.0,7.0,99.0,27.0,8.0
0,0,Sports,0,1,77.0,7.0,98.0,22.0,8.0
2,0,Sports,0,1,77.0,9.0,95.0,21.0,8.0
1,0,Clubs,1,1,59.0,17.0,91.0,28.0,8.0
1,0,Sports,0,0,51.0,10.0,91.0,31.0,8.0
0,1,No CCA,0,1,75.0,11.0,,20.0,8.0
1,0,Arts,0,0,54.0,19.0,96.0,31.0,8.0
2,0,Arts,0,1,70.0,16.0,90.0,21.0,8.0
1,0,Sports,0,0,46.0,2.0,99.0,30.0,8.0
0,0,No CCA,0,0,70.0,17.0,99.0,27.0,8.0
1,0,Clubs,0,0,60.0,10.0,99.0,27.0,8.0
0,0,Clubs,0,0,60.0,8.0,91.0,21.0,8.0
0,0,Arts,0,1,66.0,12.0,91.0,27.0,7.0
0,0,No CCA,0,0,63.0,18.0,99.0,21.0,8.0
2,1,Clubs,1,1,80.0,7.0,100.0,14.0,8.0
1,0,Sports,1,1,56.0,13.0,98.0,30.0,8.0
1,1,Clubs,0,0,55.0,5.0,92.0,25.0,8.0
1,1,No CCA,0,1,72.0,14.0,97.0,20.0,8.0
1,1,Sports,1,0,45.0,12.0,84.0,30.0,8.0
0,1,No CCA,1,0,81.0,5.0,,15.0,8.0
1,0,Clubs,0,1,52.0,9.0,91.0,24.0,8.0
0,0,No CCA,0,1,94.0,6.0,97.0,21.0,8.0
1,0,No CCA,1,1,65.0,8.0,96.0,24.0,8.0
2,0,Arts,0,1,51.0,18.0,,18.0,8.0
2,0,Clubs,1,1,77.0,8.0,99.0,17.0,8.0
2,1,Clubs,1,1,74.0,6.0,95.0,14.0,8.0
0,0,Sports,0,1,66.0,16.0,94.0,27.0,8.0
0,0,Arts,0,1,69.0,12.0,92.0,21.0,8.0
1,1,Arts,0,1,79.0,6.0,97.0,17.0,8.0
2,1,No CCA,1,0,79.0,9.0,96.0,18.0,8.0
2,1,Sports,1,0,72.0,14.0,90.0,20.0,7.0
2,0,Arts,1,1,74.0,6.0,98.0,21.0,8.0
1,0,Clubs,0,1,67.0,7.0,91.0,28.0,8.0
1,1,Clubs,0,0,56.0,20.0,100.0,25.0,8.0
0,0,Arts,1,0,59.0,12.0,96.0,22.0,8.0
1,1,No CCA,0,0,86.0,8.0,100.0,22.0,8.0
0,0,Arts,0,0,76.0,16.0,98.0,27.0,8.0
2,1,Arts,1,1,83.0,8.0,95.0,18.0,8.0
0,0,Sports,0,1,72.0,20.0,97.0,23.0,8.0
0,0,Arts,1,0,72.0,18.0,98.0,21.0,8.0
0,0,No CCA,0,1,58.0,6.0,94.0,22.0,8.0
0,0,Clubs,1,0,82.0,5.0,98.0,24.0,8.0
1,0,Sports,1,1,60.0,14.0,90.0,28.0,8.0
1,1,No CCA,0,0,41.0,5.0,98.0,28.0,8.0
1,0,Arts,0,0,42.0,6.0,,28.0,6.0
0,1,Clubs,1,1,74.0,17.0,91.0,16.0,7.0
1,0,Clubs,1,0,44.0,7.0,96.0,30.0,8.0
2,0,Sports,0,0,62.0,19.0,98.0,23.0,8.0
0,0,No CCA,1,0,89.0,6.0,91.0,23.0,8.0
1,0,Clubs,0,0,50.0,7.0,66.0,25.0,6.0
1,1,Sports,0,1,77.0,6.0,98.0,17.0,8.0
2,0,Sports,1,1,78.0,8.0,93.0,17.0,8.0
1,0,Sports,0,1,43.0,10.0,53.0,24.0,5.0
0,1,No CCA,0,1,78.0,8.0,92.0,15.0,8.0
0,0,Arts,1,1,70.0,9.0,97.0,22.0,8.0
2,0,Sports,0,1,68.0,8.0,98.0,22.0,8.0
1,0,Arts,0,0,53.0,8.0,96.0,29.0,8.0
1,1,Sports,1,0,82.0,6.0,99.0,17.0,8.0
1,1,Sports,1,0,90.0,7.0,96.0,21.0,8.0
0,0,Clubs,0,1,57.0,9.0,98.0,21.0,8.0
1,1,Clubs,0,1,77.0,8.0,97.0,20.0,8.0
1,0,Arts,0,0,53.0,6.0,97.0,29.0,8.0
1,1,Sports,0,0,45.0,6.0,44.0,25.0,4.0
1,0,No CCA,0,0,60.0,11.0,92.0,27.0,8.0
1,0,Sports,0,1,67.0,17.0,93.0,28.0,8.0
0,0,Sports,0,1,61.0,14.0,93.0,22.0,8.0
1,1,No CCA,1,1,84.0,6.0,90.0,22.0,8.0
1,1,Sports,1,1,100.0,10.0,100.0,17.0,8.0
1,0,Arts,1,0,46.0,11.0,,30.0,4.0
0,0,No CCA,1,0,67.0,11.0,98.0,28.0,8.0
1,0,Sports,1,0,78.0,10.0,99.0,25.0,8.0
2,0,Arts,1,0,45.0,9.0,56.0,24.0,5.0
0,0,No CCA,0,0,87.0,8.0,91.0,22.0,7.0
0,0,No CCA,1,1,70.0,10.0,99.0,22.0,8.0
1,0,Sports,0,0,64.0,7.0,95.0,22.0,8.0
1,1,No CCA,0,1,80.0,7.0,99.0,17.0,8.0
2,0,Arts,1,1,80.0,9.0,90.0,17.0,8.0
1,0,Arts,1,0,78.0,8.0,97.0,25.0,8.0
2,0,No CCA,0,0,55.0,19.0,92.0,22.0,8.0
2,0,No CCA,1,1,60.0,19.0,,22.0,8.0
1,1,Sports,1,0,77.0,8.0,,17.0,8.0
2,1,Clubs,0,0,47.0,14.0,93.0,24.0,8.0
0,0,No CCA,1,0,91.0,8.0,92.0,19.0,8.0
2,0,No CCA,0,1,70.0,8.0,94.0,19.0,8.0
1,1,Sports,1,0,46.0,0.0,99.0,30.0,8.0
1,1,Sports,1,0,56.0,9.0,93.0,27.0,8.0
0,0,No CCA,1,0,67.0,12.0,99.0,20.0,8.0
1,1,No CCA,0,1,88.0,10.0,99.0,17.0,8.0
2,0,Clubs,1,1,68.0,13.0,91.0,19.0,8.0
2,0,No CCA,1,1,55.0,10.0,92.0,20.0,8.0
1,1,Sports,0,1,77.0,6.0,97.0,20.0,8.0
1,0,Arts,0,0,48.0,5.0,,30.0,7.0
1,0,Clubs,1,0,49.0,10.0,92.0,30.0,8.0
1,0,Sports,0,1,52.0,17.0,98.0,24.0,8.0
0,0,No CCA,0,1,91.0,8.0,95.0,21.0,8.0
1,0,Sports,1,0,52.0,17.0,94.0,30.0,8.0
0,0,Arts,1,0,77.0,8.0,97.0,27.0,8.0
1,1,Sports,0,0,80.0,5.0,91.0,17.0,8.0
2,0,No CCA,0,1,72.0,20.0,100.0,19.0,8.0
2,0,Clubs,1,0,71.0,16.0,97.0,23.0,8.0
1,0,Arts,0,0,45.0,9.0,62.0,24.0,5.0
1,0,Clubs,1,0,53.0,12.0,97.0,30.0,8.0
1,0,Clubs,0,0,57.0,20.0,96.0,31.0,8.0
2,0,Clubs,0,1,53.0,6.0,95.0,19.0,8.0
0,0,Sports,0,0,67.0,14.0,94.0,27.0,8.0
1,0,Sports,1,0,67.0,14.0,93.0,24.0,8.0
2,0,Sports,1,0,70.0,16.0,98.0,23.0,8.0
0,0,No CCA,0,0,87.0,10.0,91.0,22.0,8.0
2,1,Sports,1,1,57.0,8.0,91.0,16.0,8.0
0,1,No CCA,1,0,81.0,9.0,,15.0,8.0
0,1,Sports,0,1,79.0,7.0,90.0,20.0,8.0
1,0,Clubs,0,1,61.0,14.0,97.0,27.0,8.0
2,1,Clubs,0,0,40.0,9.0,70.0,23.0,6.0
1,0,Arts,0,1,51.0,12.0,,24.0,8.0
2,0,Sports,0,1,69.0,16.0,93.0,19.0,8.0
0,1,No CCA,1,0,75.0,8.0,93.0,18.0,8.0
1,0,Clubs,0,1,36.0,6.0,61.0,24.0,5.0
2,0,No CCA,1,1,82.0,10.0,95.0,17.0,8.0
0,0,Clubs,0,0,57.0,6.0,93.0,22.0,8.0
2,0,Arts,0,0,40.0,1.0,96.0,22.0,8.0
1,0,Arts,0,0,51.0,7.0,97.0,30.0,8.0
1,1,Sports,1,0,55.0,9.0,90.0,27.0,8.0
2,1,Sports,0,0,62.0,14.0,90.0,16.0,8.0
0,0,No CCA,1,1,91.0,6.0,90.0,23.0,8.0
1,0,Clubs,0,1,71.0,5.0,96.0,28.0,8.0
2,1,Clubs,1,1,76.0,12.0,91.0,18.0,8.0
1,0,Clubs,1,0,52.0,6.0,94.0,30.0,8.0
1,0,Sports,0,1,55.0,6.0,91.0,30.0,7.0
2,0,No CCA,1,1,75.0,9.0,95.0,19.0,8.0
0,0,No CCA,1,1,94.0,8.0,98.0,21.0,8.0
2,0,Clubs,1,0,70.0,6.0,93.0,23.0,8.0
0,0,Arts,0,0,60.0,15.0,98.0,22.0,8.0
1,0,No CCA,1,1,64.0,15.0,96.0,28.0,8.0
0,1,Arts,0,1,69.0,8.0,97.0,16.0,8.0
2,1,Sports,0,0,47.0,13.0,56.0,23.0,5.0
0,0,No CCA,0,0,94.0,8.0,93.0,21.0,8.0
2,0,Clubs,0,1,60.0,6.0,92.0,22.0,8.0
2,0,Arts,1,1,78.0,10.0,95.0,21.0,8.0
1,0,Arts,1,1,53.0,11.0,91.0,30.0,8.0
1,0,Arts,0,1,48.0,2.0,96.0,25.0,8.0
1,0,Arts,1,0,52.0,15.0,99.0,30.0,8.0
2,0,Arts,0,1,72.0,13.0,97.0,19.0,8.0
1,1,No CCA,0,1,75.0,9.0,96.0,17.0,8.0
0,0,Clubs,0,0,60.0,13.0,96.0,21.0,8.0
1,1,No CCA,0,1,74.0,19.0,96.0,20.0,8.0
0,0,Sports,1,1,86.0,7.0,92.0,24.0,8.0
0,1,Sports,0,0,74.0,12.0,92.0,19.0,8.0
1,1,No CCA,1,1,82.0,7.0,93.0,17.0,8.0
1,1,No CCA,0,0,85.0,6.0,91.0,22.0,8.0
1,0,Arts,1,1,70.0,7.0,93.0,24.0,8.0
0,0,Clubs,1,0,79.0,6.0,92.0,24.0,8.0
1,1,Arts,0,1,83.0,8.0,95.0,17.0,8.0
0,1,Clubs,1,1,75.0,5.0,96.0,18.0,8.0
0,0,Arts,0,0,65.0,16.0,95.0,27.0,8.0
0,0,Clubs,0,1,93.0,10.0,,25.0,7.0
0,0,No CCA,0,0,63.0,20.0,94.0,27.0,8.0
0,0,Sports,0,1,61.0,14.0,100.0,22.0,8.0
1,1,No CCA,0,0,79.0,6.0,96.0,17.0,8.0
1,0,Clubs,0,0,53.0,13.0,91.0,24.0,8.0
0,1,Arts,1,1,78.0,7.0,97.0,15.0,8.0
1,0,Clubs,1,1,63.0,8.0,100.0,28.0,8.0
2,0,Clubs,1,1,80.0,8.0,96.0,19.0,8.0
0,0,Arts,0,0,60.0,17.0,94.0,21.0,8.0
1,0,Clubs,0,1,57.0,8.0,98.0,30.0,8.0
1,0,Sports,0,0,49.0,5.0,98.0,30.0,8.0
2,1,Arts,1,0,70.0,11.0,100.0,15.0,8.0
0,0,Clubs,1,0,76.0,8.0,91.0,23.0,8.0
0,0,Clubs,1,1,58.0,11.0,93.0,20.0,8.0
1,0,Clubs,0,1,45.0,5.0,64.0,25.0,5.0
2,0,Clubs,1,0,61.0,18.0,91.0,23.0,8.0
1,0,Clubs,1,1,74.0,16.0,96.0,24.0,8.0
1,1,No CCA,0,1,81.0,9.0,98.0,17.0,8.0
2,0,Arts,1,0,77.0,8.0,97.0,22.0,8.0
0,1,Sports,1,1,77.0,5.0,95.0,18.0,8.0
2,0,Sports,0,1,71.0,11.0,97.0,21.0,8.0
2,0,Arts,0,1,50.0,6.0,95.0,18.0,8.0
1,0,Arts,0,0,50.0,6.0,89.0,25.0,8.0
1,1,Arts,1,0,59.0,10.0,99.0,27.0,8.0
2,1,No CCA,1,1,81.0,9.0,90.0,18.0,8.0
0,0,Clubs,0,1,74.0,9.0,94.0,23.0,8.0
0,0,Sports,0,0,70.0,9.0,95.0,20.0,8.0
2,0,No CCA,1,1,68.0,17.0,95.0,23.0,8.0
0,0,Arts,1,0,57.0,12.0,92.0,20.0,8.0
1,1,Arts,0,1,71.0,16.0,100.0,20.0,8.0
2,0,Clubs,1,1,51.0,10.0,98.0,18.0,8.0
1,1,Sports,0,1,79.0,7.0,92.0,17.0,8.0
2,0,Arts,0,0,54.0,6.0,99.0,20.0,8.0
0,0,Sports,1,0,56.0,7.0,96.0,20.0,8.0
1,0,Arts,1,1,70.0,8.0,94.0,24.0,8.0
1,1,Sports,0,0,80.0,9.0,91.0,17.0,8.0
0,1,Arts,0,1,72.0,16.0,96.0,16.0,8.0
1,0,Arts,1,1,54.0,11.0,94.0,30.0,8.0
1,1,Clubs,0,1,44.0,15.0,94.0,28.0,8.0
0,0,No CCA,1,1,84.0,5.0,97.0,23.0,8.0
0,0,No CCA,0,1,95.0,5.0,90.0,25.0,8.0
0,0,Clubs,0,1,66.0,16.0,92.0,22.0,8.0
1,0,Arts,0,0,48.0,3.0,54.0,25.0,4.0
1,0,No CCA,1,1,55.0,16.0,99.0,30.0,8.0
1,0,Arts,0,0,53.0,7.0,96.0,29.0,8.0
1,0,Arts,1,0,50.0,9.0,57.0,25.0,5.0
1,1,Clubs,0,1,76.0,6.0,91.0,20.0,8.0
1,0,Arts,0,1,59.0,8.0,99.0,28.0,8.0
1,0,Clubs,0,0,50.0,9.0,93.0,30.0,8.0
1,0,Sports,1,0,47.0,10.0,68.0,30.0,6.0
0,0,Sports,0,1,69.0,7.0,98.0,22.0,8.0
0,1,Arts,1,0,77.0,6.0,99.0,15.0,8.0
2,1,Arts,0,0,58.0,15.0,96.0,16.0,8.0
1,0,Sports,0,1,65.0,8.0,100.0,22.0,8.0
2,0,Arts,1,1,73.0,7.0,97.0,19.0,8.0
1,0,Arts,1,0,53.0,9.0,90.0,30.0,8.0
0,0,Clubs,1,1,80.0,6.0,92.0,24.0,8.0
2,1,No CCA,1,1,86.0,8.0,96.0,18.0,8.0
1,0,Sports,0,1,64.0,8.0,91.0,27.0,8.0
1,0,Clubs,0,1,58.0,12.0,95.0,28.0,8.0
1,0,Clubs,0,0,51.0,16.0,90.0,30.0,8.0
1,1,Arts,0,1,46.0,12.0,91.0,30.0,8.0
1,1,Clubs,0,0,53.0,15.0,94.0,25.0,8.0
1,0,Arts,0,1,43.0,15.0,94.0,24.0,8.0
1,0,No CCA,1,1,79.0,8.0,100.0,25.0,8.0
1,0,Clubs,0,1,74.0,7.0,94.0,28.0,8.0
1,0,Clubs,1,1,64.0,12.0,95.0,28.0,8.0
2,0,No CCA,0,1,66.0,17.0,94.0,23.0,8.0
0,0,Arts,0,1,76.0,6.0,97.0,23.0,8.0
0,0,Arts,0,1,63.0,14.0,93.0,27.0,8.0
0,1,Sports,1,0,77.0,10.0,99.0,18.0,8.0
2,0,No CCA,1,1,55.0,9.0,98.0,22.0,8.0
2,0,Arts,0,1,71.0,18.0,93.0,19.0,8.0
1,0,Clubs,1,0,56.0,11.0,99.0,26.0,8.0
1,0,Arts,0,1,70.0,10.0,90.0,28.0,7.0
1,0,Sports,0,1,64.0,6.0,91.0,27.0,8.0
0,0,No CCA,1,0,82.0,7.0,94.0,27.0,8.0
1,0,Sports,1,1,54.0,11.0,94.0,30.0,8.0
0,0,Arts,1,1,80.0,7.0,97.0,24.0,8.0
0,1,Clubs,0,0,75.0,6.0,92.0,20.0,8.0
1,1,No CCA,1,1,90.0,9.0,97.0,21.0,8.0
0,1,Arts,1,0,88.0,7.0,94.0,17.0,8.0
1,1,No CCA,0,1,87.0,6.0,99.0,22.0,8.0
1,0,Sports,0,1,55.0,12.0,,22.0,8.0
0,0,Arts,0,1,73.0,10.0,96.0,23.0,8.0
1,1,Sports,1,0,98.0,6.0,99.0,17.0,8.0
2,1,Sports,0,0,60.0,7.0,97.0,16.0,8.0
2,0,Clubs,1,1,77.0,10.0,95.0,17.0,8.0
1,0,Arts,0,1,51.0,8.0,98.0,25.0,8.0
2,0,Sports,0,0,56.0,8.0,91.0,20.0,8.0
1,0,No CCA,0,1,68.0,20.0,93.0,28.0,8.0
0,0,Arts,1,0,67.0,15.0,91.0,28.0,8.0
2,0,Sports,0,1,68.0,6.0,95.0,19.0,8.0
0,0,Sports,1,0,91.0,8.0,99.0,19.0,8.0
1,0,Arts,0,1,58.0,17.0,96.0,24.0,8.0
1,0,Clubs,1,1,67.0,14.0,97.0,24.0,8.0
1,0,Clubs,0,0,40.0,7.0,65.0,28.0,5.0
2,0,Arts,0,1,71.0,11.0,96.0,21.0,8.0
1,0,Sports,0,0,51.0,8.0,,25.0,8.0
1,0,No CCA,1,1,77.0,8.0,93.0,25.0,8.0
1,1,No CCA,1,1,89.0,8.0,96.0,21.0,8.0
2,0,Clubs,1,0,72.0,11.0,98.0,17.0,8.0
2,0,Arts,1,0,63.0,6.0,94.0,23.0,7.0
0,0,No CCA,0,0,63.0,11.0,98.0,27.0,8.0
0,1,No CCA,1,0,89.0,9.0,96.0,16.0,8.0
0,1,No CCA,1,1,79.0,5.0,91.0,18.0,8.0
0,0,No CCA,0,1,89.0,8.0,92.0,21.0,8.0
0,0,Sports,0,0,62.0,16.0,91.0,21.0,8.0
2,0,Clubs,0,1,64.0,16.0,98.0,20.0,8.0
2,0,Sports,0,1,74.0,16.0,97.0,21.0,8.0
1,0,Sports,1,1,72.0,7.0,93.0,24.0,8.0
0,0,Arts,0,1,72.0,17.0,97.0,21.0,8.0
0,0,Sports,0,0,71.0,9.0,100.0,22.0,8.0
2,0,Arts,0,0,40.0,5.0,59.0,23.0,5.0
1,1,Arts,1,1,56.0,20.0,98.0,25.0,8.0
2,0,No CCA,1,1,81.0,7.0,97.0,17.0,8.0
1,1,No CCA,0,1,83.0,8.0,98.0,17.0,8.0
2,0,Clubs,0,1,72.0,20.0,96.0,19.0,8.0
0,0,Clubs,0,0,69.0,14.0,99.0,27.0,8.0
2,0,Arts,0,1,53.0,15.0,100.0,20.0,8.0
1,0,No CCA,0,0,50.0,15.0,76.0,25.0,6.0
1,0,Sports,1,1,71.0,11.0,97.0,22.0,8.0
0,1,Sports,0,1,72.0,6.0,90.0,16.0,8.0
1,0,No CCA,0,1,64.0,19.0,97.0,27.0,8.0
2,0,Arts,1,1,80.0,7.0,97.0,19.0,8.0
1,1,No CCA,1,1,100.0,8.0,97.0,17.0,8.0
1,1,No CCA,0,1,75.0,10.0,91.0,17.0,8.0
1,0,No CCA,1,1,70.0,20.0,96.0,24.0,8.0
1,1,Clubs,1,0,49.0,2.0,57.0,30.0,5.0
0,0,No CCA,1,1,85.0,7.0,96.0,18.0,8.0
1,1,Arts,0,1,78.0,5.0,97.0,17.0,8.0
1,1,Clubs,0,1,76.0,15.0,98.0,20.0,8.0
2,0,Clubs,0,1,60.0,8.0,92.0,22.0,8.0
0,0,Clubs,0,1,67.0,10.0,96.0,22.0,8.0
0,0,Sports,0,1,71.0,15.0,96.0,23.0,8.0
0,0,No CCA,1,1,86.0,9.0,99.0,23.0,8.0
0,1,Clubs,0,1,78.0,6.0,97.0,20.0,8.0
2,1,No CCA,0,0,43.0,2.0,91.0,24.0,8.0
0,1,Arts,1,1,78.0,6.0,95.0,20.0,8.0
2,0,Sports,0,1,63.0,6.0,91.0,18.0,8.0
1,0,No CCA,0,1,59.0,10.0,91.0,28.0,8.0
0,0,Clubs,0,1,91.0,5.0,94.0,21.0,8.0
1,1,No CCA,0,1,88.0,8.0,95.0,22.0,8.0
0,0,Sports,1,1,83.0,9.0,99.0,24.0,8.0
2,0,Clubs,1,1,59.0,16.0,93.0,22.0,8.0
0,0,No CCA,1,1,83.0,10.0,,24.0,8.0
1,0,Sports,0,0,52.0,16.0,93.0,29.0,8.0
1,1,Clubs,1,0,52.0,14.0,97.0,27.0,8.0
2,0,Clubs,0,0,42.0,13.0,,22.0,8.0
2,1,Sports,1,1,81.0,8.0,100.0,18.0,8.0
2,0,No CCA,1,1,79.0,7.0,98.0,17.0,8.0
2,0,Clubs,0,1,44.0,6.0,51.0,24.0,5.0
0,0,Sports,1,1,72.0,19.0,99.0,22.0,8.0
0,0,Sports,1,1,94.0,9.0,99.0,23.0,8.0
1,1,Clubs,1,1,73.0,15.0,91.0,20.0,8.0
1,1,Arts,1,0,49.0,13.0,84.0,30.0,7.0
2,0,Clubs,1,1,55.0,17.0,99.0,22.0,8.0
2,0,Sports,1,1,42.0,13.0,91.0,22.0,8.0
1,1,Clubs,1,0,38.0,13.0,66.0,28.0,6.0
0,0,No CCA,0,1,83.0,8.0,99.0,23.0,8.0
2,1,Clubs,1,1,65.0,7.0,93.0,16.0,8.0
0,1,Sports,0,0,84.0,10.0,95.0,21.0,8.0
0,0,No CCA,1,1,84.0,7.0,93.0,23.0,8.0
1,0,Clubs,0,1,62.0,14.0,92.0,25.0,8.0
1,1,No CCA,0,0,85.0,7.0,95.0,22.0,8.0
0,1,Arts,1,1,81.0,9.0,94.0,17.0,8.0
2,0,Arts,0,1,50.0,20.0,95.0,22.0,8.0
2,1,No CCA,1,0,67.0,15.0,97.0,20.0,8.0
1,0,Sports,1,0,61.0,14.0,98.0,26.0,8.0
2,1,No CCA,1,1,78.0,7.0,94.0,14.0,8.0
0,0,Arts,0,0,63.0,17.0,93.0,27.0,8.0
0,1,No CCA,0,1,78.0,8.0,90.0,15.0,8.0
1,0,Clubs,0,0,47.0,4.0,68.0,25.0,6.0
2,0,No CCA,0,1,55.0,9.0,97.0,20.0,8.0
0,1,No CCA,0,1,76.0,7.0,93.0,16.0,8.0
0,0,No CCA,0,1,81.0,9.0,91.0,21.0,8.0
0,1,Clubs,0,1,75.0,12.0,100.0,20.0,8.0
1,0,Sports,0,0,50.0,17.0,59.0,29.0,5.0
2,0,Arts,1,0,72.0,17.0,98.0,17.0,8.0
2,0,Arts,1,1,59.0,11.0,97.0,22.0,8.0
0,0,Clubs,0,0,51.0,5.0,97.0,21.0,8.0
1,1,Clubs,0,0,48.0,9.0,53.0,25.0,4.0
0,0,Arts,0,0,93.0,8.0,,25.0,8.0
1,1,No CCA,0,1,81.0,6.0,94.0,17.0,8.0
1,1,Arts,0,0,47.0,7.0,85.0,25.0,7.0
2,0,No CCA,1,1,83.0,7.0,99.0,17.0,8.0
1,0,Sports,1,0,50.0,7.0,96.0,26.0,8.0
1,0,Clubs,0,1,50.0,10.0,100.0,25.0,8.0
2,0,Sports,0,0,59.0,14.0,91.0,20.0,8.0
0,0,Clubs,1,0,63.0,15.0,91.0,27.0,7.0
2,1,Arts,1,0,56.0,8.0,97.0,16.0,8.0
1,0,Arts,1,1,73.0,7.0,93.0,24.0,8.0
0,0,No CCA,0,1,71.0,10.0,91.0,20.0,8.0
0,0,Arts,0,1,62.0,13.0,99.0,27.0,8.0
2,0,Clubs,1,1,54.0,5.0,96.0,20.0,8.0
0,0,Arts,1,0,79.0,8.0,93.0,28.0,8.0
0,0,Arts,1,1,90.0,5.0,91.0,23.0,8.0
1,0,Arts,1,1,63.0,10.0,92.0,28.0,8.0
2,0,Arts,1,0,70.0,15.0,97.0,22.0,8.0
1,0,Arts,0,0,51.0,17.0,,30.0,8.0
1,0,Arts,0,0,53.0,20.0,96.0,25.0,8.0
0,0,No CCA,0,1,94.0,5.0,95.0,25.0,8.0
2,0,Arts,0,0,56.0,7.0,94.0,22.0,8.0
1,0,Sports,0,1,60.0,20.0,97.0,22.0,8.0
1,0,Clubs,1,1,79.0,6.0,90.0,25.0,8.0
1,1,Sports,0,0,43.0,11.0,99.0,24.0,8.0
1,0,Arts,0,1,70.0,7.0,94.0,28.0,8.0
2,1,No CCA,1,0,85.0,8.0,91.0,18.0,8.0
1,0,Sports,0,1,48.0,2.0,72.0,24.0,6.0
0,0,Sports,0,0,67.0,18.0,97.0,27.0,8.0
0,0,Clubs,1,1,65.0,13.0,96.0,27.0,8.0
0,0,Sports,0,0,58.0,7.0,95.0,27.0,8.0
1,0,Sports,0,1,61.0,19.0,97.0,27.0,8.0
0,1,Clubs,1,0,80.0,7.0,90.0,18.0,8.0
2,0,Arts,0,1,53.0,14.0,91.0,19.0,8.0
0,0,No CCA,1,1,93.0,6.0,,19.0,8.0
1,0,Clubs,1,1,71.0,11.0,92.0,25.0,8.0
0,0,Clubs,1,1,74.0,8.0,100.0,28.0,8.0
0,0,Clubs,0,1,66.0,8.0,95.0,27.0,8.0
1,0,Clubs,1,1,69.0,15.0,97.0,24.0,8.0
2,0,Sports,0,0,43.0,13.0,45.0,22.0,4.0
1,1,No CCA,0,1,81.0,6.0,99.0,17.0,8.0
1,0,No CCA,1,0,58.0,14.0,100.0,26.0,8.0
1,0,Clubs,0,1,60.0,18.0,91.0,22.0,8.0
0,0,Sports,1,0,78.0,9.0,98.0,27.0,8.0
0,0,Sports,1,1,91.0,6.0,91.0,23.0,8.0
1,0,No CCA,0,1,61.0,9.0,100.0,22.0,8.0
0,0,Arts,0,1,66.0,14.0,96.0,27.0,8.0
2,0,Arts,0,0,43.0,5.0,45.0,24.0,4.0
1,0,Sports,0,0,48.0,6.0,90.0,30.0,7.0
0,0,Clubs,1,1,91.0,7.0,98.0,18.0,8.0
1,0,Clubs,0,1,58.0,10.0,94.0,27.0,8.0
0,1,Sports,1,1,82.0,10.0,93.0,17.0,8.0
1,1,Arts,0,1,56.0,6.0,,25.0,8.0
0,0,No CCA,0,0,62.0,14.0,97.0,27.0,8.0
1,0,No CCA,1,0,78.0,6.0,94.0,25.0,8.0
0,0,Clubs,0,0,60.0,5.0,90.0,22.0,8.0
1,0,Clubs,0,1,71.0,16.0,96.0,28.0,8.0
0,1,No CCA,1,1,83.0,9.0,95.0,17.0,8.0
2,1,Clubs,1,0,67.0,20.0,,20.0,8.0
1,0,Clubs,1,1,61.0,15.0,100.0,28.0,8.0
1,0,Sports,1,1,81.0,10.0,99.0,25.0,8.0
1,1,No CCA,1,1,84.0,6.0,98.0,17.0,8.0
0,0,Arts,0,1,65.0,15.0,98.0,27.0,8.0
0,1,Arts,1,0,78.0,7.0,94.0,20.0,8.0
0,1,Arts,1,0,77.0,6.0,100.0,15.0,8.0
1,1,Sports,1,0,89.0,9.0,97.0,21.0,8.0
0,0,Arts,0,1,65.0,6.0,95.0,27.0,8.0
2,0,Clubs,0,1,67.0,13.0,95.0,23.0,8.0
1,0,Arts,0,1,64.0,15.0,,27.0,7.0
0,0,No CCA,1,1,93.0,6.0,94.0,19.0,8.0
0,0,No CCA,0,0,62.0,8.0,94.0,21.0,8.0
1,1,Clubs,1,1,72.0,11.0,94.0,19.0,8.0
2,0,Arts,0,1,65.0,12.0,100.0,19.0,8.0
1,0,No CCA,0,1,74.0,9.0,92.0,28.0,8.0
0,0,Arts,0,1,72.0,10.0,98.0,23.0,8.0
0,1,Sports,1,1,77.0,7.0,98.0,18.0,8.0
1,1,No CCA,1,1,100.0,10.0,100.0,17.0,8.0
1,0,Arts,1,0,73.0,13.0,97.0,25.0,8.0
0,0,No CCA,1,0,92.0,9.0,98.0,23.0,8.0
1,1,Clubs,0,0,48.0,3.0,91.0,25.0,8.0
1,0,Arts,1,0,60.0,19.0,92.0,26.0,8.0
2,0,No CCA,1,1,59.0,17.0,100.0,22.0,8.0
0,0,Sports,0,0,58.0,17.0,92.0,22.0,8.0
0,1,Clubs,0,1,73.0,6.0,90.0,20.0,8.0
2,0,Arts,1,0,43.0,14.0,91.0,24.0,7.0
2,0,Arts,0,1,56.0,5.0,91.0,18.0,8.0
1,1,Clubs,1,1,44.0,12.0,71.0,30.0,7.0
0,1,Clubs,0,0,72.0,6.0,100.0,19.0,8.0
1,0,Clubs,0,1,61.0,20.0,100.0,22.0,8.0
2,0,Clubs,1,1,80.0,8.0,100.0,17.0,8.0
1,1,Arts,0,0,40.0,15.0,68.0,28.0,6.0
0,0,No CCA,1,1,87.0,5.0,93.0,23.0,8.0
0,0,No CCA,1,1,75.0,14.0,91.0,28.0,8.0
1,0,Sports,0,0,51.0,6.0,,31.0,8.0
2,0,Clubs,0,0,62.0,20.0,96.0,20.0,8.0
0,0,Sports,0,1,68.0,8.0,91.0,27.0,8.0
2,0,Clubs,1,1,48.0,8.0,72.0,19.0,6.0
2,1,No CCA,1,0,83.0,6.0,90.0,18.0,8.0
0,0,Sports,1,1,91.0,5.0,97.0,23.0,8.0
0,0,Clubs,1,0,76.0,12.0,97.0,28.0,8.0
0,0,Arts,1,1,83.0,7.0,92.0,27.0,8.0
0,1,No CCA,1,0,84.0,7.0,93.0,20.0,8.0
1,0,Clubs,0,1,55.0,11.0,98.0,31.0,8.0
2,0,Sports,0,0,59.0,15.0,96.0,20.0,8.0
2,1,Clubs,1,0,79.0,7.0,91.0,14.0,8.0
0,0,No CCA,0,0,95.0,9.0,94.0,25.0,8.0
1,0,Arts,0,0,51.0,12.0,91.0,31.0,8.0
2,0,Clubs,0,1,69.0,12.0,96.0,23.0,8.0
1,0,Sports,0,0,49.0,0.0,74.0,30.0,7.0
2,0,Clubs,1,1,69.0,9.0,98.0,23.0,8.0
0,0,Clubs,1,1,85.0,8.0,96.0,18.0,8.0
1,1,Clubs,0,1,79.0,7.0,96.0,17.0,8.0
2,0,Clubs,1,1,68.0,18.0,91.0,23.0,8.0
1,0,No CCA,0,1,67.0,17.0,98.0,28.0,8.0
1,0,Clubs,0,1,47.0,8.0,94.0,24.0,8.0
0,0,Arts,0,1,71.0,17.0,97.0,20.0,8.0
2,0,Sports,0,1,76.0,9.0,94.0,21.0,8.0
2,1,Sports,1,0,73.0,11.0,99.0,20.0,8.0
0,1,Clubs,0,0,78.0,6.0,99.0,21.0,8.0
2,0,Arts,0,1,60.0,20.0,92.0,22.0,7.0
2,0,Arts,0,1,74.0,17.0,94.0,21.0,8.0
0,1,No CCA,0,0,75.0,6.0,93.0,19.0,8.0
1,0,Arts,0,1,69.0,14.0,,28.0,7.0
1,0,Arts,0,0,43.0,2.0,77.0,24.0,7.0
1,0,Clubs,1,1,50.0,7.0,92.0,30.0,8.0
1,1,No CCA,1,1,100.0,5.0,,17.0,8.0
1,1,No CCA,0,1,75.0,6.0,96.0,17.0,8.0
2,1,Sports,1,0,72.0,14.0,100.0,20.0,8.0
0,0,No CCA,0,0,77.0,6.0,98.0,21.0,8.0
0,0,No CCA,1,1,91.0,7.0,90.0,18.0,8.0
1,0,Sports,0,0,63.0,15.0,92.0,27.0,8.0
0,0,No CCA,1,1,88.0,6.0,100.0,23.0,8.0
1,0,Clubs,0,1,63.0,16.0,99.0,28.0,8.0
1,0,Arts,1,1,47.0,4.0,90.0,25.0,8.0
2,0,Arts,0,0,56.0,17.0,98.0,19.0,8.0
1,0,Sports,0,0,50.0,10.0,73.0,25.0,6.0
0,0,Clubs,1,1,95.0,8.0,91.0,22.0,8.0
1,0,Arts,1,1,81.0,6.0,96.0,25.0,8.0
1,1,Arts,0,1,82.0,10.0,99.0,21.0,8.0
1,0,Arts,0,0,50.0,6.0,84.0,29.0,7.0
2,0,Arts,0,1,43.0,5.0,41.0,23.0,4.0
2,0,Clubs,0,1,70.0,8.0,95.0,19.0,8.0
0,0,Clubs,0,0,63.0,5.0,99.0,21.0,8.0
0,0,No CCA,0,0,60.0,11.0,95.0,27.0,8.0
1,0,Sports,0,0,40.0,7.0,92.0,24.0,8.0
1,0,Clubs,1,1,60.0,19.0,93.0,28.0,8.0
2,0,Clubs,0,1,67.0,17.0,,21.0,8.0
1,0,Sports,0,0,48.0,7.0,94.0,25.0,8.0
1,1,Arts,0,1,70.0,9.0,99.0,21.0,8.0
0,1,Clubs,0,0,79.0,10.0,100.0,20.0,8.0
0,1,No CCA,1,1,86.0,6.0,98.0,17.0,8.0
1,1,Arts,1,1,79.0,5.0,90.0,20.0,8.0
1,0,Sports,0,0,56.0,16.0,96.0,27.0,8.0
0,0,No CCA,1,1,83.0,9.0,93.0,24.0,8.0
1,1,Clubs,0,0,56.0,14.0,91.0,25.0,8.0
0,1,Sports,0,0,77.0,6.0,98.0,19.0,8.0
1,0,Clubs,0,1,68.0,18.0,97.0,28.0,8.0
0,0,No CCA,1,0,81.0,5.0,95.0,24.0,8.0
2,0,Sports,1,0,69.0,7.0,98.0,22.0,8.0
0,0,No CCA,0,1,93.0,5.0,96.0,25.0,8.0
0,0,No CCA,1,0,87.0,5.0,96.0,23.0,8.0
1,0,Arts,1,0,60.0,13.0,98.0,26.0,8.0
2,0,Arts,1,0,78.0,7.0,98.0,17.0,8.0
1,0,Arts,1,0,52.0,16.0,98.0,30.0,8.0
0,1,No CCA,1,0,83.0,7.0,91.0,17.0,7.0
1,1,Arts,0,1,81.0,10.0,93.0,17.0,8.0
0,0,Arts,0,0,95.0,9.0,100.0,21.0,8.0
1,0,Arts,0,0,48.0,6.0,92.0,24.0,8.0
2,0,Clubs,0,1,72.0,9.0,100.0,21.0,8.0
0,0,No CCA,1,1,91.0,9.0,98.0,19.0,8.0
1,0,Clubs,0,0,54.0,17.0,96.0,30.0,8.0
1,0,Clubs,1,0,48.0,2.0,95.0,30.0,8.0
2,0,Sports,1,0,68.0,19.0,91.0,23.0,8.0
1,0,Clubs,0,1,54.0,10.0,98.0,24.0,8.0
1,0,Sports,0,1,61.0,19.0,97.0,24.0,8.0
1,1,Sports,0,0,48.0,5.0,93.0,25.0,8.0
0,0,No CCA,1,0,91.0,8.0,92.0,19.0,7.0
1,1,Arts,1,1,95.0,7.0,,21.0,8.0
0,1,Sports,1,0,73.0,18.0,94.0,16.0,8.0
1,1,Sports,1,1,57.0,14.0,99.0,27.0,8.0
0,0,Clubs,0,1,75.0,11.0,92.0,22.0,8.0
0,1,Sports,0,0,69.0,17.0,91.0,19.0,8.0
2,0,Sports,0,1,56.0,7.0,96.0,22.0,8.0
2,0,Sports,1,0,43.0,8.0,74.0,23.0,7.0
2,0,Arts,0,1,57.0,14.0,98.0,22.0,8.0
0,0,Arts,1,1,80.0,7.0,95.0,24.0,8.0
0,0,Clubs,0,0,74.0,11.0,98.0,20.0,8.0
1,0,Arts,0,0,55.0,17.0,97.0,31.0,8.0
2,1,No CCA,0,0,60.0,11.0,,16.0,8.0
2,0,Clubs,0,0,41.0,7.0,90.0,23.0,8.0
2,1,Clubs,1,0,72.0,16.0,92.0,20.0,8.0
1,0,No CCA,0,0,58.0,17.0,96.0,31.0,8.0
0,0,Sports,0,1,70.0,8.0,92.0,22.0,8.0
0,0,Arts,0,1,74.0,11.0,96.0,23.0,8.0
0,0,No CCA,0,0,68.0,14.0,100.0,27.0,8.0
1,0,No CCA,1,1,58.0,5.0,98.0,26.0,8.0
2,0,No CCA,0,1,45.0,14.0,75.0,24.0,7.0
1,0,No CCA,0,1,67.0,10.0,95.0,28.0,8.0
1,0,Arts,0,0,51.0,5.0,98.0,25.0,8.0
1,0,Clubs,0,1,68.0,18.0,99.0,22.0,8.0
0,0,Clubs,0,1,67.0,7.0,92.0,22.0,8.0
2,0,Clubs,0,1,76.0,8.0,91.0,21.0,8.0
2,1,Sports,0,0,56.0,19.0,95.0,16.0,8.0
0,1,Clubs,0,0,79.0,6.0,100.0,20.0,8.0
1,0,Sports,0,1,59.0,6.0,97.0,22.0,8.0
0,1,Sports,1,1,81.0,8.0,93.0,17.0,7.0
1,0,Clubs,0,1,62.0,11.0,95.0,28.0,8.0
0,0,No CCA,1,1,94.0,9.0,94.0,23.0,8.0
2,0,Sports,0,1,58.0,14.0,94.0,18.0,8.0
0,0,No CCA,0,1,94.0,8.0,96.0,21.0,8.0
0,0,Clubs,0,0,78.0,8.0,98.0,22.0,8.0
0,0,Clubs,0,0,61.0,17.0,95.0,27.0,8.0
2,0,Sports,0,1,65.0,14.0,96.0,23.0,8.0
1,0,Arts,1,0,53.0,16.0,92.0,30.0,8.0
2,1,No CCA,1,1,79.0,6.0,91.0,14.0,8.0
1,0,Clubs,1,0,34.0,11.0,,28.0,5.0
1,0,Arts,0,1,68.0,10.0,98.0,28.0,8.0
2,0,Sports,1,0,70.0,13.0,92.0,23.0,8.0
1,1,No CCA,0,1,74.0,6.0,91.0,21.0,8.0
2,1,No CCA,1,1,82.0,5.0,99.0,18.0,8.0
0,0,Clubs,0,1,69.0,11.0,94.0,22.0,8.0
0,0,Clubs,0,0,62.0,17.0,,27.0,8.0
0,0,Sports,0,0,58.0,16.0,,27.0,8.0
1,1,No CCA,1,1,82.0,8.0,90.0,17.0,8.0
0,1,Sports,0,1,75.0,9.0,97.0,16.0,8.0
0,1,Clubs,0,1,79.0,5.0,94.0,20.0,8.0
1,1,Arts,0,1,79.0,5.0,98.0,17.0,8.0
1,0,Clubs,1,1,78.0,6.0,98.0,25.0,8.0
0,0,Sports,1,0,79.0,10.0,100.0,27.0,8.0
1,1,Sports,1,0,42.0,3.0,91.0,28.0,8.0
1,1,No CCA,0,0,79.0,10.0,98.0,17.0,8.0
1,0,Arts,1,0,53.0,20.0,91.0,30.0,8.0
1,0,Arts,0,1,59.0,17.0,98.0,24.0,8.0
1,0,Arts,0,1,53.0,16.0,99.0,30.0,8.0
1,1,Sports,0,0,48.0,0.0,61.0,24.0,6.0
1,0,Arts,1,1,58.0,11.0,100.0,28.0,8.0
1,0,Clubs,0,1,57.0,12.0,96.0,27.0,8.0
1,1,No CCA,0,1,69.0,8.0,96.0,21.0,8.0
2,0,No CCA,1,0,63.0,8.0,,23.0,8.0
2,0,Sports,0,1,69.0,6.0,97.0,19.0,8.0
1,0,Sports,0,1,60.0,10.0,94.0,27.0,8.0
1,1,No CCA,0,1,76.0,5.0,92.0,17.0,8.0
1,0,Clubs,1,0,61.0,6.0,99.0,26.0,8.0
0,0,Sports,0,0,69.0,13.0,95.0,21.0,8.0
1,0,Arts,1,0,52.0,19.0,99.0,30.0,8.0
2,1,Sports,0,0,40.0,4.0,93.0,22.0,8.0
1,0,Sports,0,0,54.0,11.0,,25.0,8.0
1,0,Arts,0,0,50.0,19.0,76.0,30.0,7.0
0,0,Sports,1,0,79.0,6.0,91.0,27.0,8.0
2,1,Sports,1,1,80.0,6.0,98.0,18.0,8.0
2,0,Arts,0,1,55.0,8.0,92.0,18.0,8.0
0,0,No CCA,1,1,93.0,6.0,,19.0,8.0
1,0,No CCA,0,1,59.0,5.0,99.0,27.0,8.0
0,1,Clubs,0,1,79.0,9.0,98.0,20.0,8.0
2,0,Sports,0,0,76.0,13.0,96.0,21.0,8.0
0,0,No CCA,0,0,94.0,5.0,93.0,21.0,8.0
2,0,Sports,1,0,79.0,9.0,95.0,17.0,8.0
0,0,Clubs,1,1,83.0,8.0,96.0,27.0,8.0
1,0,Sports,0,1,50.0,16.0,93.0,30.0,8.0
2,0,No CCA,0,1,73.0,8.0,91.0,19.0,8.0
1,0,Arts,1,0,49.0,11.0,99.0,30.0,8.0
0,0,Arts,0,1,62.0,8.0,90.0,27.0,8.0
0,0,Sports,1,0,77.0,9.0,,27.0,8.0
1,1,Arts,0,0,81.0,9.0,91.0,17.0,8.0
0,0,Sports,1,1,55.0,18.0,94.0,21.0,8.0
1,0,Sports,0,0,47.0,13.0,78.0,30.0,7.0
2,0,Clubs,0,1,39.0,9.0,91.0,22.0,8.0
1,1,Clubs,0,0,49.0,4.0,99.0,25.0,8.0
0,0,No CCA,1,0,79.0,9.0,96.0,27.0,8.0
1,0,No CCA,0,1,63.0,11.0,99.0,28.0,8.0
2,1,Arts,1,0,67.0,8.0,92.0,20.0,8.0
1,0,Clubs,1,0,50.0,18.0,85.0,26.0,7.0
2,0,No CCA,1,0,68.0,11.0,93.0,23.0,8.0
0,0,Arts,0,1,67.0,8.0,96.0,21.0,8.0
0,0,Sports,1,1,83.0,6.0,98.0,27.0,8.0
2,1,Arts,1,1,76.0,14.0,,14.0,8.0
1,0,Arts,1,1,45.0,8.0,97.0,30.0,8.0
1,1,No CCA,0,1,86.0,9.0,97.0,17.0,8.0
1,0,Sports,0,0,49.0,5.0,95.0,29.0,8.0
1,0,Arts,0,0,58.0,16.0,91.0,31.0,8.0
2,1,Arts,0,0,44.0,14.0,67.0,23.0,7.0
2,0,Sports,0,1,65.0,14.0,95.0,19.0,8.0
0,0,Clubs,0,1,72.0,7.0,99.0,23.0,8.0
1,0,Sports,1,1,60.0,10.0,98.0,28.0,8.0
2,0,Clubs,0,1,67.0,10.0,94.0,23.0,8.0
1,0,Arts,0,0,49.0,4.0,85.0,29.0,8.0
0,0,Clubs,1,1,79.0,9.0,98.0,24.0,8.0
0,1,Sports,0,1,78.0,5.0,92.0,20.0,8.0
1,0,No CCA,1,0,68.0,17.0,96.0,24.0,8.0
1,0,Sports,1,0,45.0,14.0,84.0,30.0,8.0
1,0,Sports,0,1,74.0,5.0,96.0,28.0,8.0
0,1,Arts,0,1,77.0,10.0,92.0,19.0,8.0
1,1,Clubs,0,0,47.0,11.0,53.0,30.0,4.0
1,0,Clubs,1,0,54.0,10.0,93.0,30.0,8.0
0,0,No CCA,0,1,74.0,7.0,97.0,27.0,8.0
1,1,Arts,1,0,58.0,19.0,95.0,27.0,8.0
0,1,Clubs,0,0,84.0,9.0,92.0,21.0,8.0
1,0,Clubs,0,1,59.0,9.0,96.0,24.0,8.0
1,0,Sports,0,1,56.0,13.0,,27.0,8.0
0,0,Clubs,1,0,71.0,13.0,93.0,27.0,8.0
0,0,Clubs,0,0,88.0,7.0,94.0,22.0,8.0
1,1,Arts,0,0,46.0,11.0,91.0,24.0,8.0
1,0,Clubs,1,0,66.0,13.0,92.0,24.0,8.0
1,0,Clubs,1,1,59.0,13.0,100.0,24.0,8.0
1,1,Clubs,0,0,46.0,1.0,98.0,30.0,8.0
0,0,Sports,0,1,78.0,7.0,95.0,22.0,8.0
1,1,Arts,0,1,88.0,8.0,97.0,17.0,8.0
1,0,No CCA,1,1,80.0,6.0,96.0,25.0,8.0
2,1,No CCA,1,1,82.0,10.0,95.0,18.0,8.0
2,1,Sports,0,0,57.0,5.0,93.0,16.0,8.0
1,0,Clubs,0,0,60.0,18.0,97.0,27.0,8.0
2,0,Sports,1,1,76.0,12.0,92.0,19.0,8.0
0,0,Clubs,1,1,95.0,9.0,96.0,18.0,8.0
0,0,No CCA,1,1,94.0,7.0,90.0,23.0,8.0
1,0,Arts,1,1,53.0,5.0,94.0,30.0,8.0
1,1,No CCA,1,1,87.0,7.0,91.0,17.0,8.0
1,0,Clubs,0,1,53.0,15.0,91.0,25.0,8.0
0,1,No CCA,1,1,85.0,9.0,92.0,17.0,8.0
1,0,Clubs,1,1,61.0,7.0,100.0,28.0,8.0
0,0,No CCA,0,0,92.0,5.0,90.0,22.0,8.0
1,0,Sports,1,1,69.0,18.0,99.0,22.0,8.0
0,0,Arts,0,1,76.0,8.0,95.0,23.0,8.0
1,0,Sports,0,0,62.0,19.0,93.0,27.0,8.0
1,0,Sports,1,1,48.0,5.0,93.0,25.0,8.0
2,0,Arts,1,0,72.0,12.0,91.0,17.0,8.0
0,0,Arts,1,0,64.0,11.0,93.0,20.0,8.0
0,0,No CCA,1,0,82.0,6.0,94.0,24.0,8.0
1,0,No CCA,0,1,64.0,6.0,92.0,27.0,8.0
1,1,No CCA,1,1,100.0,6.0,95.0,17.0,8.0
1,1,No CCA,0,1,82.0,10.0,91.0,17.0,8.0
1,0,No CCA,0,1,68.0,18.0,93.0,28.0,8.0
2,1,Sports,1,1,76.0,10.0,96.0,14.0,8.0
0,0,Clubs,0,0,64.0,10.0,93.0,27.0,8.0
2,0,Arts,1,1,51.0,11.0,94.0,18.0,8.0
0,0,No CCA,0,1,95.0,5.0,97.0,21.0,8.0
1,0,Sports,0,1,52.0,6.0,96.0,24.0,8.0
1,1,Sports,0,1,80.0,9.0,97.0,17.0,8.0
1,0,Clubs,0,1,62.0,9.0,92.0,27.0,8.0
2,0,Sports,0,1,67.0,10.0,90.0,23.0,8.0
1,1,Sports,1,1,47.0,12.0,91.0,30.0,8.0
1,1,No CCA,1,1,88.0,8.0,98.0,21.0,8.0
2,0,Sports,0,1,56.0,6.0,91.0,22.0,8.0
0,0,Sports,1,1,49.0,11.0,,20.0,8.0
2,0,Clubs,0,1,72.0,12.0,96.0,19.0,8.0
0,0,Arts,0,0,58.0,9.0,94.0,27.0,8.0
2,0,Clubs,1,1,58.0,19.0,90.0,22.0,8.0
0,1,No CCA,0,1,91.0,6.0,98.0,21.0,8.0
1,1,Arts,1,1,67.0,18.0,99.0,27.0,8.0
0,0,No CCA,0,1,72.0,17.0,94.0,21.0,8.0
0,0,Clubs,1,1,88.0,8.0,90.0,23.0,8.0
2,0,Sports,0,1,74.0,14.0,94.0,19.0,8.0
1,0,Sports,0,1,63.0,13.0,97.0,22.0,8.0
0,1,Arts,0,1,72.0,12.0,92.0,16.0,8.0
0,0,No CCA,0,0,64.0,12.0,93.0,27.0,8.0
2,0,Arts,1,1,52.0,18.0,96.0,22.0,8.0
0,0,Sports,0,1,74.0,12.0,96.0,27.0,8.0
1,0,Arts,0,0,56.0,9.0,98.0,31.0,8.0
0,0,No CCA,1,1,70.0,6.0,100.0,22.0,8.0
0,0,No CCA,1,1,95.0,9.0,91.0,23.0,8.0
2,0,Clubs,0,0,48.0,4.0,81.0,18.0,8.0
2,0,No CCA,1,0,82.0,6.0,95.0,17.0,8.0
1,0,Sports,0,0,45.0,2.0,98.0,25.0,8.0
2,0,Sports,0,1,55.0,6.0,91.0,18.0,8.0
1,0,Sports,1,1,63.0,10.0,96.0,27.0,8.0
0,1,Sports,1,1,85.0,9.0,,16.0,8.0
0,1,Arts,1,1,89.0,5.0,97.0,16.0,8.0
2,0,Clubs,1,1,63.0,8.0,96.0,22.0,8.0
1,0,No CCA,0,1,64.0,7.0,97.0,28.0,8.0
0,0,No CCA,0,1,62.0,17.0,99.0,21.0,8.0
0,0,Clubs,1,0,85.0,6.0,97.0,23.0,8.0
1,0,Clubs,0,1,61.0,12.0,93.0,24.0,8.0
0,0,Sports,0,1,79.0,7.0,91.0,21.0,8.0
0,0,Sports,0,0,68.0,6.0,99.0,27.0,8.0
1,1,No CCA,1,1,81.0,6.0,98.0,17.0,8.0
2,0,Sports,1,0,69.0,18.0,91.0,22.0,8.0
1,0,No CCA,1,1,70.0,15.0,96.0,24.0,8.0
1,0,Arts,0,1,64.0,9.0,94.0,27.0,8.0
0,0,Clubs,1,0,60.0,6.0,99.0,20.0,8.0
0,0,No CCA,1,0,82.0,8.0,93.0,24.0,8.0
0,1,Arts,1,1,77.0,9.0,,18.0,8.0
2,0,Arts,0,1,65.0,14.0,99.0,19.0,8.0
0,1,No CCA,0,1,85.0,5.0,98.0,21.0,8.0
2,0,Clubs,1,1,57.0,19.0,94.0,22.0,8.0
1,0,Clubs,0,1,56.0,20.0,97.0,22.0,8.0
1,0,Sports,0,0,53.0,11.0,95.0,31.0,8.0
1,0,Arts,1,1,57.0,11.0,98.0,27.0,8.0
1,0,Clubs,0,0,54.0,6.0,98.0,29.0,8.0
1,0,Sports,0,0,48.0,2.0,98.0,30.0,8.0
2,0,Clubs,0,1,43.0,7.0,77.0,22.0,6.0
0,0,Sports,0,1,58.0,15.0,99.0,22.0,8.0
1,0,Arts,0,0,47.0,14.0,69.0,30.0,5.0
2,1,Clubs,1,0,74.0,7.0,91.0,15.0,8.0
0,0,No CCA,1,1,96.0,8.0,95.0,23.0,8.0
2,0,Arts,1,1,77.0,8.0,96.0,17.0,8.0
1,1,Sports,1,0,79.0,5.0,92.0,21.0,8.0
0,0,Sports,0,1,79.0,7.0,97.0,21.0,8.0
1,0,Sports,0,1,61.0,5.0,94.0,22.0,8.0
1,0,Arts,0,1,48.0,10.0,91.0,24.0,8.0
1,0,Sports,1,1,52.0,13.0,93.0,30.0,8.0
1,0,No CCA,1,0,52.0,6.0,91.0,30.0,7.0
0,0,Clubs,1,0,52.0,11.0,95.0,20.0,8.0
2,0,Sports,1,1,59.0,16.0,94.0,22.0,8.0
2,0,Clubs,1,1,61.0,13.0,93.0,20.0,8.0
2,0,Clubs,1,0,56.0,9.0,94.0,19.0,8.0
0,0,Arts,0,0,55.0,19.0,95.0,22.0,8.0
1,0,Clubs,0,1,52.0,17.0,94.0,30.0,8.0
0,1,No CCA,1,0,82.0,5.0,92.0,15.0,8.0
0,0,Clubs,0,1,78.0,10.0,90.0,23.0,8.0
2,0,Sports,1,1,62.0,20.0,90.0,22.0,8.0
1,0,No CCA,0,1,62.0,11.0,91.0,27.0,8.0
0,0,Clubs,0,1,60.0,6.0,93.0,21.0,8.0
1,0,Clubs,0,0,48.0,7.0,92.0,29.0,8.0
0,0,No CCA,1,0,96.0,6.0,96.0,19.0,8.0
0,0,Arts,0,1,64.0,16.0,92.0,27.0,8.0
1,1,Arts,0,0,79.0,6.0,,17.0,8.0
0,0,Sports,0,0,71.0,17.0,97.0,27.0,8.0
1,1,Sports,0,1,86.0,7.0,97.0,17.0,8.0
1,1,Arts,1,1,79.0,8.0,93.0,21.0,8.0
1,0,Clubs,0,0,49.0,2.0,93.0,24.0,8.0
1,0,Sports,0,1,58.0,19.0,92.0,28.0,8.0
1,1,Arts,0,0,81.0,8.0,91.0,17.0,8.0
0,0,Sports,0,0,70.0,19.0,100.0,27.0,8.0
1,0,Arts,0,1,51.0,13.0,99.0,24.0,8.0
0,1,Sports,0,1,75.0,9.0,97.0,16.0,8.0
0,0,Arts,0,0,77.0,10.0,98.0,22.0,8.0
2,0,Sports,0,1,58.0,11.0,95.0,18.0,8.0
0,1,Arts,1,0,77.0,9.0,,18.0,8.0
1,1,Sports,0,1,45.0,5.0,93.0,25.0,8.0
0,0,Arts,0,1,74.0,12.0,,23.0,8.0
1,0,Sports,0,1,64.0,16.0,92.0,28.0,8.0
2,0,Sports,0,1,73.0,8.0,94.0,19.0,8.0
1,0,Sports,0,0,54.0,5.0,94.0,24.0,8.0
0,1,No CCA,0,1,75.0,9.0,99.0,19.0,8.0
0,0,No CCA,0,1,73.0,8.0,93.0,23.0,8.0
1,0,Arts,1,1,65.0,11.0,93.0,24.0,8.0
1,1,Sports,0,1,80.0,8.0,96.0,17.0,8.0
0,0,Clubs,1,0,52.0,15.0,99.0,20.0,8.0
1,0,No CCA,1,1,63.0,14.0,95.0,28.0,8.0
2,0,Sports,0,1,71.0,13.0,100.0,19.0,8.0
1,0,Arts,0,0,48.0,2.0,88.0,25.0,8.0
2,0,Clubs,0,0,51.0,8.0,98.0,23.0,8.0
0,0,Arts,0,1,59.0,16.0,97.0,21.0,8.0
1,0,Clubs,1,0,47.0,12.0,90.0,30.0,8.0
1,0,No CCA,0,1,62.0,6.0,97.0,31.0,8.0
0,0,Arts,0,1,64.0,18.0,100.0,22.0,8.0
2,0,Sports,0,0,43.0,10.0,91.0,24.0,8.0
0,0,No CCA,0,1,90.0,7.0,92.0,25.0,8.0
1,0,Clubs,0,0,46.0,5.0,98.0,29.0,8.0
1,1,Arts,0,1,85.0,8.0,97.0,22.0,8.0
0,0,Clubs,0,0,59.0,14.0,99.0,21.0,8.0
2,1,No CCA,1,1,76.0,7.0,97.0,18.0,8.0
0,0,Sports,1,1,77.0,8.0,98.0,28.0,8.0
1,0,Arts,0,0,58.0,6.0,97.0,31.0,8.0
0,1,No CCA,0,1,75.0,6.0,99.0,16.0,8.0
0,0,No CCA,0,1,95.0,9.0,96.0,25.0,8.0
0,0,Arts,1,1,63.0,18.0,94.0,20.0,8.0
0,0,No CCA,1,0,91.0,8.0,92.0,19.0,8.0
0,0,No CCA,0,1,63.0,19.0,96.0,27.0,8.0
2,0,Arts,0,0,57.0,11.0,94.0,20.0,8.0
0,0,Sports,0,1,71.0,8.0,97.0,21.0,8.0
0,0,Sports,0,0,78.0,8.0,93.0,22.0,8.0
0,1,Sports,0,1,78.0,6.0,93.0,21.0,8.0
1,0,Arts,0,1,57.0,10.0,97.0,22.0,8.0
1,1,Clubs,0,1,75.0,14.0,94.0,17.0,8.0
1,0,Sports,1,0,51.0,14.0,97.0,29.0,8.0
0,1,No CCA,1,1,87.0,5.0,91.0,20.0,8.0
0,0,No CCA,1,0,74.0,18.0,98.0,28.0,8.0
2,1,No CCA,1,0,81.0,8.0,95.0,18.0,8.0
2,0,No CCA,1,0,75.0,11.0,93.0,22.0,8.0
1,1,Arts,0,1,66.0,14.0,90.0,21.0,8.0
2,0,Clubs,0,1,74.0,7.0,99.0,21.0,8.0
0,0,Clubs,1,1,87.0,8.0,96.0,23.0,8.0
2,0,Sports,1,1,79.0,8.0,92.0,19.0,8.0
2,0,No CCA,1,0,67.0,16.0,92.0,22.0,8.0
1,0,Clubs,0,1,67.0,8.0,91.0,28.0,8.0
1,0,Sports,0,1,68.0,5.0,97.0,22.0,8.0
0,0,No CCA,0,0,66.0,14.0,99.0,27.0,8.0
1,0,Clubs,1,0,47.0,10.0,92.0,30.0,8.0
2,1,Arts,1,0,74.0,12.0,91.0,15.0,8.0
1,0,Clubs,1,0,49.0,2.0,80.0,30.0,8.0
2,0,Sports,0,1,72.0,15.0,95.0,19.0,8.0
1,1,Clubs,0,1,75.0,14.0,99.0,17.0,8.0
1,0,Clubs,1,0,79.0,10.0,96.0,25.0,8.0
1,0,Sports,0,0,39.0,14.0,50.0,24.0,4.0
1,0,Arts,0,1,59.0,12.0,95.0,31.0,8.0
1,0,Clubs,1,1,61.0,6.0,98.0,28.0,8.0
2,1,No CCA,1,0,78.0,7.0,92.0,14.0,8.0
1,1,No CCA,0,1,72.0,12.0,92.0,19.0,8.0
2,0,Sports,0,0,77.0,6.0,97.0,21.0,8.0
1,0,Arts,0,1,53.0,19.0,90.0,29.0,8.0
2,0,Arts,0,0,55.0,14.0,92.0,22.0,8.0
2,1,No CCA,1,1,82.0,7.0,99.0,18.0,8.0
1,1,No CCA,0,1,66.0,19.0,95.0,19.0,8.0
0,1,No CCA,1,1,84.0,8.0,95.0,20.0,8.0
1,0,Sports,0,0,53.0,8.0,90.0,27.0,8.0
0,0,Clubs,1,1,75.0,7.0,99.0,22.0,8.0
2,0,No CCA,0,1,62.0,16.0,97.0,23.0,8.0
1,0,Clubs,1,0,49.0,3.0,92.0,30.0,8.0
2,0,Sports,1,0,43.0,13.0,83.0,24.0,8.0
0,1,No CCA,1,1,79.0,10.0,93.0,15.0,8.0
0,1,Clubs,0,1,73.0,7.0,92.0,20.0,8.0
1,0,Sports,0,1,46.0,9.0,96.0,25.0,8.0
1,1,Arts,1,0,82.0,8.0,91.0,17.0,8.0
0,0,Sports,1,0,74.0,6.0,90.0,28.0,8.0
2,0,Sports,1,0,52.0,14.0,98.0,22.0,8.0
1,1,No CCA,0,1,63.0,9.0,97.0,21.0,8.0
1,1,Sports,1,0,56.0,13.0,96.0,27.0,8.0
2,0,Clubs,0,1,51.0,10.0,91.0,18.0,8.0
1,1,Sports,0,1,66.0,17.0,100.0,19.0,8.0
2,0,Clubs,0,1,71.0,20.0,100.0,19.0,8.0
1,0,Sports,0,1,71.0,16.0,95.0,22.0,8.0
1,1,Arts,0,0,79.0,5.0,93.0,21.0,8.0
1,1,Arts,0,1,72.0,16.0,,20.0,8.0
0,1,No CCA,0,1,83.0,5.0,93.0,21.0,7.0
1,0,No CCA,0,0,57.0,8.0,97.0,31.0,8.0
0,0,Clubs,0,1,93.0,5.0,96.0,21.0,8.0
2,0,Clubs,0,0,51.0,15.0,92.0,22.0,8.0
2,0,Sports,1,1,68.0,12.0,91.0,23.0,8.0
0,0,No CCA,1,1,81.0,10.0,91.0,24.0,8.0
1,1,No CCA,0,1,82.0,7.0,96.0,22.0,8.0
0,0,No CCA,1,1,91.0,8.0,98.0,18.0,8.0
1,0,Sports,1,0,47.0,8.0,58.0,30.0,6.0
2,1,No CCA,1,0,64.0,9.0,92.0,15.0,8.0
1,0,Clubs,1,1,71.0,17.0,91.0,24.0,8.0
1,1,Clubs,0,1,42.0,1.0,95.0,24.0,8.0
0,0,Clubs,1,1,67.0,12.0,99.0,20.0,8.0
2,1,No CCA,1,0,78.0,10.0,100.0,14.0,8.0
2,0,Sports,0,1,68.0,14.0,91.0,19.0,8.0
0,1,No CCA,1,0,78.0,8.0,,21.0,8.0
0,0,Arts,0,0,71.0,5.0,99.0,22.0,8.0
1,1,Arts,1,1,93.0,9.0,99.0,21.0,8.0
2,0,Sports,1,0,69.0,5.0,92.0,23.0,8.0
1,1,Clubs,1,1,77.0,7.0,93.0,17.0,8.0
1,0,Arts,0,1,52.0,12.0,95.0,30.0,8.0
0,0,Arts,0,0,68.0,12.0,98.0,27.0,8.0
1,0,Sports,0,0,56.0,6.0,99.0,31.0,8.0
1,0,Sports,0,1,51.0,13.0,96.0,29.0,8.0
2,0,Sports,0,0,62.0,18.0,97.0,20.0,8.0
1,0,Sports,0,0,50.0,5.0,76.0,30.0,7.0
1,1,Sports,0,1,52.0,14.0,99.0,25.0,8.0
1,0,Clubs,1,1,59.0,18.0,93.0,27.0,8.0
1,1,No CCA,1,1,87.0,9.0,99.0,21.0,8.0
1,1,No CCA,1,1,82.0,6.0,96.0,17.0,8.0
1,1,No CCA,1,1,98.0,8.0,91.0,17.0,8.0
1,0,No CCA,1,1,41.0,13.0,92.0,28.0,8.0
0,0,Clubs,1,0,76.0,14.0,96.0,27.0,8.0
1,0,Arts,0,0,46.0,12.0,92.0,29.0,8.0
1,0,No CCA,0,1,63.0,16.0,96.0,27.0,8.0
0,0,Sports,0,1,73.0,6.0,97.0,23.0,8.0
1,1,Sports,0,1,72.0,12.0,98.0,21.0,8.0
0,1,No CCA,0,1,78.0,10.0,94.0,16.0,8.0
2,0,Arts,1,1,60.0,6.0,91.0,22.0,7.0
1,0,Sports,0,0,43.0,11.0,93.0,24.0,8.0
1,1,No CCA,0,1,88.0,8.0,93.0,17.0,8.0
1,0,Arts,1,0,47.0,4.0,95.0,30.0,8.0
0,1,Sports,0,1,75.0,17.0,90.0,16.0,8.0
2,0,Clubs,0,1,56.0,16.0,,22.0,8.0
2,0,Arts,0,0,43.0,0.0,97.0,23.0,8.0
0,0,Arts,1,1,92.0,10.0,100.0,19.0,8.0
1,0,Arts,1,1,64.0,17.0,,28.0,8.0
2,0,Sports,0,0,41.0,4.0,94.0,22.0,8.0
0,0,Sports,0,0,69.0,8.0,99.0,27.0,8.0
1,1,Sports,0,1,70.0,15.0,96.0,21.0,8.0
1,0,Arts,1,0,51.0,9.0,96.0,30.0,8.0
2,0,Clubs,1,1,63.0,8.0,95.0,22.0,8.0
1,0,No CCA,0,1,65.0,11.0,98.0,22.0,8.0
2,0,Arts,0,1,68.0,8.0,95.0,19.0,8.0
1,0,Clubs,1,1,59.0,10.0,97.0,28.0,8.0
0,0,No CCA,1,1,93.0,6.0,96.0,19.0,8.0
2,1,Arts,1,0,72.0,17.0,94.0,20.0,8.0
1,0,Sports,0,1,45.0,7.0,62.0,24.0,5.0
2,0,No CCA,0,1,60.0,16.0,99.0,20.0,8.0
2,0,Sports,0,1,67.0,19.0,95.0,23.0,8.0
1,0,Clubs,1,1,52.0,17.0,94.0,30.0,7.0
0,1,No CCA,1,0,85.0,9.0,91.0,20.0,8.0
2,0,Sports,0,1,58.0,8.0,98.0,20.0,8.0
1,0,Sports,0,0,54.0,17.0,,31.0,8.0
1,1,No CCA,0,1,75.0,7.0,96.0,17.0,8.0
2,0,Arts,0,0,54.0,9.0,94.0,20.0,8.0
0,1,Arts,0,1,80.0,9.0,96.0,15.0,8.0
1,1,Arts,0,0,49.0,10.0,94.0,24.0,8.0
1,0,Arts,1,1,62.0,16.0,98.0,28.0,8.0
0,0,Sports,1,0,67.0,8.0,93.0,28.0,8.0
0,0,Arts,0,0,54.0,10.0,99.0,21.0,8.0
1,1,Arts,0,1,82.0,7.0,98.0,22.0,8.0
0,0,Arts,0,1,71.0,18.0,97.0,21.0,8.0
1,0,Arts,0,1,69.0,14.0,95.0,22.0,8.0
1,1,Arts,0,1,71.0,10.0,90.0,21.0,8.0
0,1,Sports,1,1,79.0,6.0,90.0,20.0,8.0
2,0,No CCA,1,1,82.0,9.0,93.0,17.0,8.0
1,0,No CCA,0,1,64.0,10.0,96.0,28.0,8.0
0,0,No CCA,1,1,81.0,7.0,97.0,24.0,8.0
1,0,Sports,1,1,74.0,12.0,93.0,25.0,8.0
1,0,Arts,0,0,59.0,16.0,94.0,27.0,8.0
1,1,Arts,0,1,85.0,7.0,90.0,22.0,8.0
0,0,Arts,1,1,81.0,6.0,95.0,24.0,8.0
0,0,No CCA,0,1,92.0,8.0,92.0,25.0,8.0
1,0,Clubs,1,0,66.0,5.0,97.0,28.0,8.0
2,0,Arts,0,0,43.0,11.0,,23.0,5.0
0,0,Sports,1,0,79.0,6.0,,27.0,8.0
1,0,Sports,0,0,47.0,1.0,98.0,30.0,8.0
1,0,No CCA,0,0,58.0,14.0,99.0,31.0,8.0
0,0,Arts,1,0,79.0,7.0,92.0,27.0,8.0
0,0,Sports,0,0,62.0,14.0,90.0,27.0,8.0
1,0,Arts,1,1,54.0,6.0,98.0,30.0,8.0
2,0,Clubs,1,1,82.0,9.0,98.0,17.0,8.0
0,0,Arts,0,1,71.0,7.0,99.0,20.0,8.0
0,1,No CCA,1,0,87.0,8.0,98.0,16.0,8.0
1,0,No CCA,0,1,52.0,7.0,99.0,24.0,8.0
1,0,Arts,0,0,59.0,6.0,92.0,27.0,8.0
1,0,Clubs,0,1,63.0,9.0,96.0,28.0,8.0
2,0,Clubs,1,1,77.0,7.0,94.0,17.0,8.0
2,0,Arts,1,1,73.0,17.0,100.0,19.0,8.0
0,0,Sports,0,1,69.0,14.0,100.0,21.0,8.0
2,0,No CCA,0,1,72.0,18.0,100.0,19.0,8.0
1,0,Clubs,1,0,55.0,15.0,99.0,31.0,8.0
2,0,Arts,0,1,67.0,17.0,98.0,23.0,8.0
1,1,Sports,0,1,79.0,9.0,93.0,17.0,8.0
1,0,No CCA,1,1,63.0,18.0,94.0,28.0,8.0
2,0,No CCA,0,1,70.0,18.0,91.0,21.0,8.0
2,0,Clubs,1,1,55.0,6.0,96.0,22.0,8.0
0,1,No CCA,1,1,87.0,6.0,97.0,20.0,8.0
0,1,No CCA,0,1,83.0,8.0,94.0,19.0,8.0
1,0,Sports,0,1,74.0,8.0,93.0,28.0,8.0
2,0,Clubs,0,0,45.0,9.0,86.0,23.0,8.0
2,0,Clubs,0,1,67.0,17.0,100.0,23.0,8.0
2,1,No CCA,1,0,72.0,20.0,91.0,20.0,8.0
2,1,Sports,1,1,76.0,14.0,94.0,14.0,8.0
1,0,No CCA,0,1,70.0,13.0,98.0,28.0,8.0
1,0,Clubs,1,1,56.0,10.0,97.0,26.0,8.0
1,0,Arts,0,1,60.0,7.0,94.0,22.0,8.0
1,0,Clubs,1,1,75.0,12.0,95.0,24.0,8.0
1,1,No CCA,0,1,86.0,9.0,90.0,17.0,8.0
2,0,Clubs,0,1,49.0,11.0,98.0,22.0,8.0
2,0,Clubs,0,0,47.0,4.0,51.0,24.0,5.0
1,1,Clubs,1,0,45.0,9.0,66.0,30.0,6.0
0,1,Clubs,1,1,67.0,13.0,99.0,16.0,8.0
1,1,Clubs,1,1,46.0,5.0,55.0,30.0,5.0
1,1,Sports,0,1,71.0,9.0,96.0,19.0,8.0
2,0,Clubs,0,0,62.0,14.0,100.0,22.0,8.0
2,0,Sports,1,1,78.0,7.0,94.0,17.0,8.0
1,1,Sports,0,0,49.0,4.0,89.0,25.0,8.0
2,0,Sports,0,1,54.0,18.0,93.0,22.0,8.0
1,0,Sports,1,1,49.0,4.0,97.0,30.0,8.0
1,0,Sports,0,1,74.0,18.0,91.0,28.0,8.0
0,0,Clubs,0,1,93.0,8.0,91.0,25.0,8.0
0,0,Clubs,0,0,62.0,18.0,100.0,27.0,8.0
0,1,No CCA,1,1,88.0,7.0,91.0,16.0,8.0
1,0,Arts,0,0,34.0,4.0,96.0,28.0,8.0
1,1,No CCA,0,0,76.0,9.0,95.0,17.0,8.0
1,1,No CCA,0,0,85.0,6.0,91.0,22.0,8.0
1,1,Clubs,0,0,44.0,12.0,48.0,25.0,4.0
2,0,Clubs,0,1,60.0,8.0,95.0,22.0,8.0
1,0,Arts,0,0,51.0,6.0,92.0,25.0,8.0
0,0,Sports,1,0,92.0,8.0,93.0,23.0,8.0
2,0,Arts,0,1,68.0,17.0,98.0,21.0,8.0
0,1,No CCA,1,1,90.0,9.0,98.0,16.0,8.0
0,1,No CCA,0,0,72.0,15.0,95.0,19.0,8.0
2,0,No CCA,1,0,69.0,11.0,99.0,23.0,8.0
1,0,Arts,0,0,62.0,7.0,98.0,28.0,8.0
2,1,Arts,1,0,74.0,13.0,99.0,20.0,8.0
0,1,No CCA,1,0,87.0,7.0,99.0,20.0,8.0
1,1,Sports,0,1,76.0,17.0,100.0,20.0,8.0
2,1,Clubs,1,0,70.0,11.0,95.0,20.0,8.0
0,0,No CCA,1,1,90.0,8.0,98.0,23.0,8.0
1,0,Sports,1,0,78.0,7.0,91.0,25.0,8.0
0,0,Arts,1,0,49.0,12.0,99.0,20.0,8.0
0,0,Arts,1,0,73.0,19.0,95.0,28.0,8.0
0,0,Sports,1,1,90.0,7.0,92.0,18.0,8.0
0,1,Arts,0,1,75.0,10.0,92.0,16.0,8.0
1,0,Clubs,0,0,39.0,8.0,68.0,28.0,6.0
1,0,Sports,1,1,48.0,8.0,94.0,30.0,8.0
1,1,Arts,0,1,80.0,8.0,92.0,22.0,8.0
1,0,Sports,0,1,45.0,2.0,59.0,25.0,6.0
2,0,Sports,0,1,58.0,16.0,94.0,22.0,8.0
0,1,No CCA,1,1,76.0,5.0,100.0,16.0,8.0
1,0,Sports,1,0,58.0,17.0,98.0,26.0,8.0
2,0,Sports,0,0,56.0,19.0,93.0,22.0,8.0
1,0,Sports,0,1,53.0,7.0,91.0,29.0,8.0
2,0,Arts,0,1,57.0,12.0,94.0,20.0,8.0
0,0,Arts,0,1,68.0,8.0,98.0,22.0,8.0
2,0,Clubs,1,1,59.0,7.0,94.0,22.0,8.0
0,0,Arts,0,1,50.0,14.0,78.0,22.0,6.0
1,1,No CCA,1,0,61.0,18.0,92.0,27.0,8.0
0,0,No CCA,1,1,69.0,13.0,93.0,22.0,8.0
0,0,Sports,0,0,57.0,18.0,99.0,21.0,8.0
1,0,Sports,0,0,45.0,12.0,91.0,25.0,8.0
0,0,Sports,0,1,66.0,13.0,99.0,27.0,8.0
1,0,Clubs,1,1,63.0,20.0,94.0,28.0,8.0
0,0,Clubs,0,1,69.0,12.0,94.0,21.0,7.0
1,0,Clubs,0,1,46.0,1.0,71.0,30.0,7.0
1,1,Clubs,1,0,47.0,8.0,58.0,25.0,5.0
1,0,Arts,0,1,45.0,2.0,,24.0,8.0
0,0,No CCA,1,0,92.0,6.0,94.0,19.0,8.0
1,1,Sports,0,0,47.0,13.0,96.0,25.0,8.0
1,1,Arts,0,1,71.0,17.0,,19.0,8.0
0,0,Arts,1,1,78.0,10.0,90.0,28.0,8.0
2,0,No CCA,0,1,77.0,8.0,94.0,21.0,8.0
0,0,No CCA,1,1,88.0,9.0,91.0,23.0,7.0
1,1,Sports,1,0,59.0,15.0,96.0,27.0,8.0
1,1,Sports,1,1,67.0,10.0,92.0,27.0,8.0
2,1,Clubs,0,0,62.0,14.0,96.0,16.0,8.0
0,0,Sports,1,1,79.0,9.0,98.0,21.0,8.0
0,0,Arts,0,1,66.0,20.0,90.0,21.0,8.0
2,0,Sports,0,0,59.0,8.0,98.0,22.0,8.0
1,0,Arts,0,0,51.0,10.0,95.0,31.0,8.0
0,0,Arts,0,1,71.0,12.0,92.0,21.0,8.0
0,0,Arts,0,0,71.0,11.0,99.0,22.0,8.0
2,0,Arts,0,0,47.0,3.0,63.0,24.0,6.0
1,0,Arts,1,0,49.0,3.0,75.0,30.0,7.0
1,0,No CCA,0,1,64.0,12.0,97.0,28.0,8.0
2,0,No CCA,0,0,53.0,8.0,93.0,22.0,8.0
0,0,Sports,0,1,81.0,8.0,93.0,21.0,8.0
1,0,Sports,0,0,55.0,20.0,90.0,27.0,8.0
1,0,Arts,1,1,75.0,14.0,93.0,25.0,8.0
0,0,Arts,0,1,82.0,9.0,91.0,22.0,8.0
0,0,Clubs,0,1,67.0,12.0,91.0,21.0,8.0
2,0,No CCA,0,0,41.0,1.0,65.0,23.0,6.0
1,1,Sports,1,1,79.0,10.0,91.0,17.0,8.0
1,1,Sports,0,1,68.0,18.0,96.0,19.0,8.0
1,0,Sports,0,1,68.0,5.0,99.0,28.0,8.0
2,0,Clubs,0,0,53.0,13.0,98.0,19.0,8.0
1,1,Sports,0,0,47.0,8.0,92.0,30.0,8.0
0,0,Sports,0,1,77.0,9.0,95.0,21.0,8.0
1,0,Arts,1,1,73.0,11.0,98.0,24.0,8.0
2,1,Sports,1,0,73.0,19.0,,20.0,8.0
1,0,Clubs,1,1,53.0,19.0,95.0,27.0,8.0
1,0,Sports,0,0,46.0,15.0,92.0,29.0,8.0
2,0,Clubs,1,0,70.0,10.0,96.0,22.0,8.0
2,0,Sports,1,1,75.0,8.0,100.0,19.0,8.0
2,0,No CCA,0,1,63.0,13.0,98.0,18.0,8.0
2,0,Sports,0,1,58.0,7.0,90.0,22.0,8.0
0,1,Clubs,1,1,79.0,5.0,93.0,18.0,8.0
1,1,Clubs,1,1,67.0,11.0,91.0,27.0,8.0
1,0,Arts,1,0,54.0,9.0,97.0,24.0,8.0
0,1,Arts,1,0,75.0,12.0,100.0,15.0,8.0
0,1,Sports,0,0,72.0,7.0,95.0,19.0,8.0
0,0,No CCA,1,0,96.0,6.0,100.0,23.0,8.0
1,1,Sports,0,0,79.0,7.0,99.0,21.0,8.0
1,0,Arts,0,1,51.0,8.0,95.0,30.0,8.0
1,0,Sports,0,0,53.0,11.0,94.0,30.0,8.0
1,1,Clubs,0,1,86.0,7.0,93.0,22.0,8.0
1,1,Arts,0,1,71.0,19.0,93.0,19.0,8.0
2,1,No CCA,1,0,78.0,10.0,97.0,14.0,8.0
1,0,Arts,0,1,60.0,20.0,100.0,27.0,8.0
1,0,Clubs,0,1,55.0,9.0,99.0,27.0,8.0
0,0,Sports,1,0,64.0,10.0,90.0,20.0,8.0
0,0,Clubs,0,0,70.0,13.0,100.0,27.0,8.0
1,1,No CCA,1,1,91.0,5.0,94.0,21.0,8.0
2,1,Sports,1,0,43.0,2.0,,24.0,8.0
1,0,Clubs,0,1,70.0,8.0,91.0,28.0,8.0
2,0,Arts,0,0,55.0,9.0,94.0,22.0,8.0
0,0,Sports,0,0,57.0,18.0,92.0,21.0,8.0
1,0,Clubs,0,1,58.0,17.0,90.0,27.0,8.0
1,1,Sports,0,1,73.0,8.0,96.0,20.0,8.0
0,0,Clubs,1,1,89.0,8.0,94.0,19.0,8.0
2,0,Arts,1,0,79.0,7.0,100.0,17.0,8.0
0,0,Clubs,1,0,52.0,10.0,97.0,20.0,8.0
1,0,Sports,0,1,57.0,9.0,98.0,31.0,8.0
0,1,Clubs,0,0,73.0,17.0,96.0,19.0,8.0
1,0,Sports,0,1,63.0,18.0,98.0,27.0,8.0
0,0,No CCA,0,0,76.0,4.0,91.0,27.0,8.0
0,1,Arts,1,0,85.0,7.0,99.0,16.0,8.0
1,1,Sports,0,0,77.0,9.0,94.0,20.0,8.0
0,1,No CCA,1,0,82.0,7.0,95.0,18.0,8.0
1,0,Arts,1,0,56.0,14.0,99.0,26.0,8.0
2,0,Arts,1,1,73.0,10.0,96.0,19.0,8.0
0,0,Arts,0,1,69.0,10.0,95.0,22.0,8.0
0,0,Sports,0,0,72.0,20.0,99.0,21.0,8.0
2,1,Sports,0,0,60.0,11.0,100.0,16.0,8.0
0,1,Clubs,1,0,81.0,6.0,92.0,21.0,8.0
0,0,Arts,1,1,93.0,10.0,90.0,22.0,8.0
1,0,Sports,1,0,53.0,19.0,91.0,29.0,8.0
0,0,No CCA,1,0,81.0,7.0,90.0,24.0,8.0
1,1,Clubs,0,1,72.0,13.0,96.0,21.0,8.0
0,1,Arts,1,0,76.0,13.0,98.0,19.0,8.0
0,0,Sports,0,0,60.0,17.0,100.0,20.0,8.0
1,0,No CCA,1,1,66.0,11.0,94.0,28.0,8.0
1,0,Arts,1,0,51.0,9.0,92.0,30.0,8.0
1,0,Arts,0,0,48.0,0.0,59.0,25.0,5.0
1,1,No CCA,1,0,96.0,6.0,90.0,21.0,8.0
1,0,Clubs,1,0,46.0,2.0,91.0,30.0,8.0
2,0,No CCA,1,1,73.0,16.0,95.0,19.0,8.0
1,1,No CCA,1,1,82.0,7.0,94.0,17.0,8.0
2,0,Sports,0,0,51.0,6.0,91.0,20.0,7.0
0,0,Arts,1,0,72.0,15.0,96.0,28.0,8.0
0,0,No CCA,1,1,90.0,5.0,94.0,18.0,8.0
1,1,Arts,0,1,43.0,4.0,96.0,24.0,8.0
1,0,Sports,0,0,55.0,9.0,95.0,27.0,8.0
1,0,Arts,0,0,51.0,8.0,96.0,24.0,8.0
0,0,No CCA,1,0,78.0,10.0,94.0,27.0,8.0
2,0,Sports,0,0,40.0,2.0,93.0,22.0,8.0
0,0,No CCA,1,1,85.0,9.0,94.0,18.0,8.0
0,0,Sports,1,0,79.0,9.0,95.0,27.0,8.0
1,1,Sports,0,1,77.0,6.0,93.0,17.0,8.0
1,0,Sports,0,1,64.0,13.0,92.0,28.0,8.0
1,0,Sports,0,1,59.0,7.0,99.0,27.0,8.0
1,0,Clubs,1,0,52.0,9.0,90.0,30.0,8.0
0,1,Clubs,0,0,74.0,15.0,93.0,19.0,8.0
1,1,Sports,1,0,58.0,13.0,100.0,27.0,8.0
1,0,Arts,1,0,48.0,13.0,98.0,30.0,8.0
2,0,Arts,0,0,44.0,1.0,94.0,24.0,8.0
1,1,Arts,0,0,42.0,14.0,97.0,28.0,8.0
2,0,Arts,1,1,61.0,6.0,95.0,22.0,8.0
1,1,Sports,0,1,75.0,5.0,95.0,17.0,8.0
0,0,No CCA,0,1,69.0,7.0,92.0,21.0,8.0
2,1,Clubs,1,0,68.0,15.0,96.0,15.0,8.0
0,0,Arts,0,0,68.0,20.0,94.0,20.0,8.0
1,1,Arts,1,0,39.0,4.0,98.0,28.0,8.0
1,0,Clubs,1,1,52.0,6.0,97.0,30.0,8.0
2,0,Clubs,0,1,56.0,5.0,92.0,22.0,8.0
1,1,No CCA,0,1,85.0,8.0,,22.0,8.0
2,1,No CCA,1,1,84.0,8.0,96.0,14.0,8.0
0,0,No CCA,0,0,63.0,6.0,100.0,21.0,8.0
0,1,No CCA,1,1,85.0,9.0,91.0,16.0,8.0
0,0,Sports,1,1,79.0,6.0,97.0,24.0,8.0
1,0,Arts,0,1,70.0,14.0,95.0,28.0,8.0
1,1,No CCA,0,1,81.0,6.0,95.0,19.0,8.0
0,0,Clubs,1,0,72.0,19.0,91.0,28.0,8.0
1,0,Arts,1,0,54.0,8.0,99.0,24.0,8.0
0,0,Arts,0,1,68.0,9.0,96.0,21.0,8.0
2,0,No CCA,1,0,83.0,10.0,93.0,17.0,8.0
1,0,Clubs,0,0,51.0,11.0,93.0,30.0,8.0
2,0,Sports,0,0,46.0,6.0,93.0,23.0,7.0
1,0,Sports,0,1,49.0,12.0,99.0,30.0,8.0
2,0,Arts,0,0,53.0,8.0,92.0,22.0,8.0
1,0,Sports,0,1,56.0,13.0,99.0,24.0,8.0
1,0,Arts,1,1,49.0,8.0,62.0,30.0,5.0
0,0,Sports,0,0,65.0,18.0,96.0,27.0,8.0
1,1,Sports,0,1,79.0,9.0,96.0,17.0,8.0
2,0,Sports,1,0,71.0,19.0,91.0,17.0,8.0
0,0,Clubs,0,1,70.0,11.0,94.0,27.0,8.0
1,0,Sports,0,1,63.0,18.0,,28.0,8.0
1,1,Sports,1,1,63.0,13.0,98.0,21.0,8.0
0,0,Sports,0,1,68.0,12.0,91.0,22.0,8.0
2,1,Clubs,1,1,45.0,2.0,40.0,23.0,4.0
1,1,No CCA,1,1,92.0,5.0,98.0,21.0,8.0
0,0,Arts,0,0,57.0,10.0,91.0,22.0,8.0
1,0,Arts,0,0,50.0,6.0,67.0,30.0,6.0
2,1,Clubs,0,0,46.0,15.0,,23.0,8.0
1,0,Clubs,0,0,57.0,19.0,99.0,28.0,8.0
0,1,No CCA,1,1,82.0,6.0,91.0,17.0,8.0
1,1,Clubs,0,1,71.0,16.0,100.0,19.0,8.0
0,0,No CCA,0,0,89.0,6.0,98.0,21.0,8.0
2,1,Clubs,1,1,78.0,9.0,95.0,14.0,8.0
2,1,No CCA,1,0,81.0,9.0,99.0,14.0,8.0
1,0,Arts,0,0,52.0,16.0,,30.0,8.0
1,1,No CCA,1,1,73.0,15.0,94.0,19.0,8.0
1,0,Sports,1,1,56.0,20.0,96.0,26.0,8.0
1,1,Arts,0,0,47.0,8.0,87.0,25.0,8.0
2,0,Clubs,1,0,75.0,17.0,96.0,23.0,8.0
1,0,No CCA,0,1,68.0,14.0,98.0,28.0,8.0
0,0,Arts,0,0,74.0,8.0,94.0,20.0,8.0
0,0,Arts,0,0,59.0,9.0,99.0,22.0,8.0
1,1,Sports,0,1,42.0,11.0,78.0,24.0,7.0
2,0,No CCA,0,1,73.0,11.0,97.0,21.0,8.0
2,0,Sports,0,1,39.0,7.0,100.0,24.0,8.0
1,1,Arts,0,0,69.0,19.0,99.0,19.0,8.0
2,1,Clubs,1,0,85.0,6.0,96.0,18.0,8.0
1,0,Arts,1,0,47.0,8.0,85.0,29.0,8.0
1,1,No CCA,1,1,92.0,7.0,91.0,21.0,8.0
2,0,Sports,0,1,53.0,17.0,100.0,19.0,8.0
1,1,Arts,0,1,74.0,10.0,91.0,17.0,8.0
2,0,Arts,0,1,70.0,10.0,91.0,19.0,8.0
2,0,Sports,1,1,49.0,10.0,96.0,24.0,8.0
1,0,Sports,0,1,63.0,12.0,98.0,28.0,8.0
2,1,Clubs,0,0,46.0,2.0,92.0,23.0,8.0
0,0,Clubs,0,0,68.0,19.0,92.0,27.0,8.0
2,1,Arts,1,0,77.0,6.0,90.0,14.0,8.0
0,0,Sports,1,0,76.0,10.0,96.0,27.0,8.0
2,0,Arts,1,1,77.0,6.0,95.0,19.0,8.0
1,0,Sports,0,0,54.0,20.0,97.0,25.0,8.0
1,0,Arts,0,0,47.0,1.0,94.0,25.0,8.0
2,0,Clubs,0,0,42.0,4.0,88.0,22.0,7.0
1,1,Clubs,1,0,88.0,9.0,97.0,21.0,8.0
1,0,Arts,0,1,68.0,12.0,97.0,28.0,8.0
2,0,Sports,0,1,65.0,17.0,92.0,19.0,8.0
2,0,Sports,1,1,66.0,17.0,94.0,23.0,8.0
0,0,No CCA,0,1,98.0,8.0,92.0,21.0,8.0
0,0,Arts,0,1,64.0,16.0,98.0,21.0,8.0
1,0,Arts,0,1,59.0,9.0,95.0,27.0,8.0
1,1,Arts,0,1,76.0,6.0,100.0,21.0,8.0
1,0,Arts,1,0,52.0,14.0,92.0,30.0,8.0
1,0,Clubs,0,1,49.0,2.0,91.0,24.0,8.0
1,0,Clubs,0,0,45.0,12.0,46.0,30.0,4.0
0,0,Arts,1,1,60.0,8.0,99.0,20.0,8.0
1,0,Sports,1,0,47.0,2.0,63.0,30.0,5.0
2,0,Clubs,1,1,59.0,13.0,90.0,22.0,8.0
1,0,No CCA,1,1,60.0,7.0,96.0,28.0,8.0
0,0,Sports,0,1,68.0,10.0,97.0,22.0,8.0
2,0,Clubs,0,1,43.0,11.0,90.0,22.0,8.0
0,0,Clubs,0,0,94.0,10.0,96.0,21.0,8.0
1,1,Arts,0,0,51.0,9.0,94.0,25.0,8.0
1,0,Sports,1,0,61.0,5.0,,26.0,8.0
0,1,Arts,1,0,83.0,6.0,96.0,20.0,8.0
0,0,Arts,0,1,63.0,20.0,99.0,27.0,8.0
1,0,Clubs,0,0,66.0,7.0,96.0,22.0,8.0
1,0,No CCA,1,1,65.0,10.0,93.0,28.0,8.0
0,0,Clubs,1,0,76.0,18.0,94.0,27.0,8.0
1,0,Arts,0,1,68.0,7.0,97.0,22.0,8.0
1,0,Arts,0,1,64.0,6.0,91.0,28.0,8.0
1,0,No CCA,0,1,63.0,16.0,96.0,27.0,8.0
1,1,Clubs,1,1,91.0,9.0,93.0,21.0,8.0
0,0,Clubs,0,1,68.0,8.0,94.0,21.0,8.0
2,0,Arts,0,0,52.0,7.0,95.0,22.0,8.0
0,0,Sports,1,0,60.0,12.0,92.0,20.0,8.0
2,1,Sports,1,0,69.0,19.0,98.0,20.0,8.0
1,0,Sports,1,1,63.0,12.0,95.0,28.0,8.0
1,1,Clubs,0,1,79.0,7.0,92.0,20.0,8.0
0,0,Arts,0,1,75.0,6.0,96.0,27.0,8.0
1,1,No CCA,0,1,82.0,8.0,95.0,21.0,8.0
0,0,No CCA,0,1,81.0,8.0,92.0,22.0,8.0
2,0,Arts,1,1,55.0,18.0,93.0,22.0,8.0
1,0,Clubs,0,1,58.0,7.0,98.0,27.0,8.0
2,0,Clubs,1,1,55.0,7.0,97.0,20.0,8.0
1,0,No CCA,1,0,55.0,7.0,91.0,26.0,8.0
0,1,Clubs,1,0,74.0,14.0,97.0,15.0,8.0
1,1,Clubs,0,1,52.0,13.0,,25.0,8.0
0,0,No CCA,0,1,69.0,18.0,96.0,21.0,8.0
1,1,Arts,0,0,76.0,10.0,97.0,21.0,8.0
1,0,No CCA,0,1,71.0,10.0,95.0,28.0,8.0
0,1,No CCA,1,0,87.0,7.0,95.0,17.0,8.0
1,0,No CCA,1,1,65.0,5.0,100.0,28.0,8.0
0,1,Arts,1,0,79.0,6.0,94.0,15.0,8.0
0,0,Clubs,0,0,56.0,19.0,92.0,22.0,8.0
1,0,Clubs,0,1,60.0,18.0,93.0,22.0,8.0
1,0,Clubs,0,1,48.0,11.0,77.0,29.0,6.0
0,0,No CCA,1,1,63.0,13.0,92.0,20.0,8.0
1,0,Arts,0,0,51.0,9.0,91.0,24.0,8.0
1,1,Clubs,0,1,73.0,18.0,94.0,20.0,8.0
1,0,Clubs,0,1,64.0,10.0,92.0,28.0,8.0
0,0,Sports,1,1,96.0,5.0,96.0,23.0,8.0
0,1,No CCA,1,0,82.0,8.0,91.0,17.0,8.0
1,0,Arts,1,0,48.0,7.0,87.0,30.0,8.0
1,0,Clubs,0,1,57.0,18.0,93.0,27.0,8.0
0,0,Clubs,0,0,63.0,12.0,95.0,27.0,8.0
1,1,Arts,0,0,51.0,7.0,92.0,25.0,8.0
1,0,Clubs,0,0,41.0,13.0,86.0,24.0,8.0
1,0,Clubs,0,0,59.0,8.0,93.0,31.0,8.0
2,0,Sports,1,0,67.0,12.0,90.0,22.0,8.0
0,0,No CCA,1,1,61.0,18.0,93.0,22.0,8.0
1,0,Sports,0,0,51.0,17.0,91.0,31.0,8.0
1,1,Arts,0,1,72.0,6.0,94.0,17.0,8.0
2,0,Clubs,0,0,62.0,5.0,90.0,20.0,8.0
0,0,No CCA,0,1,72.0,14.0,,21.0,8.0
2,0,Clubs,0,1,62.0,9.0,97.0,20.0,8.0
1,0,Clubs,1,0,47.0,8.0,62.0,30.0,6.0
1,0,Clubs,0,0,55.0,7.0,91.0,31.0,8.0
0,0,Clubs,1,0,57.0,9.0,99.0,20.0,8.0
0,0,Clubs,0,0,51.0,4.0,91.0,21.0,8.0
0,0,Clubs,0,0,59.0,11.0,97.0,22.0,8.0
1,1,Arts,0,1,78.0,6.0,95.0,17.0,8.0
0,1,Sports,1,0,69.0,9.0,92.0,16.0,7.0
1,0,Arts,0,0,51.0,13.0,93.0,25.0,8.0
1,1,Sports,0,0,47.0,7.0,99.0,29.0,8.0
1,1,No CCA,1,1,95.0,8.0,92.0,17.0,8.0
2,0,No CCA,1,0,78.0,7.0,95.0,17.0,8.0
0,0,Clubs,0,0,71.0,14.0,93.0,27.0,8.0
1,1,Sports,1,1,68.0,19.0,98.0,21.0,8.0
0,1,Clubs,1,0,69.0,7.0,95.0,16.0,8.0
1,0,Arts,0,0,54.0,14.0,99.0,29.0,8.0
1,0,Arts,1,1,51.0,12.0,96.0,30.0,8.0
2,1,No CCA,1,0,67.0,14.0,92.0,20.0,8.0
1,0,Arts,0,1,58.0,9.0,91.0,28.0,8.0
1,1,Arts,0,1,54.0,8.0,94.0,25.0,8.0
2,0,No CCA,1,1,81.0,7.0,98.0,17.0,8.0
0,1,No CCA,1,0,83.0,9.0,95.0,16.0,8.0
0,0,Clubs,1,0,68.0,13.0,91.0,28.0,7.0
0,0,Clubs,0,0,65.0,10.0,93.0,21.0,8.0
2,0,Arts,0,1,57.0,7.0,95.0,19.0,8.0
0,0,Clubs,1,1,92.0,9.0,96.0,23.0,8.0
0,0,Clubs,1,1,78.0,7.0,90.0,28.0,8.0
0,0,Sports,0,0,69.0,6.0,90.0,27.0,8.0
1,0,Arts,1,1,50.0,10.0,100.0,26.0,8.0
0,0,No CCA,1,0,92.0,6.0,94.0,19.0,8.0
1,0,No CCA,1,0,48.0,1.0,90.0,30.0,8.0
2,0,Sports,1,0,66.0,10.0,93.0,23.0,8.0
0,0,Arts,0,1,93.0,10.0,90.0,21.0,8.0
2,0,No CCA,1,0,70.0,17.0,99.0,23.0,8.0
1,0,Sports,0,1,68.0,7.0,99.0,22.0,8.0
1,0,Arts,0,0,47.0,9.0,76.0,29.0,7.0
2,0,Arts,0,0,53.0,17.0,92.0,22.0,8.0
0,1,Sports,1,1,75.0,5.0,100.0,16.0,8.0
1,0,Arts,0,0,47.0,2.0,96.0,29.0,8.0
2,0,No CCA,1,0,84.0,10.0,91.0,17.0,8.0
0,0,Sports,0,0,65.0,17.0,93.0,21.0,8.0
1,0,Sports,0,1,63.0,20.0,96.0,24.0,8.0
0,1,Sports,0,1,69.0,13.0,100.0,16.0,8.0
1,0,Clubs,0,0,55.0,13.0,94.0,31.0,8.0
2,0,Sports,0,0,40.0,1.0,49.0,22.0,5.0
0,0,No CCA,1,1,91.0,9.0,97.0,23.0,8.0
1,1,Arts,0,1,80.0,9.0,99.0,21.0,8.0
0,0,No CCA,0,0,70.0,8.0,93.0,27.0,8.0
2,1,Arts,1,0,80.0,10.0,97.0,14.0,8.0
2,0,Clubs,0,0,78.0,9.0,97.0,21.0,8.0
2,0,Sports,0,1,65.0,17.0,97.0,23.0,8.0
0,1,No CCA,1,1,86.0,8.0,95.0,17.0,8.0
1,1,Arts,0,1,81.0,10.0,95.0,17.0,8.0
0,1,Arts,0,1,70.0,6.0,99.0,16.0,8.0
1,0,Clubs,1,0,53.0,14.0,97.0,30.0,8.0
2,0,Sports,1,1,59.0,14.0,,22.0,8.0
1,0,Clubs,0,0,51.0,8.0,91.0,31.0,8.0
0,0,Clubs,0,1,80.0,8.0,94.0,22.0,8.0
0,0,Sports,0,1,67.0,9.0,96.0,21.0,8.0
1,0,No CCA,0,1,60.0,19.0,99.0,27.0,8.0
1,1,Clubs,0,1,66.0,10.0,95.0,19.0,8.0
1,0,Arts,0,1,58.0,5.0,,27.0,8.0
1,1,No CCA,0,1,86.0,5.0,100.0,22.0,8.0
0,0,Arts,1,0,88.0,6.0,92.0,23.0,8.0
2,0,Arts,0,0,42.0,13.0,94.0,24.0,8.0
0,1,Clubs,0,1,80.0,9.0,99.0,20.0,8.0
1,0,Clubs,0,1,69.0,10.0,95.0,28.0,8.0
1,1,No CCA,1,1,93.0,10.0,98.0,21.0,8.0
1,0,Arts,0,0,64.0,20.0,91.0,22.0,8.0
0,0,Clubs,0,0,65.0,11.0,91.0,21.0,8.0
0,1,Arts,0,1,69.0,7.0,95.0,16.0,8.0
2,0,Arts,0,0,43.0,13.0,57.0,23.0,5.0
2,0,Clubs,0,0,40.0,7.0,79.0,23.0,8.0
0,0,Clubs,1,0,73.0,9.0,93.0,28.0,8.0
0,0,Clubs,1,1,66.0,11.0,92.0,27.0,8.0
0,0,Sports,1,1,76.0,17.0,99.0,22.0,8.0
0,0,Arts,0,0,68.0,12.0,94.0,20.0,8.0
0,0,Sports,0,0,57.0,8.0,100.0,21.0,8.0
2,0,No CCA,1,0,70.0,20.0,98.0,23.0,8.0
0,0,Sports,0,1,67.0,9.0,97.0,21.0,8.0
2,0,Arts,1,1,57.0,9.0,94.0,22.0,8.0
1,1,Clubs,0,0,80.0,5.0,94.0,22.0,8.0
1,1,Sports,0,1,40.0,15.0,79.0,28.0,8.0
1,0,Arts,0,0,47.0,13.0,96.0,30.0,8.0
0,0,Clubs,0,0,60.0,15.0,94.0,21.0,8.0
0,0,Sports,0,0,68.0,19.0,93.0,27.0,8.0
0,0,Clubs,1,1,95.0,5.0,98.0,23.0,8.0
1,0,No CCA,0,1,64.0,20.0,94.0,28.0,8.0
0,0,No CCA,0,1,92.0,10.0,99.0,25.0,8.0
0,0,Clubs,0,0,60.0,13.0,95.0,20.0,8.0
0,1,Sports,1,1,70.0,20.0,95.0,16.0,8.0
1,0,Arts,1,1,54.0,16.0,95.0,30.0,8.0
1,0,Arts,0,0,63.0,13.0,97.0,27.0,8.0
0,0,Arts,0,1,88.0,6.0,99.0,22.0,8.0
0,0,No CCA,0,0,64.0,13.0,99.0,21.0,8.0
1,0,Clubs,1,1,60.0,13.0,95.0,28.0,8.0
0,1,Clubs,1,1,87.0,9.0,92.0,17.0,8.0
2,1,No CCA,1,1,76.0,12.0,94.0,14.0,8.0
0,1,Sports,0,1,49.0,7.0,50.0,21.0,5.0
2,0,Clubs,0,0,40.0,3.0,44.0,23.0,4.0
0,0,Clubs,0,1,76.0,6.0,96.0,22.0,8.0
2,0,Sports,0,1,76.0,15.0,95.0,21.0,8.0
2,0,No CCA,1,1,82.0,8.0,,17.0,8.0
0,0,No CCA,0,0,66.0,15.0,,20.0,8.0
1,1,Sports,0,0,50.0,15.0,60.0,25.0,5.0
1,0,Sports,0,1,59.0,17.0,92.0,27.0,8.0
1,0,Arts,1,0,56.0,11.0,97.0,26.0,8.0
0,0,No CCA,1,0,86.0,10.0,94.0,23.0,8.0
1,0,Clubs,0,1,53.0,11.0,94.0,25.0,8.0
1,0,Arts,0,0,60.0,15.0,91.0,31.0,8.0
2,0,Arts,1,1,52.0,14.0,99.0,22.0,8.0
2,1,Arts,0,0,43.0,14.0,91.0,24.0,8.0
2,1,Clubs,1,1,73.0,13.0,,20.0,8.0
1,0,Arts,0,0,68.0,18.0,95.0,28.0,8.0
1,0,Sports,0,1,45.0,12.0,85.0,28.0,8.0
1,1,Arts,0,0,69.0,15.0,95.0,19.0,8.0
0,0,Clubs,1,0,81.0,7.0,91.0,23.0,8.0
2,0,Clubs,0,1,75.0,8.0,95.0,19.0,8.0
1,0,Sports,0,1,62.0,19.0,93.0,25.0,8.0
0,1,No CCA,1,1,81.0,5.0,90.0,17.0,8.0
1,0,Sports,0,0,38.0,13.0,41.0,28.0,4.0
0,0,Sports,0,0,59.0,6.0,96.0,27.0,8.0
0,0,No CCA,1,0,93.0,9.0,92.0,25.0,8.0
0,1,No CCA,1,0,83.0,6.0,98.0,20.0,8.0
0,0,No CCA,0,1,90.0,7.0,99.0,22.0,8.0
0,0,Sports,0,1,73.0,9.0,100.0,22.0,8.0
0,1,No CCA,1,0,90.0,6.0,95.0,16.0,8.0
2,0,Sports,1,0,69.0,14.0,94.0,22.0,8.0
1,0,Clubs,1,0,50.0,14.0,90.0,26.0,8.0
0,0,No CCA,1,1,90.0,9.0,93.0,23.0,8.0
2,1,Arts,1,1,68.0,16.0,98.0,14.0,8.0
1,0,Sports,0,0,41.0,8.0,84.0,24.0,8.0
1,0,Clubs,1,0,54.0,17.0,96.0,30.0,8.0
1,0,Clubs,0,1,70.0,9.0,98.0,22.0,8.0
2,0,Arts,0,0,44.0,12.0,94.0,24.0,8.0
2,0,Arts,1,1,82.0,9.0,,17.0,8.0
2,0,Sports,0,1,46.0,6.0,95.0,23.0,8.0
0,0,Sports,1,1,80.0,8.0,100.0,24.0,8.0
1,0,No CCA,1,1,81.0,8.0,94.0,25.0,8.0
2,0,No CCA,1,1,82.0,5.0,97.0,17.0,8.0
0,0,Arts,0,1,66.0,14.0,93.0,27.0,8.0
0,1,No CCA,1,1,87.0,7.0,97.0,18.0,8.0
1,0,Arts,0,0,43.0,9.0,93.0,30.0,8.0
2,0,No CCA,1,1,80.0,9.0,92.0,19.0,8.0
1,0,Sports,1,1,61.0,6.0,97.0,28.0,8.0
0,1,No CCA,1,0,84.0,8.0,,20.0,8.0
0,0,Sports,1,1,92.0,10.0,94.0,19.0,8.0
0,0,Clubs,0,1,90.0,6.0,98.0,22.0,8.0
1,0,Clubs,1,1,62.0,19.0,97.0,25.0,8.0
0,0,No CCA,0,1,74.0,14.0,96.0,23.0,8.0
1,0,Arts,0,1,53.0,9.0,96.0,30.0,8.0
1,0,Arts,1,1,58.0,19.0,96.0,28.0,8.0
1,1,No CCA,0,1,70.0,11.0,94.0,19.0,8.0
2,1,No CCA,1,0,83.0,9.0,93.0,18.0,8.0
1,1,Clubs,1,1,67.0,15.0,97.0,27.0,8.0
1,0,Sports,1,0,47.0,4.0,90.0,30.0,8.0
0,0,No CCA,0,1,89.0,10.0,96.0,21.0,8.0
1,0,No CCA,0,0,68.0,15.0,97.0,28.0,8.0
1,0,No CCA,0,1,69.0,16.0,96.0,28.0,8.0
0,0,Sports,0,0,76.0,5.0,97.0,23.0,8.0
0,0,Clubs,0,1,94.0,7.0,96.0,25.0,8.0
0,0,Sports,1,1,58.0,19.0,93.0,27.0,8.0
2,0,No CCA,1,0,81.0,6.0,93.0,17.0,8.0
0,1,Sports,0,1,83.0,6.0,95.0,21.0,8.0
0,0,Sports,1,1,93.0,6.0,96.0,19.0,8.0
0,1,Arts,0,1,79.0,6.0,92.0,20.0,8.0
1,0,Sports,1,1,57.0,14.0,96.0,28.0,8.0
0,0,No CCA,0,1,98.0,9.0,95.0,21.0,8.0
1,0,Arts,0,1,58.0,16.0,100.0,28.0,8.0
1,1,Clubs,1,1,70.0,12.0,99.0,20.0,8.0
0,1,No CCA,1,1,90.0,7.0,92.0,16.0,8.0
0,0,Clubs,0,0,49.0,2.0,99.0,21.0,8.0
1,1,Sports,1,0,49.0,13.0,95.0,30.0,8.0
1,0,Clubs,0,1,55.0,6.0,91.0,24.0,8.0
0,0,No CCA,1,0,90.0,7.0,95.0,18.0,8.0
1,0,Sports,0,0,53.0,12.0,92.0,25.0,8.0
0,1,Clubs,0,1,79.0,10.0,98.0,20.0,8.0
2,0,Clubs,1,1,77.0,6.0,94.0,19.0,8.0
1,0,Arts,1,1,48.0,14.0,67.0,30.0,6.0
2,0,Arts,0,1,57.0,15.0,97.0,20.0,8.0
2,0,No CCA,1,0,77.0,9.0,94.0,17.0,8.0
0,1,No CCA,1,0,87.0,7.0,94.0,16.0,8.0
0,0,Clubs,0,0,76.0,7.0,99.0,27.0,8.0
2,1,No CCA,1,0,72.0,6.0,94.0,20.0,8.0
2,0,Sports,0,0,54.0,11.0,94.0,22.0,7.0
0,0,Sports,0,1,66.0,7.0,91.0,22.0,8.0
1,0,Clubs,1,1,72.0,20.0,99.0,24.0,8.0
1,1,Sports,0,1,74.0,20.0,91.0,17.0,8.0
1,0,No CCA,0,1,65.0,15.0,99.0,22.0,8.0
0,0,No CCA,0,0,69.0,7.0,93.0,20.0,8.0
1,0,Clubs,1,0,43.0,6.0,96.0,28.0,8.0
0,0,No CCA,0,1,94.0,5.0,91.0,21.0,8.0
1,0,Sports,0,1,64.0,18.0,,28.0,8.0
2,0,Clubs,1,1,55.0,5.0,99.0,22.0,8.0
1,0,Arts,0,0,62.0,13.0,96.0,28.0,8.0
2,0,Clubs,1,1,80.0,9.0,100.0,19.0,8.0
1,0,Sports,0,1,44.0,14.0,,24.0,7.0
0,0,No CCA,0,1,94.0,9.0,94.0,25.0,8.0
0,0,No CCA,1,0,72.0,13.0,90.0,28.0,8.0
2,0,Sports,0,0,39.0,10.0,71.0,22.0,5.0
1,0,Arts,0,1,55.0,18.0,96.0,24.0,8.0
1,0,Arts,0,1,50.0,17.0,51.0,24.0,4.0
1,1,No CCA,1,1,84.0,9.0,92.0,17.0,8.0
1,0,Arts,1,0,52.0,13.0,98.0,30.0,8.0
1,1,Sports,1,0,57.0,5.0,97.0,27.0,8.0
1,1,No CCA,1,1,91.0,7.0,93.0,21.0,8.0
1,1,Sports,0,1,80.0,8.0,91.0,21.0,8.0
1,0,No CCA,0,1,60.0,19.0,94.0,24.0,8.0
2,0,No CCA,0,0,45.0,8.0,58.0,23.0,6.0
0,0,Sports,1,0,67.0,15.0,96.0,27.0,8.0
0,0,Clubs,1,1,88.0,7.0,99.0,18.0,8.0
0,1,Clubs,0,0,75.0,8.0,91.0,20.0,8.0
0,0,Sports,0,1,68.0,15.0,98.0,22.0,8.0
1,0,No CCA,0,1,70.0,14.0,97.0,22.0,8.0
2,0,Clubs,0,1,71.0,18.0,91.0,19.0,8.0
1,0,No CCA,0,1,65.0,7.0,91.0,28.0,8.0
1,0,Sports,0,1,53.0,18.0,92.0,30.0,8.0
1,1,Clubs,1,1,85.0,5.0,97.0,22.0,8.0
0,1,Clubs,0,1,83.0,9.0,99.0,21.0,8.0
0,0,No CCA,0,1,77.0,5.0,96.0,22.0,8.0
0,1,Clubs,0,1,78.0,8.0,97.0,20.0,8.0
0,0,Arts,0,1,68.0,19.0,96.0,27.0,8.0
1,0,Sports,1,1,59.0,13.0,93.0,26.0,8.0
2,0,No CCA,1,1,72.0,17.0,99.0,17.0,8.0
1,0,Sports,0,1,62.0,13.0,98.0,28.0,8.0
1,0,Sports,0,0,48.0,3.0,63.0,25.0,6.0
1,0,Clubs,0,1,48.0,12.0,94.0,25.0,8.0
0,0,Arts,1,0,53.0,15.0,96.0,20.0,8.0
1,1,Clubs,1,1,71.0,15.0,92.0,19.0,7.0
1,0,Clubs,1,0,49.0,13.0,94.0,30.0,8.0
1,0,Arts,0,1,68.0,14.0,96.0,22.0,8.0
1,0,No CCA,0,0,67.0,13.0,99.0,28.0,8.0
1,0,No CCA,1,1,81.0,7.0,94.0,25.0,8.0
2,0,No CCA,1,1,83.0,8.0,99.0,17.0,8.0
0,1,Sports,1,0,74.0,15.0,92.0,18.0,8.0
1,1,Arts,1,1,85.0,9.0,93.0,17.0,8.0
1,1,Clubs,0,0,44.0,8.0,,28.0,8.0
0,0,Arts,0,1,79.0,6.0,95.0,21.0,8.0
1,0,Clubs,0,0,46.0,9.0,94.0,29.0,8.0
1,0,Sports,0,1,64.0,16.0,91.0,22.0,8.0
1,0,Arts,0,1,41.0,10.0,94.0,24.0,8.0
2,0,Arts,1,0,70.0,9.0,93.0,23.0,8.0
0,0,Sports,1,0,75.0,8.0,91.0,27.0,8.0
2,0,Clubs,0,0,45.0,2.0,54.0,24.0,5.0
1,0,Sports,0,1,65.0,14.0,90.0,28.0,8.0
1,1,Clubs,0,1,73.0,13.0,91.0,20.0,8.0
2,1,No CCA,1,1,84.0,8.0,93.0,14.0,8.0
1,1,Clubs,1,0,41.0,0.0,82.0,24.0,8.0
2,0,Arts,0,0,60.0,10.0,93.0,20.0,8.0
1,0,Sports,0,1,64.0,6.0,95.0,27.0,8.0
2,0,Clubs,0,0,58.0,13.0,94.0,20.0,8.0
0,0,Arts,0,0,67.0,7.0,94.0,27.0,8.0
0,1,No CCA,1,0,81.0,8.0,91.0,17.0,8.0
2,0,Sports,1,0,84.0,10.0,96.0,17.0,8.0
1,0,Clubs,0,0,61.0,15.0,97.0,27.0,8.0
0,0,No CCA,1,1,89.0,7.0,95.0,22.0,8.0
1,0,Arts,0,1,52.0,19.0,98.0,24.0,8.0
1,0,Clubs,0,0,57.0,7.0,91.0,27.0,8.0
0,0,Arts,1,0,73.0,17.0,91.0,28.0,8.0
1,0,No CCA,0,1,61.0,10.0,93.0,27.0,8.0
1,0,Arts,1,1,70.0,15.0,98.0,24.0,8.0
1,0,Clubs,0,1,52.0,15.0,93.0,30.0,8.0
1,0,Arts,0,0,46.0,0.0,97.0,25.0,8.0
2,0,Sports,0,1,75.0,5.0,91.0,19.0,8.0
0,1,No CCA,1,0,69.0,10.0,96.0,19.0,8.0
0,0,Clubs,0,0,69.0,10.0,97.0,22.0,8.0
0,0,Arts,0,0,55.0,14.0,92.0,21.0,8.0
0,0,No CCA,1,0,72.0,5.0,95.0,28.0,8.0
1,0,Sports,1,0,61.0,6.0,,27.0,8.0
2,0,Clubs,1,1,74.0,12.0,91.0,21.0,8.0
1,0,Arts,0,1,45.0,14.0,66.0,28.0,6.0
1,0,Clubs,0,1,67.0,13.0,97.0,28.0,8.0
1,0,Arts,0,1,58.0,17.0,93.0,24.0,8.0
0,0,No CCA,1,1,95.0,9.0,92.0,19.0,8.0
0,0,Sports,0,1,58.0,6.0,93.0,22.0,8.0
1,1,No CCA,0,1,72.0,6.0,,20.0,8.0
0,0,Arts,0,0,65.0,7.0,97.0,21.0,8.0
1,0,Arts,0,0,55.0,16.0,91.0,31.0,8.0
0,0,Sports,0,1,78.0,9.0,98.0,21.0,8.0
2,0,Clubs,1,0,72.0,11.0,97.0,23.0,8.0
1,1,Sports,0,0,78.0,10.0,90.0,21.0,8.0
1,0,Clubs,1,0,54.0,7.0,97.0,30.0,8.0
2,1,Arts,1,1,77.0,9.0,97.0,14.0,8.0
0,1,Arts,1,0,83.0,7.0,94.0,20.0,8.0
1,0,Clubs,0,1,68.0,14.0,96.0,28.0,8.0
2,0,Sports,0,0,39.0,6.0,91.0,24.0,8.0
1,0,Arts,0,0,51.0,8.0,95.0,24.0,8.0
0,0,No CCA,0,1,70.0,11.0,97.0,27.0,8.0
0,1,No CCA,0,0,72.0,5.0,94.0,19.0,8.0
2,0,No CCA,0,1,62.0,7.0,100.0,22.0,8.0
1,0,Arts,1,0,47.0,13.0,97.0,30.0,8.0
2,0,Clubs,0,0,53.0,8.0,99.0,22.0,8.0
2,0,Clubs,1,1,53.0,18.0,96.0,18.0,8.0
0,1,Sports,0,0,80.0,10.0,98.0,21.0,8.0
1,0,Sports,0,1,64.0,19.0,90.0,22.0,8.0
2,0,Sports,0,0,41.0,14.0,91.0,22.0,8.0
2,0,Arts,1,1,78.0,5.0,97.0,17.0,8.0
1,0,Clubs,1,1,70.0,17.0,,24.0,8.0
0,0,Arts,0,1,98.0,7.0,100.0,21.0,8.0
0,0,Sports,0,0,64.0,13.0,99.0,27.0,8.0
1,0,Arts,0,1,59.0,12.0,92.0,28.0,8.0
0,0,No CCA,1,1,89.0,6.0,95.0,19.0,8.0
0,0,Clubs,0,0,97.0,8.0,92.0,25.0,7.0
0,0,Arts,0,1,91.0,7.0,91.0,25.0,8.0
1,1,Sports,1,0,57.0,6.0,94.0,27.0,8.0
0,1,No CCA,1,1,79.0,10.0,94.0,15.0,8.0
2,1,Clubs,1,0,83.0,9.0,99.0,18.0,8.0
1,0,Sports,1,0,49.0,10.0,94.0,25.0,8.0
1,0,Sports,1,1,48.0,7.0,99.0,30.0,8.0
1,0,Arts,0,0,39.0,14.0,81.0,24.0,7.0
1,0,Arts,0,1,57.0,6.0,94.0,31.0,8.0
2,0,Clubs,0,0,59.0,9.0,100.0,20.0,8.0
2,0,Clubs,0,1,72.0,12.0,95.0,19.0,8.0
1,0,Arts,0,1,67.0,11.0,94.0,28.0,8.0
2,0,Sports,0,0,52.0,6.0,95.0,19.0,8.0
2,0,Sports,0,0,42.0,14.0,63.0,24.0,6.0
0,0,Arts,0,0,94.0,9.0,92.0,21.0,8.0
0,0,Arts,1,1,74.0,18.0,91.0,24.0,8.0
1,0,Sports,0,1,69.0,6.0,96.0,28.0,8.0
0,0,No CCA,0,1,89.0,9.0,,21.0,8.0
1,0,Sports,1,0,59.0,7.0,99.0,26.0,8.0
1,1,Arts,0,1,66.0,19.0,92.0,21.0,8.0
2,0,Arts,0,0,40.0,8.0,99.0,23.0,8.0
1,0,Sports,1,1,85.0,7.0,93.0,25.0,8.0
2,0,No CCA,0,1,42.0,12.0,96.0,23.0,8.0
1,1,No CCA,1,1,100.0,10.0,94.0,17.0,8.0
1,0,Arts,0,0,50.0,7.0,76.0,25.0,6.0
0,0,No CCA,0,1,75.0,13.0,90.0,23.0,7.0
2,1,No CCA,1,0,68.0,12.0,99.0,14.0,8.0
0,0,Sports,1,1,74.0,16.0,93.0,22.0,8.0
1,1,No CCA,1,1,91.0,6.0,97.0,21.0,8.0
0,0,No CCA,1,0,91.0,9.0,99.0,24.0,8.0
2,0,Clubs,0,1,65.0,13.0,95.0,19.0,8.0
0,0,No CCA,1,0,92.0,9.0,94.0,23.0,8.0
0,0,Clubs,0,1,77.0,6.0,97.0,22.0,8.0
2,0,Arts,1,1,70.0,7.0,93.0,23.0,8.0
1,1,No CCA,1,1,81.0,7.0,97.0,17.0,8.0
2,0,Sports,1,1,80.0,9.0,94.0,17.0,8.0
2,0,Clubs,0,0,53.0,14.0,95.0,19.0,8.0
0,1,No CCA,1,1,81.0,9.0,,15.0,8.0
0,0,No CCA,1,0,73.0,10.0,93.0,27.0,8.0
0,0,Clubs,0,1,75.0,12.0,99.0,21.0,8.0
2,0,Clubs,0,1,79.0,5.0,94.0,21.0,8.0
2,1,Clubs,1,0,73.0,14.0,91.0,20.0,8.0
0,0,Sports,1,1,78.0,6.0,92.0,24.0,8.0
1,1,Sports,0,1,77.0,6.0,92.0,20.0,8.0
0,1,No CCA,1,1,85.0,10.0,94.0,16.0,8.0
1,0,Sports,0,0,39.0,4.0,98.0,24.0,8.0
2,1,Clubs,1,0,72.0,15.0,98.0,20.0,8.0
2,0,Arts,0,1,70.0,5.0,92.0,19.0,8.0
2,1,Sports,0,0,52.0,10.0,94.0,16.0,8.0
2,0,Clubs,0,0,47.0,11.0,92.0,23.0,8.0
1,0,Clubs,1,1,64.0,15.0,99.0,26.0,8.0
2,0,Clubs,0,1,59.0,10.0,99.0,22.0,8.0
2,0,Clubs,1,1,76.0,7.0,96.0,19.0,8.0
0,1,No CCA,0,0,77.0,7.0,97.0,19.0,8.0
1,0,Sports,0,1,50.0,11.0,63.0,30.0,6.0
0,0,Arts,0,1,69.0,8.0,93.0,22.0,8.0
2,0,Clubs,1,1,77.0,8.0,98.0,17.0,8.0
2,0,Arts,1,0,72.0,16.0,91.0,22.0,8.0
2,0,No CCA,0,0,72.0,7.0,94.0,19.0,8.0
1,1,No CCA,0,1,79.0,9.0,96.0,21.0,8.0
0,0,Sports,0,1,89.0,5.0,100.0,22.0,8.0
1,1,Arts,1,1,52.0,12.0,94.0,25.0,8.0
0,0,No CCA,0,0,69.0,9.0,98.0,21.0,8.0
2,1,Arts,0,0,40.0,4.0,98.0,22.0,8.0
2,0,Arts,0,1,67.0,13.0,94.0,19.0,8.0
1,0,No CCA,1,1,69.0,17.0,99.0,24.0,8.0
0,0,Clubs,0,1,72.0,12.0,91.0,27.0,8.0
0,0,Sports,0,1,69.0,12.0,97.0,22.0,8.0
2,0,Arts,0,0,43.0,8.0,61.0,24.0,4.0
0,1,Clubs,1,1,91.0,8.0,94.0,16.0,8.0
1,0,Sports,0,1,46.0,4.0,52.0,30.0,4.0
0,0,Sports,0,1,50.0,14.0,100.0,22.0,8.0
1,0,Sports,1,0,79.0,7.0,94.0,25.0,8.0
2,0,Clubs,0,0,73.0,16.0,97.0,21.0,8.0
1,1,Sports,0,1,82.0,10.0,93.0,22.0,8.0
1,0,Arts,0,1,62.0,15.0,99.0,27.0,8.0
1,0,Clubs,1,0,58.0,14.0,95.0,26.0,8.0
1,1,Sports,0,0,49.0,10.0,87.0,25.0,8.0
2,0,Clubs,1,0,74.0,15.0,96.0,19.0,8.0
1,0,No CCA,1,1,69.0,6.0,90.0,24.0,8.0
0,0,Arts,0,1,61.0,13.0,97.0,22.0,8.0
2,1,Arts,0,1,52.0,20.0,,16.0,8.0
1,0,No CCA,0,0,60.0,10.0,95.0,31.0,8.0
0,0,Clubs,1,1,93.0,10.0,95.0,18.0,8.0
1,1,Arts,1,0,57.0,20.0,99.0,27.0,8.0
1,1,Arts,0,1,72.0,13.0,98.0,19.0,8.0
1,1,Sports,1,1,91.0,5.0,91.0,21.0,8.0
2,0,Arts,0,0,53.0,14.0,97.0,20.0,8.0
2,0,Sports,1,1,79.0,7.0,97.0,17.0,8.0
1,0,Sports,1,1,75.0,17.0,98.0,24.0,8.0
2,0,Clubs,0,1,70.0,10.0,95.0,19.0,8.0
0,1,Arts,0,0,74.0,15.0,94.0,19.0,8.0
0,1,Sports,1,1,87.0,9.0,98.0,17.0,8.0
1,1,No CCA,0,1,83.0,9.0,99.0,17.0,8.0
0,1,Clubs,1,1,86.0,6.0,99.0,20.0,8.0
0,0,Sports,0,0,68.0,14.0,93.0,27.0,8.0
1,0,Clubs,0,0,50.0,7.0,95.0,25.0,8.0
0,0,No CCA,1,0,85.0,5.0,96.0,27.0,8.0
1,1,No CCA,1,1,88.0,7.0,98.0,21.0,8.0
1,0,Clubs,0,1,54.0,20.0,91.0,24.0,7.0
0,0,No CCA,1,1,89.0,6.0,96.0,19.0,8.0
0,1,No CCA,1,0,87.0,7.0,,16.0,8.0
0,0,Sports,0,0,69.0,17.0,92.0,27.0,8.0
2,1,No CCA,1,0,68.0,12.0,93.0,15.0,8.0
1,0,Clubs,1,1,51.0,7.0,96.0,30.0,8.0
0,0,Arts,0,1,66.0,9.0,94.0,21.0,8.0
0,0,No CCA,0,1,69.0,7.0,97.0,27.0,8.0
0,0,No CCA,1,0,92.0,6.0,92.0,23.0,8.0
1,0,Arts,0,0,59.0,15.0,93.0,27.0,8.0
1,1,No CCA,0,0,82.0,6.0,98.0,21.0,8.0
1,0,No CCA,0,1,64.0,11.0,92.0,28.0,8.0
0,1,No CCA,1,0,91.0,5.0,96.0,20.0,8.0
1,0,Sports,1,1,50.0,15.0,,25.0,8.0
1,0,No CCA,1,1,63.0,6.0,91.0,28.0,8.0
1,0,Sports,1,0,53.0,9.0,99.0,30.0,8.0
1,1,Clubs,1,0,45.0,2.0,97.0,30.0,8.0
0,0,Sports,0,1,75.0,15.0,96.0,23.0,8.0
1,0,No CCA,0,1,68.0,13.0,91.0,28.0,8.0
1,0,Arts,0,1,61.0,17.0,93.0,22.0,8.0
1,0,Clubs,0,0,62.0,18.0,,27.0,8.0
0,0,Sports,0,1,90.0,6.0,91.0,22.0,8.0
0,0,No CCA,1,1,90.0,8.0,96.0,23.0,8.0
1,0,Arts,1,1,64.0,7.0,94.0,27.0,8.0
0,0,Sports,1,0,70.0,18.0,100.0,20.0,8.0
1,0,Arts,1,0,57.0,9.0,94.0,26.0,8.0
1,0,Sports,0,1,61.0,9.0,97.0,27.0,8.0
2,1,Clubs,0,1,65.0,16.0,96.0,16.0,8.0
0,1,No CCA,0,0,78.0,6.0,94.0,21.0,8.0
2,0,Arts,1,1,58.0,11.0,95.0,22.0,8.0
1,0,Arts,0,1,50.0,11.0,53.0,30.0,5.0
2,0,Clubs,0,1,66.0,17.0,96.0,23.0,8.0
0,1,Arts,1,0,74.0,6.0,,18.0,8.0
0,0,Arts,0,1,67.0,8.0,95.0,21.0,8.0
2,1,Arts,0,0,49.0,13.0,90.0,23.0,8.0
0,0,Clubs,0,1,61.0,15.0,92.0,20.0,8.0
0,0,Arts,0,1,79.0,9.0,96.0,21.0,8.0
0,0,No CCA,0,1,91.0,5.0,95.0,21.0,8.0
1,0,No CCA,0,1,68.0,17.0,99.0,22.0,8.0
0,1,No CCA,0,1,82.0,8.0,97.0,20.0,8.0
1,1,Clubs,0,0,39.0,11.0,97.0,28.0,8.0
2,1,Sports,1,1,78.0,7.0,93.0,14.0,8.0
1,0,Arts,0,0,63.0,16.0,90.0,28.0,8.0
1,1,Arts,0,1,70.0,15.0,94.0,21.0,8.0
2,0,No CCA,1,1,67.0,5.0,100.0,23.0,8.0
1,0,Sports,0,1,69.0,19.0,92.0,28.0,8.0
2,0,Arts,0,1,56.0,13.0,99.0,18.0,8.0
1,0,Clubs,0,1,61.0,19.0,91.0,24.0,8.0
1,0,Sports,1,0,55.0,18.0,98.0,26.0,8.0
1,0,Sports,1,0,42.0,8.0,81.0,30.0,8.0
1,0,Clubs,1,0,54.0,15.0,99.0,30.0,8.0
1,1,No CCA,0,0,77.0,6.0,95.0,17.0,8.0
1,0,No CCA,0,0,53.0,18.0,96.0,31.0,8.0
1,1,Clubs,0,0,79.0,6.0,93.0,21.0,8.0
0,0,Arts,0,0,63.0,11.0,93.0,27.0,8.0
2,0,Sports,0,1,74.0,8.0,91.0,19.0,8.0
0,1,Clubs,1,0,75.0,6.0,98.0,15.0,8.0
1,0,Clubs,1,0,45.0,4.0,91.0,24.0,8.0
2,0,Clubs,0,1,70.0,19.0,91.0,21.0,8.0
1,0,No CCA,0,1,74.0,8.0,91.0,28.0,8.0
0,0,Sports,0,1,74.0,19.0,90.0,23.0,8.0
0,0,Arts,0,1,94.0,9.0,94.0,25.0,8.0
0,0,Clubs,0,0,77.0,9.0,97.0,23.0,8.0
0,0,Arts,0,1,72.0,9.0,97.0,21.0,8.0
1,1,No CCA,0,0,82.0,6.0,91.0,22.0,8.0
0,0,No CCA,0,1,73.0,9.0,92.0,23.0,8.0
0,0,Clubs,0,0,64.0,19.0,92.0,27.0,8.0
1,0,Clubs,0,0,54.0,18.0,98.0,31.0,8.0
0,0,Sports,0,1,71.0,8.0,93.0,22.0,8.0
1,1,Sports,0,1,80.0,10.0,93.0,21.0,8.0
1,0,No CCA,1,1,64.0,14.0,99.0,24.0,8.0
2,0,Sports,0,1,63.0,19.0,95.0,19.0,8.0
0,0,Sports,0,0,69.0,19.0,99.0,21.0,8.0
0,0,No CCA,1,0,82.0,6.0,98.0,24.0,8.0
0,0,Arts,1,1,79.0,5.0,92.0,28.0,8.0
2,1,Sports,1,0,72.0,7.0,95.0,20.0,8.0
0,0,Arts,0,0,55.0,12.0,91.0,22.0,8.0
2,0,Clubs,1,1,57.0,8.0,,22.0,8.0
0,1,No CCA,1,1,85.0,7.0,93.0,21.0,8.0
2,0,Clubs,0,0,50.0,6.0,76.0,22.0,6.0
1,0,No CCA,0,1,66.0,10.0,94.0,27.0,8.0
1,0,Sports,1,0,55.0,7.0,91.0,26.0,8.0
2,1,Sports,0,0,49.0,0.0,67.0,24.0,6.0
2,1,No CCA,1,0,70.0,8.0,97.0,15.0,8.0
0,1,Arts,1,0,82.0,6.0,93.0,18.0,8.0
2,0,Arts,1,1,77.0,6.0,92.0,17.0,8.0
2,0,Arts,0,1,69.0,11.0,94.0,23.0,8.0
1,0,Arts,1,0,49.0,3.0,98.0,30.0,8.0
2,0,No CCA,0,1,70.0,6.0,100.0,19.0,8.0
0,0,No CCA,1,1,98.0,9.0,92.0,21.0,8.0
1,1,No CCA,0,1,69.0,12.0,100.0,21.0,8.0
2,1,Clubs,1,0,73.0,9.0,99.0,20.0,8.0
1,0,Arts,0,1,46.0,4.0,87.0,29.0,8.0
2,1,Clubs,0,1,44.0,12.0,80.0,24.0,6.0
1,1,No CCA,1,0,76.0,7.0,93.0,20.0,8.0
1,0,No CCA,0,0,57.0,8.0,93.0,27.0,8.0
1,0,Sports,1,0,50.0,18.0,58.0,30.0,5.0
0,0,Arts,1,1,91.0,6.0,90.0,21.0,8.0
0,0,Clubs,0,1,77.0,5.0,97.0,22.0,8.0
1,1,No CCA,1,1,90.0,6.0,97.0,21.0,8.0
2,0,Sports,1,0,68.0,9.0,90.0,23.0,8.0
0,1,Arts,0,1,79.0,7.0,91.0,15.0,7.0
2,0,Sports,1,0,69.0,12.0,93.0,21.0,8.0
0,0,Arts,1,1,74.0,14.0,100.0,28.0,8.0
2,1,No CCA,1,1,79.0,9.0,98.0,14.0,8.0
1,0,Sports,1,1,72.0,9.0,91.0,24.0,8.0
1,0,Sports,0,1,59.0,11.0,91.0,31.0,8.0
0,0,Arts,0,1,99.0,8.0,96.0,21.0,8.0
1,0,No CCA,1,1,81.0,5.0,98.0,25.0,8.0
1,0,Clubs,0,1,48.0,8.0,92.0,30.0,8.0
1,1,Clubs,0,1,47.0,5.0,95.0,25.0,8.0
0,0,Sports,1,0,79.0,6.0,99.0,27.0,8.0
1,1,Clubs,1,1,62.0,18.0,94.0,27.0,8.0
0,1,Arts,1,0,75.0,5.0,93.0,15.0,8.0
0,1,Clubs,0,1,75.0,18.0,94.0,15.0,8.0
0,0,No CCA,1,1,81.0,10.0,90.0,24.0,8.0
2,0,Arts,1,0,54.0,6.0,96.0,20.0,8.0
0,0,Sports,1,1,65.0,18.0,97.0,20.0,8.0
1,0,Clubs,0,0,47.0,5.0,92.0,30.0,8.0
1,0,Arts,0,0,51.0,10.0,97.0,30.0,8.0
2,1,Sports,1,0,69.0,13.0,96.0,15.0,8.0
1,0,Arts,0,1,69.0,5.0,95.0,28.0,8.0
2,0,Sports,0,1,56.0,7.0,100.0,18.0,8.0
1,1,Sports,0,0,76.0,10.0,97.0,21.0,8.0
1,1,No CCA,1,1,96.0,8.0,93.0,17.0,8.0
0,1,Clubs,1,0,78.0,8.0,95.0,20.0,8.0
2,0,Arts,0,0,62.0,18.0,99.0,20.0,8.0
0,0,No CCA,0,1,95.0,10.0,99.0,21.0,8.0
0,0,Sports,0,0,77.0,7.0,96.0,21.0,8.0
0,0,No CCA,1,1,89.0,8.0,95.0,19.0,8.0
0,0,No CCA,1,0,81.0,5.0,95.0,27.0,8.0
2,0,Sports,1,0,69.0,16.0,96.0,22.0,8.0
1,1,Arts,0,1,66.0,16.0,92.0,21.0,7.0
1,1,Clubs,1,0,48.0,5.0,96.0,30.0,8.0
1,1,No CCA,1,1,93.0,9.0,98.0,21.0,8.0
0,1,No CCA,1,1,86.0,7.0,,17.0,8.0
0,1,No CCA,1,0,82.0,9.0,99.0,20.0,8.0
1,1,Clubs,1,0,45.0,6.0,60.0,30.0,5.0
1,0,Clubs,0,1,57.0,11.0,96.0,30.0,8.0
1,0,Sports,1,0,52.0,17.0,97.0,30.0,8.0
1,1,No CCA,1,1,87.0,6.0,92.0,21.0,8.0
1,0,Sports,0,0,62.0,8.0,97.0,28.0,8.0
2,0,Sports,0,1,39.0,13.0,57.0,24.0,5.0
2,0,Clubs,0,0,56.0,10.0,93.0,20.0,8.0
2,1,No CCA,1,0,73.0,15.0,95.0,20.0,8.0
0,0,Sports,1,0,75.0,6.0,98.0,27.0,8.0
1,0,Sports,0,1,35.0,14.0,45.0,28.0,4.0
0,0,Sports,0,0,64.0,7.0,95.0,27.0,8.0
0,1,Sports,1,0,87.0,10.0,93.0,16.0,8.0
1,1,Sports,0,1,47.0,5.0,68.0,25.0,6.0
2,0,Clubs,0,1,56.0,19.0,100.0,22.0,8.0
2,1,Clubs,0,1,48.0,15.0,95.0,18.0,8.0
2,0,Clubs,0,0,53.0,19.0,92.0,19.0,7.0
1,0,Sports,0,1,59.0,15.0,92.0,24.0,8.0
1,1,Sports,0,0,49.0,2.0,68.0,25.0,6.0
0,0,No CCA,1,1,77.0,8.0,99.0,21.0,8.0
2,0,No CCA,1,1,60.0,15.0,99.0,22.0,8.0
2,0,Sports,1,1,80.0,9.0,,17.0,8.0
0,1,No CCA,0,1,84.0,9.0,96.0,21.0,8.0
0,0,Clubs,1,1,78.0,9.0,100.0,24.0,8.0
1,1,Arts,0,0,46.0,8.0,92.0,30.0,8.0
1,1,No CCA,0,0,87.0,8.0,96.0,17.0,8.0
0,0,Sports,0,1,79.0,8.0,90.0,23.0,8.0
2,0,No CCA,1,1,79.0,6.0,100.0,19.0,8.0
2,1,Clubs,1,0,73.0,15.0,94.0,20.0,8.0
0,0,Arts,0,0,63.0,16.0,96.0,27.0,8.0
1,0,Clubs,1,1,67.0,12.0,98.0,24.0,8.0
2,0,Arts,1,0,53.0,18.0,97.0,19.0,8.0
2,0,Arts,1,0,72.0,13.0,94.0,22.0,8.0
1,0,Arts,1,0,55.0,8.0,95.0,26.0,8.0
2,0,No CCA,0,1,70.0,10.0,93.0,21.0,8.0
0,0,No CCA,0,1,71.0,10.0,92.0,21.0,8.0
2,0,Sports,1,1,72.0,6.0,,19.0,8.0
2,0,Clubs,1,0,62.0,17.0,99.0,20.0,8.0
0,1,No CCA,1,0,83.0,7.0,92.0,20.0,8.0
2,1,Sports,1,1,77.0,9.0,98.0,14.0,8.0
0,0,Sports,1,1,61.0,16.0,94.0,20.0,8.0
2,0,No CCA,0,1,60.0,10.0,98.0,20.0,8.0
1,0,Arts,0,0,50.0,11.0,51.0,25.0,4.0
1,1,Clubs,0,1,78.0,7.0,99.0,20.0,8.0
1,1,No CCA,1,0,91.0,5.0,98.0,21.0,8.0
0,1,Sports,0,1,75.0,8.0,91.0,15.0,7.0
1,1,Clubs,0,1,80.0,5.0,97.0,17.0,8.0
1,0,Clubs,0,1,57.0,7.0,93.0,27.0,8.0
2,0,Arts,0,0,61.0,8.0,95.0,20.0,8.0
1,0,Clubs,1,1,57.0,14.0,99.0,30.0,8.0
2,0,Clubs,1,0,61.0,15.0,91.0,23.0,7.0
1,0,Sports,1,0,56.0,12.0,92.0,26.0,8.0
0,1,Sports,0,0,79.0,8.0,95.0,19.0,8.0
0,1,Clubs,1,1,80.0,7.0,98.0,18.0,8.0
2,0,Clubs,0,0,78.0,9.0,91.0,21.0,8.0
0,1,No CCA,0,1,73.0,17.0,94.0,15.0,8.0
1,0,No CCA,1,1,64.0,6.0,94.0,28.0,8.0
0,0,Sports,0,0,69.0,6.0,97.0,21.0,8.0
2,0,Arts,0,0,59.0,16.0,92.0,20.0,8.0
1,0,Clubs,1,0,50.0,18.0,98.0,30.0,8.0
2,0,Arts,0,0,59.0,16.0,91.0,20.0,8.0
2,0,Clubs,0,1,72.0,17.0,99.0,21.0,8.0
1,0,Clubs,1,0,55.0,12.0,96.0,30.0,8.0
0,0,No CCA,1,0,85.0,9.0,92.0,27.0,8.0
2,1,Arts,1,0,68.0,15.0,91.0,15.0,7.0
1,0,Sports,0,1,63.0,12.0,97.0,28.0,8.0
2,0,Clubs,0,0,49.0,9.0,62.0,24.0,6.0
2,0,No CCA,0,0,62.0,16.0,91.0,20.0,7.0
1,0,Arts,1,1,47.0,2.0,100.0,29.0,8.0
0,0,No CCA,1,1,93.0,9.0,93.0,19.0,8.0
1,1,Sports,0,1,66.0,12.0,91.0,21.0,8.0
2,1,Clubs,1,1,76.0,10.0,98.0,14.0,8.0
1,0,Arts,0,0,36.0,1.0,89.0,24.0,8.0
1,1,No CCA,1,1,88.0,5.0,96.0,21.0,8.0
0,0,Arts,0,1,75.0,11.0,99.0,22.0,8.0
0,0,No CCA,1,1,77.0,10.0,98.0,21.0,8.0
1,1,No CCA,0,1,85.0,9.0,,22.0,8.0
2,0,Arts,1,0,78.0,9.0,99.0,17.0,8.0
2,0,Sports,0,1,57.0,11.0,91.0,19.0,8.0
1,0,Arts,1,0,50.0,20.0,97.0,25.0,8.0
1,0,Arts,1,0,53.0,9.0,93.0,30.0,8.0
0,0,Sports,0,1,58.0,7.0,96.0,22.0,8.0
1,0,Sports,0,0,51.0,18.0,90.0,30.0,7.0
1,1,Sports,0,1,54.0,13.0,100.0,25.0,8.0
1,0,Sports,0,0,55.0,15.0,94.0,30.0,8.0
1,0,Clubs,0,1,58.0,10.0,98.0,27.0,8.0
0,0,Arts,0,1,62.0,17.0,93.0,21.0,8.0
0,0,No CCA,1,0,71.0,9.0,,22.0,8.0
1,0,Clubs,1,0,56.0,17.0,94.0,27.0,8.0
1,0,Arts,0,1,54.0,13.0,96.0,24.0,8.0
1,1,Clubs,0,0,48.0,12.0,55.0,24.0,5.0
1,0,Sports,0,0,62.0,10.0,92.0,27.0,8.0
1,0,Sports,1,1,60.0,9.0,90.0,28.0,8.0
1,0,No CCA,1,1,64.0,17.0,92.0,27.0,8.0
1,0,No CCA,1,1,63.0,13.0,90.0,22.0,8.0
1,1,Clubs,0,1,71.0,17.0,93.0,20.0,8.0
2,0,No CCA,1,1,78.0,9.0,92.0,17.0,7.0
1,1,Sports,1,1,69.0,14.0,96.0,21.0,8.0
1,0,Arts,0,0,52.0,9.0,97.0,30.0,8.0
0,1,No CCA,1,0,82.0,10.0,92.0,17.0,8.0
0,0,Arts,0,0,76.0,12.0,90.0,27.0,7.0
1,1,No CCA,1,0,82.0,6.0,96.0,17.0,8.0
2,0,Clubs,0,1,76.0,8.0,92.0,19.0,8.0
1,0,Arts,0,0,53.0,14.0,94.0,30.0,8.0
0,0,Arts,0,0,54.0,6.0,95.0,21.0,8.0
1,0,Clubs,0,1,60.0,11.0,95.0,24.0,8.0
1,1,Arts,0,0,85.0,7.0,93.0,22.0,8.0
0,0,Clubs,0,0,64.0,12.0,92.0,27.0,8.0
0,0,No CCA,0,0,94.0,8.0,98.0,21.0,8.0
1,0,Arts,0,1,48.0,2.0,97.0,30.0,8.0
1,0,Sports,0,1,62.0,20.0,,27.0,8.0
0,1,Arts,1,1,79.0,9.0,97.0,20.0,8.0
1,0,Arts,1,1,63.0,17.0,97.0,28.0,8.0
1,0,Sports,0,1,68.0,19.0,96.0,22.0,8.0
1,1,Clubs,1,1,92.0,7.0,91.0,21.0,8.0
0,0,Clubs,0,0,78.0,6.0,94.0,22.0,8.0
2,0,Clubs,1,1,81.0,6.0,91.0,17.0,8.0
0,0,No CCA,1,0,75.0,6.0,92.0,27.0,8.0
2,1,Clubs,1,0,73.0,17.0,95.0,14.0,8.0
0,1,Sports,1,1,80.0,9.0,96.0,18.0,8.0
0,1,Sports,0,0,78.0,8.0,91.0,21.0,8.0
0,1,No CCA,1,0,87.0,8.0,92.0,17.0,8.0
2,0,Arts,1,0,69.0,14.0,91.0,22.0,8.0
2,0,No CCA,1,1,68.0,5.0,96.0,23.0,8.0
2,0,Clubs,0,1,58.0,18.0,99.0,22.0,8.0
2,0,Clubs,0,1,54.0,17.0,91.0,20.0,8.0
0,0,No CCA,1,1,89.0,6.0,90.0,23.0,8.0
0,1,Sports,0,0,69.0,16.0,94.0,19.0,8.0
1,1,Arts,0,1,86.0,7.0,95.0,17.0,8.0
1,1,No CCA,0,1,83.0,9.0,98.0,17.0,8.0
1,0,Clubs,1,0,54.0,19.0,91.0,30.0,8.0
1,0,Sports,0,1,73.0,6.0,92.0,22.0,8.0
1,0,Sports,0,1,58.0,10.0,93.0,28.0,8.0
2,0,Sports,0,0,57.0,12.0,94.0,22.0,8.0
1,0,Sports,0,1,55.0,13.0,93.0,24.0,8.0
1,0,Sports,1,0,48.0,0.0,71.0,30.0,7.0
1,0,Arts,0,0,42.0,14.0,99.0,28.0,8.0
0,1,No CCA,0,0,74.0,19.0,93.0,19.0,8.0
1,0,Arts,1,0,52.0,7.0,90.0,30.0,8.0
2,0,Clubs,1,0,78.0,6.0,94.0,17.0,8.0
0,0,Arts,0,0,66.0,19.0,94.0,27.0,8.0
0,0,No CCA,0,1,87.0,7.0,93.0,22.0,8.0
2,0,Arts,1,1,74.0,20.0,93.0,21.0,8.0
2,0,Arts,0,1,71.0,11.0,96.0,21.0,8.0
0,0,Clubs,1,0,74.0,18.0,,28.0,8.0
2,0,Arts,1,1,75.0,8.0,99.0,19.0,8.0
1,1,No CCA,1,0,95.0,9.0,94.0,17.0,8.0
0,0,No CCA,1,1,60.0,13.0,98.0,20.0,8.0
1,0,Sports,1,1,70.0,7.0,92.0,24.0,8.0
1,0,No CCA,0,0,47.0,5.0,96.0,30.0,8.0
1,0,Sports,0,1,47.0,8.0,92.0,30.0,8.0
0,0,Arts,0,0,58.0,17.0,92.0,21.0,8.0
2,0,Arts,0,1,57.0,9.0,92.0,22.0,8.0
1,0,Arts,0,0,56.0,6.0,95.0,27.0,8.0
0,0,Clubs,0,0,69.0,12.0,96.0,21.0,8.0
2,0,Arts,0,0,52.0,8.0,95.0,22.0,8.0
2,0,Sports,0,1,71.0,16.0,93.0,19.0,8.0
2,0,Arts,0,1,58.0,11.0,96.0,22.0,8.0
2,1,No CCA,1,0,70.0,15.0,99.0,15.0,8.0
1,0,Clubs,1,0,39.0,14.0,87.0,30.0,7.0
2,0,Sports,0,1,55.0,17.0,98.0,18.0,8.0
1,0,Sports,0,1,50.0,6.0,73.0,29.0,6.0
2,0,Sports,1,0,55.0,19.0,99.0,22.0,8.0
0,0,Arts,0,1,75.0,12.0,99.0,22.0,8.0
2,1,Clubs,1,0,73.0,15.0,95.0,18.0,8.0
0,0,No CCA,0,0,69.0,8.0,97.0,21.0,8.0
0,1,No CCA,1,0,74.0,9.0,92.0,15.0,8.0
1,0,Clubs,0,0,48.0,8.0,89.0,24.0,8.0
1,1,Arts,0,1,81.0,7.0,91.0,17.0,8.0
0,0,No CCA,1,1,97.0,8.0,92.0,25.0,8.0
2,1,No CCA,1,0,70.0,9.0,93.0,15.0,8.0
2,1,No CCA,0,0,62.0,7.0,96.0,16.0,8.0
1,0,Clubs,0,0,43.0,13.0,43.0,28.0,4.0
1,0,Sports,0,0,51.0,9.0,91.0,25.0,8.0
2,0,Arts,1,1,50.0,8.0,62.0,19.0,6.0
1,0,Arts,0,0,45.0,9.0,41.0,25.0,4.0
1,0,Sports,1,0,73.0,10.0,99.0,25.0,8.0
1,1,Sports,0,0,54.0,19.0,95.0,25.0,8.0
2,0,No CCA,1,1,82.0,9.0,95.0,19.0,8.0
1,0,Arts,0,1,48.0,5.0,85.0,25.0,7.0
0,0,No CCA,0,0,92.0,5.0,93.0,22.0,8.0
2,0,Arts,0,0,53.0,12.0,95.0,19.0,8.0
2,0,Clubs,0,1,56.0,14.0,93.0,20.0,8.0
0,0,No CCA,1,0,79.0,7.0,94.0,27.0,8.0
2,0,Clubs,1,0,69.0,11.0,99.0,23.0,8.0
2,0,Sports,0,1,48.0,14.0,97.0,18.0,8.0
2,0,Sports,0,1,40.0,4.0,50.0,22.0,4.0
1,0,Clubs,0,0,43.0,8.0,93.0,24.0,8.0
1,0,No CCA,0,1,62.0,15.0,94.0,28.0,8.0
1,0,No CCA,1,1,70.0,15.0,92.0,22.0,8.0
2,1,Sports,1,1,81.0,8.0,93.0,18.0,8.0
0,1,Arts,0,0,79.0,6.0,94.0,19.0,8.0
0,1,Clubs,1,1,75.0,5.0,92.0,16.0,8.0
1,1,Arts,0,1,76.0,18.0,98.0,21.0,8.0
1,1,Sports,0,0,86.0,9.0,94.0,22.0,8.0
1,0,Sports,1,1,76.0,10.0,96.0,24.0,8.0
1,1,Clubs,0,1,77.0,6.0,97.0,17.0,8.0
1,0,Clubs,1,1,77.0,7.0,95.0,25.0,8.0
2,0,Arts,1,1,68.0,14.0,93.0,23.0,8.0
1,0,Sports,1,0,53.0,20.0,94.0,25.0,8.0
0,0,Clubs,0,1,88.0,9.0,93.0,22.0,8.0
0,0,Sports,0,0,81.0,5.0,93.0,23.0,8.0
1,1,Clubs,0,1,54.0,6.0,91.0,25.0,8.0
0,1,Clubs,1,1,75.0,10.0,91.0,16.0,8.0
0,1,Clubs,1,0,74.0,16.0,98.0,15.0,8.0
0,1,Sports,0,1,80.0,8.0,96.0,20.0,8.0
0,0,No CCA,1,0,94.0,9.0,100.0,23.0,8.0
0,0,Clubs,0,1,73.0,11.0,95.0,21.0,8.0
0,1,No CCA,0,0,84.0,10.0,96.0,21.0,8.0
1,0,Arts,0,1,48.0,4.0,94.0,29.0,8.0
0,0,No CCA,1,1,90.0,7.0,94.0,23.0,8.0
1,1,Arts,1,0,58.0,12.0,92.0,27.0,8.0
0,0,No CCA,1,0,67.0,16.0,96.0,20.0,8.0
1,1,No CCA,1,1,100.0,9.0,98.0,17.0,8.0
0,0,Arts,1,1,89.0,9.0,93.0,19.0,7.0
1,0,Arts,1,0,54.0,11.0,96.0,26.0,8.0
2,1,No CCA,1,1,76.0,9.0,93.0,18.0,8.0
1,0,Arts,0,0,54.0,12.0,91.0,29.0,8.0
1,1,Clubs,1,1,66.0,5.0,94.0,21.0,8.0
2,0,Arts,1,1,74.0,14.0,,19.0,8.0
0,0,Clubs,0,0,59.0,9.0,94.0,27.0,8.0
0,1,No CCA,0,0,79.0,6.0,97.0,15.0,8.0
0,0,Clubs,1,0,91.0,6.0,97.0,23.0,8.0
1,1,Sports,1,1,71.0,12.0,95.0,21.0,8.0
1,1,No CCA,1,1,82.0,6.0,99.0,17.0,8.0
1,0,Arts,0,0,52.0,8.0,91.0,31.0,8.0
2,0,Sports,0,1,70.0,18.0,,19.0,8.0
0,0,No CCA,0,1,69.0,12.0,99.0,21.0,8.0
0,0,Sports,1,1,71.0,9.0,,21.0,8.0
0,1,No CCA,1,1,84.0,7.0,94.0,21.0,8.0
1,1,Arts,0,1,51.0,7.0,92.0,25.0,8.0
1,0,Arts,0,1,60.0,5.0,92.0,22.0,8.0
1,0,Sports,1,0,76.0,6.0,94.0,25.0,8.0
2,1,Clubs,0,1,44.0,4.0,91.0,23.0,7.0
1,1,No CCA,1,1,93.0,8.0,91.0,21.0,8.0
1,0,Clubs,0,1,63.0,17.0,97.0,28.0,8.0
1,1,Arts,0,0,80.0,9.0,95.0,22.0,8.0
2,1,Sports,0,0,56.0,11.0,99.0,16.0,8.0
0,0,Clubs,1,1,89.0,7.0,91.0,23.0,8.0
2,0,No CCA,1,1,83.0,8.0,91.0,17.0,8.0
0,1,Arts,0,1,72.0,12.0,93.0,16.0,8.0
2,0,Sports,0,0,71.0,17.0,92.0,21.0,8.0
1,0,Arts,0,1,47.0,6.0,94.0,25.0,8.0
1,0,Clubs,0,0,49.0,1.0,97.0,25.0,8.0
0,1,No CCA,1,0,83.0,10.0,99.0,20.0,8.0
2,0,Arts,0,1,38.0,7.0,53.0,23.0,5.0
2,0,Arts,0,1,56.0,11.0,99.0,18.0,8.0
0,0,No CCA,0,0,68.0,15.0,92.0,20.0,8.0
2,0,No CCA,0,0,39.0,1.0,45.0,24.0,4.0
1,0,Sports,1,0,57.0,17.0,91.0,30.0,8.0
1,0,Clubs,1,0,48.0,9.0,97.0,29.0,8.0
0,0,No CCA,1,1,90.0,7.0,100.0,19.0,8.0
0,0,Clubs,0,0,61.0,7.0,95.0,22.0,8.0
0,0,Sports,1,1,86.0,10.0,93.0,23.0,8.0
2,0,Clubs,0,1,57.0,9.0,95.0,19.0,8.0
2,0,No CCA,1,0,69.0,16.0,91.0,23.0,8.0
1,0,Clubs,0,0,54.0,17.0,98.0,30.0,8.0
2,0,No CCA,0,1,43.0,9.0,71.0,24.0,7.0
1,1,Arts,0,1,51.0,9.0,93.0,25.0,8.0
0,0,No CCA,1,0,80.0,6.0,95.0,24.0,8.0
1,0,Clubs,1,1,78.0,6.0,95.0,25.0,8.0
0,1,Sports,1,0,74.0,16.0,93.0,15.0,8.0
1,0,Clubs,1,0,67.0,7.0,93.0,24.0,8.0
0,0,No CCA,0,0,68.0,15.0,90.0,27.0,8.0
0,0,Sports,0,0,63.0,19.0,95.0,27.0,8.0
2,1,Clubs,1,1,74.0,16.0,92.0,14.0,8.0
0,1,Sports,1,0,77.0,6.0,94.0,15.0,8.0
0,1,Sports,1,0,73.0,15.0,92.0,16.0,8.0
1,1,Arts,0,1,72.0,13.0,96.0,21.0,8.0
2,1,Clubs,1,0,74.0,9.0,100.0,20.0,8.0
2,0,Sports,0,0,56.0,5.0,98.0,20.0,8.0
0,0,No CCA,1,0,83.0,5.0,90.0,24.0,8.0
1,1,Sports,0,1,71.0,14.0,98.0,20.0,8.0
1,1,Clubs,1,0,56.0,14.0,94.0,27.0,8.0
1,0,Sports,0,1,45.0,3.0,66.0,24.0,5.0
2,0,Clubs,0,0,53.0,19.0,93.0,22.0,8.0
2,0,Arts,0,0,73.0,6.0,92.0,19.0,8.0
0,0,No CCA,1,1,93.0,10.0,92.0,23.0,8.0
2,0,Clubs,0,0,73.0,16.0,100.0,19.0,8.0
0,0,Arts,0,0,93.0,9.0,91.0,22.0,8.0
0,1,No CCA,1,0,81.0,10.0,99.0,21.0,8.0
1,1,Sports,0,1,79.0,8.0,99.0,17.0,8.0
2,0,Arts,0,1,56.0,16.0,98.0,18.0,8.0
1,0,No CCA,0,1,69.0,14.0,97.0,28.0,8.0
1,1,No CCA,1,1,77.0,9.0,93.0,17.0,8.0
0,0,Clubs,0,0,61.0,19.0,94.0,27.0,8.0
1,1,Sports,0,1,74.0,12.0,95.0,20.0,8.0
1,0,Sports,0,0,50.0,11.0,99.0,24.0,8.0
1,0,Arts,1,0,53.0,6.0,93.0,26.0,8.0
0,0,No CCA,0,1,94.0,9.0,,25.0,8.0
1,0,No CCA,0,1,61.0,20.0,99.0,24.0,8.0
2,1,Clubs,1,1,58.0,18.0,97.0,16.0,8.0
1,0,Arts,1,0,49.0,1.0,94.0,30.0,8.0
2,0,Arts,1,1,72.0,20.0,98.0,22.0,8.0
1,0,Clubs,0,0,59.0,10.0,92.0,31.0,8.0
2,0,Sports,0,1,51.0,19.0,100.0,18.0,8.0
2,0,Sports,0,1,53.0,10.0,97.0,19.0,8.0
2,0,Sports,1,0,69.0,19.0,98.0,22.0,8.0
1,1,Arts,0,0,47.0,12.0,,30.0,8.0
0,0,Arts,0,0,71.0,18.0,98.0,27.0,8.0
1,0,Sports,0,1,67.0,15.0,90.0,28.0,8.0
1,1,No CCA,0,0,78.0,10.0,93.0,21.0,8.0
2,0,Sports,0,0,41.0,4.0,86.0,22.0,8.0
1,1,Clubs,1,1,78.0,6.0,91.0,21.0,8.0
2,0,No CCA,1,1,82.0,7.0,99.0,17.0,8.0
2,0,No CCA,1,1,82.0,7.0,91.0,17.0,8.0
1,0,Sports,0,0,53.0,16.0,100.0,30.0,8.0
1,1,Clubs,1,1,82.0,6.0,99.0,17.0,8.0
1,0,Arts,1,1,52.0,14.0,92.0,30.0,8.0
1,0,Sports,0,0,59.0,6.0,96.0,27.0,8.0
0,0,Sports,0,1,77.0,8.0,94.0,21.0,8.0
2,0,Arts,1,1,58.0,17.0,95.0,22.0,8.0
1,0,Clubs,0,1,55.0,18.0,98.0,30.0,8.0
0,0,Clubs,1,0,65.0,17.0,94.0,27.0,8.0
1,0,Sports,0,1,44.0,9.0,96.0,25.0,8.0
2,0,Sports,0,0,55.0,10.0,91.0,22.0,8.0
0,0,Clubs,1,1,64.0,7.0,93.0,27.0,8.0
1,1,Sports,0,1,70.0,15.0,97.0,21.0,8.0
1,0,Sports,0,0,49.0,15.0,98.0,30.0,8.0
0,0,No CCA,1,1,85.0,7.0,93.0,23.0,8.0
2,0,Arts,1,0,74.0,15.0,100.0,23.0,8.0
0,0,No CCA,0,1,66.0,9.0,92.0,22.0,8.0
0,0,Sports,0,0,58.0,17.0,92.0,22.0,8.0
0,1,No CCA,0,1,85.0,10.0,94.0,21.0,8.0
1,0,Sports,1,1,67.0,19.0,94.0,24.0,8.0
1,1,Arts,0,1,70.0,20.0,95.0,19.0,8.0
1,0,Arts,0,0,62.0,14.0,,27.0,8.0
0,0,Sports,1,0,94.0,8.0,100.0,23.0,8.0
1,0,Clubs,0,0,53.0,15.0,96.0,30.0,8.0
2,0,Sports,0,0,36.0,8.0,75.0,22.0,7.0
1,0,Arts,1,0,45.0,5.0,81.0,30.0,8.0
1,1,No CCA,1,0,83.0,5.0,94.0,17.0,8.0
1,0,Arts,0,1,50.0,11.0,91.0,24.0,8.0
1,0,Clubs,1,0,49.0,14.0,73.0,29.0,7.0
1,1,Clubs,0,1,75.0,5.0,94.0,17.0,8.0
1,0,Arts,0,1,59.0,18.0,,24.0,8.0
1,0,Clubs,1,1,80.0,7.0,99.0,25.0,8.0
1,0,Clubs,1,1,76.0,6.0,92.0,24.0,8.0
2,0,Clubs,0,1,56.0,9.0,97.0,22.0,8.0
1,1,No CCA,0,1,75.0,7.0,92.0,21.0,8.0
0,0,Sports,0,1,61.0,6.0,96.0,27.0,8.0
0,0,Arts,0,0,60.0,10.0,95.0,27.0,8.0
1,0,Clubs,0,0,52.0,11.0,99.0,25.0,8.0
2,1,Sports,0,0,56.0,6.0,95.0,16.0,8.0
0,1,No CCA,0,1,79.0,10.0,92.0,15.0,8.0
0,0,Clubs,0,0,66.0,12.0,97.0,27.0,8.0
0,0,No CCA,1,1,81.0,6.0,96.0,24.0,8.0
2,0,Arts,0,0,57.0,17.0,100.0,19.0,8.0
1,0,Sports,0,0,44.0,12.0,54.0,28.0,5.0
1,1,Arts,0,1,79.0,8.0,95.0,17.0,8.0
1,0,Sports,0,0,32.0,9.0,84.0,28.0,7.0
0,1,Clubs,1,0,77.0,8.0,91.0,19.0,8.0
0,1,Clubs,1,1,84.0,6.0,95.0,16.0,8.0
1,0,No CCA,0,1,61.0,19.0,91.0,27.0,8.0
1,0,Arts,0,1,65.0,6.0,90.0,28.0,8.0
2,0,Arts,1,1,83.0,7.0,97.0,17.0,8.0
0,0,Sports,0,1,90.0,7.0,95.0,22.0,8.0
1,0,Clubs,0,1,60.0,11.0,100.0,24.0,8.0
2,0,Clubs,1,1,81.0,6.0,91.0,17.0,8.0
0,0,Sports,0,1,78.0,6.0,94.0,23.0,8.0
1,0,Clubs,0,0,50.0,7.0,100.0,24.0,8.0
1,1,No CCA,1,1,80.0,6.0,91.0,17.0,8.0
1,0,Clubs,0,1,61.0,12.0,92.0,28.0,8.0
2,0,No CCA,0,0,52.0,18.0,94.0,19.0,8.0
1,0,Arts,0,0,54.0,8.0,96.0,25.0,8.0
0,0,Arts,0,1,63.0,5.0,91.0,27.0,7.0
0,0,Clubs,0,0,74.0,18.0,96.0,20.0,8.0
2,0,No CCA,1,1,80.0,8.0,96.0,19.0,8.0
2,1,Sports,0,0,44.0,2.0,55.0,23.0,5.0
1,0,No CCA,0,1,64.0,11.0,93.0,27.0,8.0
0,0,Arts,0,1,70.0,6.0,92.0,27.0,8.0
1,0,Clubs,1,1,75.0,10.0,92.0,25.0,8.0
2,1,Clubs,0,0,40.0,10.0,92.0,22.0,7.0
2,1,Clubs,0,1,58.0,11.0,,16.0,8.0
1,0,Clubs,0,0,51.0,9.0,99.0,30.0,8.0
2,0,Sports,0,0,40.0,6.0,97.0,23.0,8.0
1,0,Arts,1,1,80.0,9.0,96.0,25.0,8.0
1,1,Sports,1,1,97.0,7.0,92.0,21.0,8.0
0,0,Clubs,1,1,80.0,8.0,92.0,24.0,8.0
1,0,Arts,0,1,64.0,5.0,95.0,28.0,8.0
2,0,Clubs,0,0,37.0,9.0,67.0,22.0,7.0
2,1,Sports,1,0,70.0,11.0,97.0,15.0,8.0
1,0,Clubs,1,0,53.0,13.0,97.0,30.0,8.0
1,0,Sports,0,1,59.0,20.0,97.0,27.0,8.0
1,0,Arts,0,0,42.0,6.0,62.0,28.0,6.0
2,1,No CCA,1,1,77.0,6.0,98.0,14.0,8.0
1,1,No CCA,1,1,100.0,8.0,97.0,17.0,8.0
1,0,Sports,1,1,46.0,8.0,54.0,30.0,4.0
0,0,Clubs,0,0,67.0,10.0,95.0,27.0,8.0
0,0,Clubs,0,1,68.0,18.0,93.0,22.0,8.0
1,1,Sports,0,0,45.0,11.0,54.0,24.0,5.0
0,1,Clubs,1,0,78.0,8.0,90.0,20.0,8.0
1,0,Clubs,1,1,57.0,14.0,94.0,26.0,8.0
1,0,Clubs,1,0,54.0,17.0,91.0,30.0,8.0
1,0,Arts,1,1,57.0,10.0,94.0,30.0,8.0
2,0,Arts,0,1,70.0,15.0,99.0,21.0,8.0
0,0,Clubs,0,0,65.0,18.0,93.0,27.0,8.0
0,0,Sports,0,1,72.0,10.0,98.0,27.0,8.0
1,0,Arts,0,0,47.0,4.0,82.0,25.0,6.0
0,0,No CCA,0,1,67.0,16.0,93.0,22.0,8.0
2,0,Clubs,0,1,71.0,19.0,95.0,21.0,8.0
2,0,Sports,0,0,56.0,18.0,96.0,19.0,8.0
1,0,Arts,0,0,53.0,20.0,93.0,31.0,8.0
1,1,No CCA,0,1,81.0,7.0,93.0,21.0,8.0
0,0,Sports,0,1,63.0,6.0,90.0,27.0,8.0
2,0,Clubs,1,0,68.0,19.0,96.0,22.0,8.0
1,0,Sports,1,1,59.0,12.0,92.0,27.0,8.0
1,0,Sports,0,0,52.0,9.0,98.0,30.0,8.0
0,0,No CCA,0,0,92.0,10.0,99.0,25.0,8.0
1,0,No CCA,1,1,65.0,6.0,98.0,24.0,8.0
1,1,Clubs,1,1,87.0,8.0,93.0,21.0,8.0
1,0,Clubs,1,0,44.0,13.0,99.0,30.0,8.0
0,0,Clubs,0,1,69.0,6.0,93.0,21.0,8.0
1,0,No CCA,0,0,63.0,15.0,94.0,27.0,8.0
1,0,Arts,0,0,64.0,14.0,91.0,22.0,8.0
0,0,No CCA,0,1,93.0,10.0,94.0,25.0,8.0
2,0,Arts,0,1,69.0,9.0,100.0,23.0,8.0
1,1,No CCA,0,0,85.0,7.0,99.0,22.0,8.0
2,0,Sports,0,1,42.0,14.0,99.0,22.0,8.0
1,0,Arts,1,0,53.0,12.0,90.0,30.0,8.0
0,0,Clubs,1,1,92.0,8.0,96.0,22.0,8.0
1,0,Clubs,0,0,45.0,7.0,97.0,30.0,8.0
0,0,Clubs,0,1,70.0,10.0,93.0,27.0,8.0
0,0,Sports,0,1,91.0,7.0,94.0,21.0,8.0
1,1,Arts,0,1,73.0,14.0,98.0,20.0,8.0
0,1,Sports,1,1,86.0,7.0,99.0,20.0,8.0
2,0,No CCA,0,1,65.0,16.0,97.0,19.0,8.0
1,0,Arts,0,1,48.0,2.0,77.0,30.0,7.0
1,0,Arts,1,0,49.0,7.0,67.0,25.0,5.0
1,0,Arts,0,1,48.0,10.0,86.0,25.0,8.0
1,1,No CCA,0,1,85.0,9.0,93.0,22.0,8.0
1,1,No CCA,0,0,32.0,1.0,44.0,28.0,4.0
1,0,Clubs,1,1,76.0,6.0,92.0,25.0,8.0
0,0,No CCA,1,0,56.0,15.0,93.0,20.0,8.0
1,0,No CCA,1,0,60.0,6.0,99.0,26.0,8.0
2,0,Arts,0,1,55.0,19.0,95.0,22.0,8.0
1,0,Clubs,0,0,58.0,13.0,92.0,27.0,8.0
0,0,No CCA,1,1,74.0,7.0,100.0,28.0,8.0
1,0,Sports,0,1,52.0,15.0,97.0,25.0,8.0
1,1,Sports,0,1,78.0,8.0,96.0,21.0,8.0
1,1,No CCA,1,1,99.0,5.0,98.0,17.0,8.0
1,0,Sports,0,0,47.0,8.0,74.0,30.0,6.0
1,1,Clubs,1,1,100.0,9.0,95.0,17.0,8.0
1,0,Arts,1,0,54.0,20.0,98.0,26.0,8.0
2,0,No CCA,1,1,80.0,9.0,90.0,17.0,8.0
1,1,Sports,0,1,72.0,10.0,98.0,20.0,8.0
1,0,No CCA,1,0,61.0,8.0,97.0,26.0,8.0
1,0,Clubs,0,1,64.0,10.0,92.0,22.0,7.0
0,0,No CCA,1,0,78.0,8.0,91.0,27.0,8.0
0,1,No CCA,0,1,84.0,7.0,97.0,21.0,8.0
2,0,Arts,0,1,55.0,8.0,92.0,18.0,8.0
1,1,Clubs,0,1,56.0,17.0,98.0,25.0,8.0
0,0,Sports,0,1,67.0,16.0,99.0,22.0,8.0
1,1,No CCA,1,1,83.0,7.0,94.0,17.0,8.0
2,0,Clubs,0,0,50.0,7.0,,22.0,8.0
2,1,Clubs,1,1,72.0,18.0,,14.0,8.0
0,1,Sports,0,1,75.0,5.0,98.0,16.0,8.0
0,0,No CCA,1,1,90.0,9.0,97.0,18.0,8.0
0,1,Arts,0,0,77.0,7.0,94.0,19.0,8.0
1,0,Clubs,1,1,81.0,7.0,92.0,25.0,8.0
1,0,Clubs,0,0,52.0,14.0,91.0,25.0,8.0
0,0,Clubs,1,0,94.0,6.0,96.0,23.0,8.0
0,1,No CCA,1,0,81.0,6.0,90.0,15.0,8.0
1,0,Sports,0,1,57.0,10.0,92.0,24.0,8.0
1,0,Clubs,0,0,56.0,8.0,91.0,31.0,8.0
0,1,No CCA,1,0,82.0,7.0,94.0,17.0,8.0
1,1,Arts,0,1,49.0,7.0,82.0,29.0,8.0
0,0,No CCA,0,1,94.0,5.0,93.0,21.0,7.0
2,0,Clubs,1,1,79.0,7.0,99.0,19.0,8.0
2,0,No CCA,0,0,59.0,14.0,,22.0,8.0
0,0,Clubs,0,0,68.0,9.0,95.0,27.0,8.0
1,0,Arts,1,0,46.0,12.0,93.0,30.0,8.0
1,0,No CCA,0,1,68.0,15.0,99.0,28.0,8.0
0,1,Arts,1,1,80.0,7.0,95.0,20.0,8.0
0,0,Sports,0,1,69.0,6.0,92.0,21.0,8.0
0,0,No CCA,1,0,71.0,19.0,93.0,27.0,8.0
1,0,Arts,0,1,61.0,18.0,99.0,28.0,8.0
1,0,Arts,0,0,54.0,8.0,92.0,30.0,8.0
1,1,Arts,0,0,53.0,13.0,95.0,25.0,8.0
1,0,No CCA,1,0,60.0,19.0,93.0,26.0,8.0
1,0,Clubs,0,1,68.0,11.0,96.0,22.0,8.0
0,0,Sports,1,1,95.0,7.0,,18.0,8.0
2,0,Sports,0,1,73.0,19.0,92.0,23.0,8.0
1,0,Clubs,0,0,61.0,9.0,91.0,27.0,8.0
1,0,No CCA,1,1,78.0,8.0,92.0,25.0,8.0
2,1,Clubs,0,0,56.0,19.0,92.0,16.0,8.0
0,0,Clubs,0,1,93.0,9.0,98.0,21.0,8.0
1,0,Arts,0,1,49.0,12.0,66.0,30.0,6.0
1,0,Sports,0,1,50.0,14.0,91.0,30.0,8.0
1,0,Sports,1,1,51.0,19.0,,26.0,8.0
1,1,Sports,0,1,73.0,14.0,95.0,20.0,8.0
1,0,Arts,1,0,45.0,4.0,47.0,30.0,4.0
1,1,Sports,0,1,78.0,7.0,100.0,19.0,8.0
1,0,Sports,0,1,63.0,11.0,93.0,28.0,8.0
0,1,No CCA,1,1,89.0,6.0,92.0,16.0,8.0
0,1,Arts,1,1,71.0,8.0,91.0,16.0,8.0
0,0,No CCA,1,1,90.0,9.0,98.0,18.0,8.0
0,0,No CCA,0,0,59.0,9.0,96.0,21.0,8.0
2,0,Sports,1,1,67.0,20.0,99.0,23.0,8.0
0,0,Clubs,1,0,66.0,6.0,92.0,27.0,8.0
0,0,Clubs,1,1,72.0,10.0,98.0,23.0,8.0
1,0,Clubs,1,0,69.0,13.0,98.0,24.0,8.0
1,0,Arts,1,1,80.0,9.0,91.0,25.0,8.0
1,0,Clubs,1,1,73.0,15.0,94.0,24.0,8.0
2,0,Clubs,0,0,48.0,4.0,85.0,19.0,8.0
0,0,Clubs,0,1,70.0,12.0,97.0,21.0,8.0
1,1,No CCA,1,1,98.0,9.0,95.0,17.0,8.0
1,1,Clubs,0,1,77.0,7.0,95.0,20.0,8.0
0,0,Sports,0,0,69.0,18.0,98.0,27.0,8.0
0,0,Clubs,1,1,83.0,7.0,99.0,24.0,8.0
0,1,No CCA,1,1,85.0,7.0,98.0,16.0,8.0
1,0,No CCA,0,0,56.0,19.0,92.0,31.0,7.0
0,0,No CCA,1,0,73.0,17.0,93.0,28.0,8.0
0,0,Arts,1,1,90.0,7.0,100.0,23.0,8.0
0,1,No CCA,1,1,87.0,8.0,91.0,16.0,8.0
2,1,Arts,0,0,48.0,1.0,71.0,19.0,6.0
0,1,No CCA,0,0,75.0,10.0,91.0,20.0,8.0
0,0,Sports,1,0,80.0,6.0,94.0,24.0,8.0
2,0,Clubs,0,1,51.0,17.0,98.0,18.0,8.0
1,1,Sports,0,1,71.0,12.0,95.0,20.0,8.0
0,0,Clubs,0,0,66.0,5.0,98.0,27.0,8.0
1,0,No CCA,1,0,48.0,14.0,73.0,30.0,5.0
0,0,Sports,0,0,74.0,8.0,92.0,20.0,8.0
1,1,Sports,1,1,87.0,8.0,93.0,17.0,8.0
2,1,Arts,1,0,73.0,8.0,100.0,20.0,8.0
0,0,No CCA,0,1,84.0,9.0,100.0,22.0,8.0
0,0,Sports,0,1,77.0,6.0,100.0,23.0,8.0
0,0,Clubs,1,1,73.0,17.0,95.0,28.0,8.0
1,1,Clubs,0,0,39.0,6.0,92.0,28.0,8.0
1,1,Arts,0,0,82.0,7.0,93.0,22.0,8.0
0,1,No CCA,0,1,80.0,7.0,90.0,21.0,8.0
1,0,Arts,0,1,45.0,7.0,47.0,24.0,4.0
0,0,Arts,1,1,82.0,8.0,93.0,24.0,8.0
1,0,Clubs,0,0,48.0,7.0,81.0,25.0,8.0
0,0,No CCA,1,1,87.0,7.0,90.0,23.0,8.0
1,1,No CCA,0,1,81.0,6.0,90.0,17.0,7.0
2,1,Sports,1,0,71.0,15.0,93.0,20.0,8.0
1,1,Arts,0,0,47.0,5.0,86.0,30.0,8.0
0,0,Clubs,0,1,72.0,20.0,99.0,21.0,8.0
1,0,Sports,0,1,70.0,20.0,91.0,28.0,8.0
1,0,Clubs,1,0,52.0,19.0,93.0,30.0,8.0
2,0,No CCA,0,1,76.0,10.0,91.0,21.0,8.0
0,0,Sports,1,1,91.0,6.0,94.0,21.0,8.0
1,0,Sports,0,1,61.0,15.0,91.0,22.0,8.0
0,0,Sports,0,1,64.0,19.0,94.0,22.0,8.0
1,1,No CCA,1,0,46.0,2.0,99.0,30.0,8.0
0,0,Sports,0,1,53.0,11.0,96.0,21.0,8.0
1,0,Sports,0,1,66.0,14.0,100.0,28.0,8.0
0,0,No CCA,0,1,94.0,9.0,95.0,21.0,8.0
2,0,Clubs,0,0,44.0,12.0,61.0,24.0,4.0
1,1,Sports,0,1,74.0,11.0,,17.0,8.0
2,0,No CCA,1,0,71.0,18.0,93.0,23.0,8.0
2,0,Clubs,1,0,70.0,13.0,97.0,23.0,8.0
1,0,Arts,0,1,71.0,7.0,91.0,28.0,8.0
2,0,Clubs,1,1,59.0,14.0,98.0,22.0,8.0
0,1,No CCA,0,0,77.0,9.0,98.0,19.0,8.0
0,0,No CCA,1,0,86.0,6.0,98.0,18.0,8.0
2,1,No CCA,1,0,66.0,7.0,91.0,15.0,8.0
2,0,Clubs,0,1,68.0,10.0,98.0,22.0,8.0
0,0,Clubs,0,1,54.0,8.0,99.0,21.0,8.0
1,1,Arts,0,1,80.0,7.0,96.0,22.0,8.0
0,0,Sports,1,1,49.0,1.0,81.0,20.0,8.0
2,0,Arts,0,1,76.0,8.0,94.0,21.0,8.0
1,0,Sports,1,0,68.0,10.0,98.0,24.0,8.0
2,1,Arts,0,0,48.0,9.0,99.0,18.0,8.0
1,0,Clubs,1,0,54.0,14.0,93.0,30.0,8.0
0,1,Clubs,1,1,80.0,10.0,,18.0,8.0
1,1,Clubs,0,0,79.0,9.0,98.0,20.0,8.0
1,0,Clubs,0,1,58.0,11.0,92.0,27.0,8.0
1,1,No CCA,1,0,80.0,5.0,97.0,17.0,8.0
0,1,Clubs,1,0,78.0,9.0,92.0,18.0,8.0
2,0,Sports,0,1,78.0,10.0,93.0,21.0,8.0
1,0,Clubs,0,1,53.0,7.0,96.0,30.0,8.0
1,1,No CCA,1,0,98.0,6.0,97.0,17.0,8.0
0,0,Clubs,0,1,77.0,5.0,94.0,22.0,8.0
1,1,Arts,0,1,69.0,10.0,98.0,21.0,8.0
2,0,Arts,1,1,80.0,9.0,97.0,19.0,8.0
1,1,Sports,0,1,76.0,10.0,91.0,17.0,8.0
1,1,Clubs,0,1,73.0,19.0,93.0,20.0,8.0
1,1,Clubs,0,1,66.0,6.0,99.0,21.0,8.0
1,1,Sports,0,1,45.0,11.0,100.0,28.0,8.0
0,1,No CCA,1,1,89.0,8.0,99.0,16.0,8.0
1,0,Arts,1,0,60.0,16.0,99.0,26.0,8.0
0,0,No CCA,1,1,86.0,9.0,96.0,23.0,8.0
1,0,Clubs,1,0,54.0,18.0,100.0,26.0,8.0
2,0,Arts,0,0,55.0,12.0,92.0,20.0,8.0
1,0,No CCA,1,1,61.0,10.0,93.0,28.0,8.0
0,0,Sports,0,1,66.0,18.0,100.0,22.0,8.0
1,0,Sports,0,0,47.0,15.0,77.0,30.0,7.0
0,0,Arts,0,1,77.0,7.0,97.0,23.0,8.0
1,1,No CCA,1,1,45.0,8.0,88.0,30.0,8.0
0,1,Clubs,0,0,76.0,9.0,93.0,20.0,7.0
0,0,Arts,1,1,88.0,7.0,91.0,19.0,8.0
1,0,Arts,0,1,70.0,13.0,91.0,28.0,8.0
1,1,Sports,1,1,69.0,17.0,93.0,21.0,8.0
1,0,Arts,0,1,58.0,15.0,96.0,22.0,8.0
1,0,Arts,1,0,56.0,8.0,98.0,27.0,8.0
1,1,No CCA,1,1,84.0,9.0,95.0,17.0,8.0
0,0,Arts,1,0,91.0,7.0,94.0,24.0,8.0
2,0,Clubs,1,0,70.0,10.0,93.0,23.0,8.0
1,0,Clubs,1,1,55.0,7.0,94.0,26.0,8.0
0,0,Arts,0,1,79.0,7.0,96.0,23.0,8.0
0,0,Clubs,1,1,57.0,6.0,99.0,20.0,8.0
2,0,Clubs,1,1,57.0,18.0,94.0,22.0,8.0
1,0,Clubs,0,0,53.0,16.0,93.0,29.0,8.0
2,1,Arts,1,0,73.0,9.0,91.0,18.0,8.0
1,1,Clubs,1,0,55.0,6.0,90.0,27.0,8.0
2,0,No CCA,1,1,82.0,8.0,94.0,17.0,8.0
1,0,Sports,0,1,65.0,13.0,97.0,28.0,8.0
0,1,Sports,0,0,73.0,6.0,96.0,20.0,8.0
1,0,Clubs,0,1,59.0,18.0,95.0,31.0,8.0
1,0,Sports,1,1,81.0,6.0,91.0,25.0,8.0
1,1,Arts,0,0,78.0,10.0,99.0,21.0,8.0
2,0,Sports,0,0,49.0,2.0,97.0,24.0,8.0
1,0,Arts,0,0,58.0,15.0,93.0,31.0,8.0
1,0,Arts,1,1,56.0,8.0,90.0,26.0,8.0
2,0,Clubs,0,0,54.0,12.0,99.0,22.0,8.0
2,0,Clubs,1,1,77.0,8.0,95.0,17.0,8.0
0,0,Clubs,0,0,69.0,9.0,99.0,27.0,8.0
1,1,Sports,0,1,78.0,6.0,95.0,21.0,8.0
1,1,Clubs,0,1,47.0,6.0,59.0,30.0,5.0
2,0,No CCA,1,1,72.0,6.0,95.0,19.0,8.0
1,0,No CCA,0,1,63.0,15.0,94.0,22.0,8.0
1,0,Arts,1,0,79.0,8.0,93.0,25.0,8.0
1,0,Clubs,0,0,56.0,18.0,93.0,31.0,7.0
1,1,Sports,1,0,47.0,11.0,90.0,30.0,8.0
2,0,Arts,0,0,44.0,5.0,82.0,23.0,7.0
0,0,Sports,1,0,59.0,13.0,97.0,20.0,8.0
0,0,No CCA,0,1,61.0,12.0,94.0,27.0,8.0
0,0,Arts,0,1,76.0,7.0,90.0,23.0,8.0
2,0,No CCA,1,0,62.0,16.0,98.0,22.0,8.0
0,0,Sports,0,0,69.0,19.0,97.0,27.0,8.0
2,0,Sports,1,0,72.0,10.0,100.0,22.0,8.0
2,0,Clubs,0,0,78.0,6.0,99.0,21.0,8.0
1,0,Clubs,1,0,52.0,15.0,94.0,30.0,8.0
1,0,Arts,0,0,53.0,12.0,92.0,29.0,7.0
2,0,No CCA,0,1,76.0,7.0,96.0,21.0,8.0
1,0,Clubs,1,1,72.0,14.0,94.0,24.0,8.0
2,1,Clubs,1,0,71.0,6.0,96.0,20.0,8.0
1,0,Clubs,1,0,59.0,9.0,99.0,26.0,8.0
1,1,No CCA,0,0,42.0,12.0,,28.0,5.0
0,1,Sports,0,1,80.0,6.0,97.0,21.0,8.0
1,0,No CCA,1,1,61.0,18.0,97.0,28.0,8.0
0,0,No CCA,0,1,95.0,8.0,98.0,25.0,8.0
2,0,Sports,1,0,68.0,11.0,93.0,23.0,8.0
2,0,Sports,0,0,45.0,7.0,88.0,23.0,8.0
1,0,No CCA,0,1,71.0,11.0,93.0,22.0,8.0
1,1,Sports,0,1,75.0,9.0,91.0,17.0,8.0
1,1,No CCA,1,0,62.0,8.0,99.0,27.0,8.0
1,0,No CCA,1,1,77.0,8.0,90.0,25.0,8.0
1,1,No CCA,1,1,100.0,7.0,,17.0,8.0
2,1,Sports,1,0,69.0,13.0,94.0,20.0,8.0
2,0,No CCA,0,1,76.0,14.0,93.0,19.0,8.0
2,0,Arts,0,1,71.0,11.0,98.0,19.0,8.0
0,0,Clubs,0,0,64.0,15.0,98.0,27.0,8.0
1,0,Arts,0,0,48.0,10.0,69.0,25.0,7.0
0,1,Clubs,1,0,75.0,6.0,100.0,18.0,8.0
1,0,Sports,0,1,56.0,18.0,92.0,28.0,8.0
0,0,No CCA,0,1,79.0,5.0,,21.0,8.0
1,0,Sports,0,1,65.0,10.0,96.0,28.0,8.0
0,0,Sports,1,0,81.0,6.0,91.0,24.0,8.0
1,1,Arts,0,0,54.0,13.0,98.0,25.0,8.0
1,1,Clubs,0,0,43.0,3.0,92.0,30.0,8.0
2,1,No CCA,1,1,75.0,6.0,90.0,14.0,7.0
2,0,Sports,0,1,43.0,2.0,97.0,24.0,8.0
0,0,Arts,0,0,58.0,6.0,97.0,22.0,8.0
1,1,No CCA,1,0,77.0,9.0,,17.0,8.0
0,0,No CCA,1,1,89.0,9.0,95.0,23.0,8.0
2,0,Sports,0,1,67.0,12.0,95.0,19.0,8.0
0,0,No CCA,0,1,93.0,5.0,93.0,25.0,8.0
0,1,No CCA,1,1,87.0,6.0,,20.0,8.0
2,0,Clubs,0,1,70.0,11.0,98.0,21.0,8.0
0,1,Clubs,0,1,75.0,13.0,100.0,20.0,8.0
2,0,Arts,1,1,82.0,7.0,91.0,17.0,8.0
1,1,No CCA,1,0,91.0,7.0,97.0,21.0,8.0
0,1,Clubs,0,1,76.0,6.0,97.0,16.0,8.0
1,0,Clubs,0,0,61.0,13.0,97.0,27.0,8.0
1,0,Clubs,0,1,59.0,10.0,92.0,28.0,8.0
1,1,No CCA,0,1,73.0,18.0,93.0,20.0,8.0
1,1,No CCA,1,1,90.0,10.0,94.0,21.0,8.0
1,1,Clubs,1,0,61.0,20.0,92.0,27.0,8.0
0,0,Clubs,0,1,73.0,9.0,98.0,23.0,8.0
1,0,Clubs,0,1,56.0,11.0,92.0,27.0,8.0
0,0,Sports,0,0,69.0,8.0,94.0,20.0,8.0
2,1,Sports,1,0,78.0,7.0,91.0,14.0,8.0
2,1,Clubs,1,0,72.0,18.0,99.0,20.0,8.0
2,0,Sports,0,0,49.0,7.0,91.0,22.0,8.0
2,0,No CCA,0,0,44.0,1.0,56.0,24.0,6.0
1,1,No CCA,0,1,85.0,10.0,99.0,22.0,8.0
1,0,Arts,1,1,53.0,6.0,98.0,30.0,8.0
0,0,Clubs,0,1,90.0,7.0,97.0,22.0,8.0
0,0,Clubs,1,1,93.0,7.0,98.0,19.0,8.0
0,0,No CCA,0,1,65.0,19.0,92.0,27.0,8.0
1,0,Arts,0,1,57.0,11.0,98.0,24.0,8.0
1,0,Arts,0,1,50.0,17.0,94.0,25.0,8.0
1,0,Clubs,0,1,59.0,10.0,95.0,28.0,8.0
0,1,Arts,1,0,75.0,19.0,98.0,15.0,8.0
0,1,No CCA,1,0,78.0,8.0,91.0,15.0,8.0
2,0,Arts,1,0,66.0,9.0,,23.0,8.0
2,0,Arts,1,1,55.0,9.0,92.0,18.0,8.0
0,1,Clubs,0,1,73.0,15.0,93.0,16.0,8.0
2,0,Arts,1,1,59.0,7.0,93.0,22.0,8.0
1,0,Arts,0,0,61.0,6.0,94.0,28.0,8.0
0,1,Sports,0,0,81.0,5.0,92.0,21.0,7.0
2,1,No CCA,0,1,63.0,11.0,90.0,16.0,8.0
2,0,Sports,0,0,47.0,7.0,91.0,23.0,8.0
1,0,Arts,0,1,62.0,20.0,97.0,25.0,8.0
0,0,No CCA,0,1,72.0,12.0,94.0,22.0,8.0
0,0,Clubs,1,0,69.0,12.0,93.0,21.0,8.0
2,0,Clubs,0,0,55.0,19.0,99.0,22.0,8.0
1,1,No CCA,1,1,78.0,5.0,98.0,17.0,8.0
1,0,Arts,0,0,57.0,11.0,96.0,27.0,8.0
1,1,Arts,1,1,79.0,7.0,98.0,17.0,8.0
0,0,Arts,0,1,89.0,10.0,94.0,22.0,8.0
1,1,Clubs,0,1,67.0,8.0,98.0,21.0,8.0
1,0,Clubs,0,0,54.0,6.0,99.0,25.0,8.0
2,0,Clubs,0,0,53.0,14.0,96.0,20.0,8.0
0,1,Clubs,0,0,75.0,18.0,99.0,19.0,8.0
1,0,Sports,1,0,54.0,12.0,93.0,30.0,8.0
1,1,Clubs,1,0,57.0,11.0,98.0,27.0,8.0
0,0,Arts,1,0,63.0,15.0,94.0,27.0,8.0
2,0,Clubs,0,1,67.0,11.0,99.0,23.0,8.0
1,1,Clubs,0,1,32.0,7.0,52.0,28.0,5.0
2,0,No CCA,1,0,69.0,16.0,99.0,22.0,8.0
2,0,No CCA,1,1,68.0,20.0,97.0,23.0,8.0
0,1,No CCA,0,1,77.0,8.0,93.0,19.0,8.0
0,1,Sports,0,1,79.0,7.0,97.0,20.0,8.0
0,1,Clubs,0,1,79.0,8.0,98.0,20.0,8.0
1,0,Arts,0,0,58.0,8.0,92.0,31.0,8.0
2,0,Clubs,0,0,62.0,19.0,,22.0,8.0
1,0,Sports,1,1,74.0,9.0,98.0,25.0,8.0
1,1,Clubs,0,0,45.0,13.0,88.0,30.0,7.0
0,0,No CCA,0,1,70.0,8.0,95.0,22.0,8.0
1,1,No CCA,0,1,66.0,13.0,98.0,21.0,8.0
0,1,Arts,1,0,69.0,18.0,,16.0,8.0
2,0,No CCA,0,0,45.0,9.0,97.0,24.0,8.0
1,1,Sports,0,0,76.0,6.0,90.0,20.0,8.0
2,1,Arts,1,1,72.0,6.0,91.0,15.0,8.0
0,0,Clubs,1,0,79.0,7.0,94.0,27.0,8.0
1,1,Arts,1,0,49.0,1.0,97.0,30.0,8.0
1,0,Arts,1,0,54.0,14.0,91.0,30.0,8.0
0,0,Sports,1,0,76.0,8.0,98.0,27.0,8.0
2,0,Clubs,0,1,52.0,16.0,96.0,19.0,8.0
2,0,Clubs,0,0,53.0,16.0,92.0,19.0,8.0
1,1,No CCA,1,1,82.0,10.0,94.0,17.0,8.0
2,0,Arts,0,1,78.0,8.0,96.0,21.0,8.0
1,1,Clubs,0,0,44.0,8.0,72.0,28.0,6.0
0,0,Arts,1,0,73.0,18.0,99.0,28.0,8.0
0,0,No CCA,0,0,65.0,12.0,95.0,27.0,8.0
1,0,Clubs,0,0,50.0,18.0,63.0,30.0,5.0
2,0,No CCA,0,1,76.0,10.0,93.0,19.0,8.0
0,0,Sports,1,0,61.0,13.0,96.0,27.0,8.0
2,0,Arts,0,1,62.0,18.0,94.0,23.0,8.0
1,1,No CCA,1,1,71.0,7.0,97.0,19.0,8.0
2,0,No CCA,1,1,81.0,6.0,93.0,17.0,8.0
1,0,Arts,1,1,76.0,11.0,98.0,25.0,8.0
2,1,Sports,0,1,58.0,18.0,97.0,16.0,8.0
1,0,Clubs,0,1,64.0,15.0,95.0,27.0,8.0
2,0,No CCA,0,1,68.0,14.0,99.0,23.0,8.0
1,1,No CCA,0,1,73.0,9.0,94.0,19.0,8.0
1,0,Clubs,1,1,60.0,15.0,99.0,28.0,8.0
2,0,Arts,0,1,72.0,19.0,97.0,19.0,8.0
2,0,Sports,0,0,51.0,8.0,99.0,19.0,8.0
2,0,Arts,0,1,73.0,18.0,92.0,23.0,8.0
1,1,Clubs,0,1,56.0,10.0,92.0,25.0,8.0
1,1,Arts,1,1,72.0,11.0,97.0,21.0,8.0
1,0,Sports,0,1,69.0,18.0,99.0,28.0,8.0
0,0,No CCA,1,0,92.0,9.0,99.0,18.0,8.0
1,0,Arts,0,0,51.0,6.0,95.0,25.0,8.0
1,0,Sports,1,1,58.0,14.0,96.0,27.0,8.0
2,1,Arts,0,0,52.0,19.0,94.0,16.0,7.0
0,0,Arts,0,1,77.0,10.0,100.0,22.0,8.0
1,0,Clubs,1,1,59.0,12.0,100.0,28.0,8.0
0,0,No CCA,1,0,89.0,9.0,91.0,18.0,8.0
0,0,No CCA,0,1,98.0,7.0,99.0,21.0,8.0
2,0,Sports,0,1,42.0,1.0,43.0,24.0,4.0
1,0,Sports,0,0,59.0,16.0,99.0,27.0,8.0
1,0,Arts,1,0,51.0,9.0,97.0,30.0,8.0
0,0,Arts,0,0,79.0,6.0,99.0,21.0,8.0
1,1,Arts,0,1,82.0,10.0,93.0,21.0,8.0
1,0,Sports,1,1,69.0,13.0,90.0,22.0,8.0
0,0,No CCA,1,0,95.0,9.0,97.0,23.0,8.0
1,0,Sports,0,0,45.0,0.0,98.0,25.0,8.0
0,0,Sports,0,0,63.0,10.0,96.0,27.0,8.0
0,0,Arts,1,1,60.0,8.0,94.0,20.0,8.0
0,0,Arts,0,1,75.0,8.0,99.0,21.0,8.0
2,1,Clubs,1,0,69.0,11.0,97.0,15.0,8.0
2,0,Arts,0,1,72.0,17.0,95.0,19.0,8.0
0,1,Sports,0,1,85.0,7.0,93.0,21.0,8.0
1,1,Sports,0,1,73.0,12.0,96.0,19.0,8.0
1,0,Clubs,0,1,54.0,15.0,99.0,25.0,8.0
0,0,No CCA,0,0,64.0,14.0,90.0,27.0,8.0
0,1,No CCA,1,1,87.0,10.0,95.0,16.0,8.0
0,0,No CCA,0,1,67.0,17.0,92.0,21.0,8.0
0,0,Clubs,1,0,79.0,8.0,96.0,27.0,8.0
1,0,Clubs,0,1,69.0,11.0,96.0,22.0,8.0
0,1,Arts,1,1,89.0,7.0,96.0,16.0,8.0
2,1,Sports,1,1,80.0,9.0,94.0,14.0,8.0
2,0,Clubs,0,1,71.0,5.0,98.0,19.0,8.0
2,0,Sports,1,1,77.0,9.0,96.0,19.0,8.0
1,0,Sports,1,1,64.0,12.0,97.0,28.0,8.0
1,0,Sports,1,1,49.0,3.0,96.0,25.0,8.0
1,0,Clubs,0,1,63.0,9.0,92.0,22.0,8.0
1,0,Clubs,0,1,65.0,14.0,98.0,28.0,8.0
0,0,Sports,0,1,74.0,19.0,97.0,20.0,8.0
0,1,Arts,0,0,76.0,6.0,90.0,21.0,8.0
1,1,Clubs,0,0,76.0,16.0,90.0,21.0,8.0
1,0,Clubs,0,0,48.0,3.0,98.0,30.0,8.0
2,1,No CCA,1,1,74.0,18.0,92.0,14.0,7.0
0,0,Arts,1,1,75.0,5.0,90.0,28.0,8.0
0,0,Clubs,1,0,93.0,9.0,90.0,25.0,8.0
1,0,Arts,1,1,45.0,8.0,92.0,30.0,7.0
1,1,Arts,1,0,48.0,14.0,98.0,30.0,8.0
0,0,Arts,0,1,58.0,7.0,91.0,27.0,8.0
2,0,No CCA,1,1,64.0,12.0,97.0,20.0,8.0
0,0,No CCA,1,1,80.0,5.0,92.0,24.0,8.0
0,0,No CCA,1,0,79.0,5.0,,27.0,8.0
1,0,Sports,1,1,81.0,9.0,98.0,25.0,8.0
2,0,Clubs,0,1,68.0,15.0,92.0,19.0,8.0
1,0,Clubs,0,0,51.0,8.0,,25.0,8.0
0,0,Arts,0,1,71.0,12.0,91.0,21.0,8.0
1,0,Clubs,0,1,68.0,20.0,93.0,22.0,8.0
0,0,No CCA,0,0,86.0,7.0,92.0,22.0,8.0
0,1,Sports,0,1,80.0,6.0,99.0,20.0,8.0
2,1,Sports,1,0,73.0,10.0,93.0,20.0,8.0
1,0,No CCA,0,1,52.0,8.0,91.0,30.0,8.0
2,0,Sports,0,1,55.0,10.0,96.0,22.0,8.0
1,1,Clubs,1,1,88.0,7.0,90.0,17.0,8.0
0,0,Clubs,0,1,69.0,13.0,97.0,22.0,8.0
1,1,Sports,1,1,67.0,11.0,95.0,27.0,8.0
1,1,Clubs,0,0,65.0,14.0,92.0,21.0,8.0
1,0,Sports,0,0,55.0,6.0,95.0,31.0,8.0
1,0,Arts,1,1,52.0,7.0,99.0,30.0,8.0
1,1,Clubs,1,1,49.0,12.0,70.0,30.0,6.0
2,0,Arts,1,1,80.0,9.0,93.0,17.0,8.0
1,0,Clubs,1,0,48.0,5.0,75.0,30.0,7.0
2,0,Clubs,0,1,68.0,7.0,91.0,21.0,8.0
0,1,Sports,0,0,73.0,19.0,92.0,20.0,8.0
1,1,Sports,1,1,76.0,8.0,93.0,21.0,8.0
1,0,Arts,0,0,68.0,10.0,91.0,28.0,8.0
0,0,No CCA,1,1,84.0,7.0,100.0,27.0,8.0
2,0,Sports,0,1,60.0,9.0,91.0,22.0,8.0
0,0,Sports,0,1,84.0,10.0,93.0,22.0,8.0
2,0,Sports,1,1,68.0,10.0,,23.0,8.0
1,1,Clubs,0,1,78.0,8.0,93.0,17.0,7.0
1,1,Arts,0,0,46.0,3.0,96.0,29.0,8.0
0,1,Sports,0,1,79.0,6.0,98.0,20.0,8.0
1,1,Clubs,0,0,44.0,4.0,94.0,24.0,8.0
2,0,Sports,0,1,50.0,8.0,95.0,18.0,8.0
2,0,Clubs,0,0,57.0,20.0,92.0,22.0,8.0
2,0,Sports,1,1,52.0,16.0,98.0,22.0,8.0
1,1,No CCA,1,0,93.0,8.0,99.0,21.0,8.0
0,1,Sports,0,1,80.0,10.0,92.0,15.0,8.0
1,1,Arts,0,0,55.0,9.0,100.0,25.0,8.0
2,0,No CCA,0,1,66.0,20.0,94.0,19.0,8.0
0,0,Arts,1,0,79.0,6.0,96.0,28.0,8.0
0,0,Arts,0,0,54.0,14.0,95.0,27.0,8.0
2,0,Clubs,1,1,62.0,12.0,99.0,22.0,8.0
1,1,No CCA,1,1,88.0,7.0,92.0,21.0,8.0
1,0,No CCA,1,1,81.0,8.0,95.0,25.0,8.0
2,0,Clubs,0,1,55.0,13.0,99.0,20.0,8.0
1,0,Clubs,0,0,59.0,12.0,95.0,31.0,8.0
0,0,Sports,0,1,70.0,16.0,95.0,27.0,8.0
2,0,Clubs,1,1,71.0,5.0,97.0,21.0,8.0
1,1,Arts,0,1,75.0,5.0,90.0,17.0,8.0
0,0,Clubs,0,0,77.0,7.0,95.0,22.0,8.0
1,1,Arts,1,1,87.0,8.0,93.0,21.0,8.0
2,1,No CCA,1,1,68.0,15.0,91.0,14.0,8.0
1,1,Sports,0,0,76.0,3.0,93.0,21.0,8.0
0,0,No CCA,1,0,90.0,7.0,,18.0,8.0
2,0,Arts,0,0,62.0,8.0,99.0,20.0,8.0
1,0,Sports,1,0,62.0,14.0,96.0,31.0,8.0
0,1,Sports,0,0,62.0,17.0,94.0,16.0,8.0
0,0,Clubs,1,0,74.0,13.0,98.0,27.0,8.0
0,0,No CCA,1,0,64.0,16.0,99.0,27.0,8.0
1,0,Clubs,0,0,54.0,17.0,99.0,25.0,8.0
2,1,No CCA,1,0,85.0,9.0,94.0,18.0,8.0
2,0,Clubs,0,1,74.0,7.0,97.0,21.0,8.0
1,0,Clubs,0,1,52.0,7.0,99.0,24.0,8.0
2,0,No CCA,0,0,41.0,7.0,57.0,23.0,6.0
0,0,Clubs,0,1,69.0,15.0,98.0,22.0,8.0
1,0,Arts,1,0,68.0,13.0,93.0,24.0,8.0
0,0,No CCA,0,0,94.0,6.0,93.0,21.0,8.0
0,0,No CCA,0,0,65.0,16.0,93.0,27.0,8.0
1,0,Clubs,0,1,70.0,17.0,97.0,28.0,8.0
1,0,No CCA,0,1,64.0,17.0,99.0,28.0,8.0
1,1,Sports,1,1,43.0,10.0,94.0,30.0,8.0
1,1,Arts,0,1,66.0,12.0,95.0,21.0,8.0
1,0,No CCA,0,0,63.0,9.0,94.0,27.0,8.0
0,1,Sports,0,1,75.0,5.0,95.0,19.0,8.0
0,1,No CCA,1,1,83.0,9.0,96.0,20.0,8.0
1,0,Arts,0,0,46.0,4.0,96.0,30.0,8.0
1,0,No CCA,1,1,71.0,17.0,99.0,24.0,8.0
1,1,Arts,0,0,48.0,15.0,100.0,25.0,8.0
0,0,Clubs,1,0,73.0,12.0,97.0,28.0,8.0
2,0,Sports,0,1,55.0,15.0,93.0,18.0,8.0
1,0,Sports,0,0,54.0,7.0,95.0,31.0,8.0
0,0,No CCA,1,0,87.0,8.0,96.0,23.0,8.0
2,0,Clubs,0,1,68.0,14.0,94.0,23.0,8.0
0,1,Clubs,1,0,78.0,8.0,95.0,20.0,8.0
1,1,Sports,1,1,57.0,15.0,90.0,27.0,8.0
0,0,No CCA,0,1,91.0,7.0,100.0,21.0,8.0
2,0,Arts,0,1,71.0,15.0,99.0,19.0,8.0
2,1,Clubs,1,1,45.0,1.0,94.0,23.0,8.0
0,0,Sports,0,0,63.0,18.0,91.0,21.0,8.0
1,0,Clubs,0,1,61.0,10.0,97.0,28.0,8.0
1,1,Clubs,1,0,100.0,9.0,91.0,17.0,8.0
1,1,Arts,0,1,75.0,7.0,98.0,17.0,8.0
2,1,Sports,1,0,67.0,14.0,92.0,15.0,7.0
1,0,Arts,1,1,51.0,8.0,,30.0,8.0
2,0,No CCA,1,1,76.0,12.0,94.0,19.0,8.0
0,0,No CCA,0,1,70.0,19.0,95.0,22.0,8.0
0,1,No CCA,1,1,83.0,6.0,95.0,16.0,8.0
2,0,Clubs,1,1,80.0,7.0,92.0,19.0,8.0
1,0,No CCA,0,1,65.0,8.0,92.0,28.0,8.0
1,0,Arts,0,0,44.0,1.0,57.0,24.0,5.0
1,1,Arts,0,1,72.0,9.0,93.0,19.0,8.0
1,0,Sports,0,1,63.0,13.0,99.0,28.0,8.0
1,0,Clubs,1,1,66.0,15.0,97.0,24.0,8.0
1,0,Sports,1,0,49.0,14.0,97.0,30.0,8.0
1,0,No CCA,0,0,41.0,13.0,53.0,28.0,5.0
1,0,Arts,0,0,44.0,9.0,47.0,24.0,4.0
1,0,Sports,0,0,45.0,10.0,99.0,28.0,8.0
2,0,Clubs,0,0,37.0,14.0,55.0,23.0,5.0
1,1,Arts,0,1,46.0,7.0,89.0,24.0,8.0
1,0,Sports,0,0,55.0,8.0,93.0,31.0,8.0
1,0,Sports,0,1,69.0,7.0,100.0,28.0,8.0
1,0,Clubs,0,0,54.0,19.0,96.0,29.0,8.0
1,0,Clubs,0,1,64.0,8.0,93.0,22.0,8.0
2,0,No CCA,1,1,73.0,9.0,96.0,19.0,8.0
2,0,Clubs,0,1,74.0,9.0,96.0,21.0,8.0
2,0,No CCA,1,1,77.0,9.0,91.0,17.0,8.0
2,0,Clubs,1,1,82.0,8.0,97.0,17.0,8.0
1,0,No CCA,0,1,43.0,12.0,56.0,28.0,5.0
0,0,No CCA,0,1,94.0,7.0,91.0,21.0,8.0
0,1,No CCA,1,0,81.0,8.0,97.0,16.0,8.0
0,0,Sports,0,0,57.0,9.0,94.0,27.0,8.0
2,1,Arts,0,0,46.0,11.0,96.0,23.0,8.0
1,0,Clubs,0,0,65.0,13.0,91.0,28.0,8.0
1,1,Clubs,0,1,69.0,11.0,93.0,21.0,8.0
0,1,No CCA,1,0,85.0,8.0,96.0,16.0,8.0
1,0,No CCA,0,0,51.0,18.0,93.0,25.0,8.0
0,0,No CCA,0,0,92.0,7.0,95.0,22.0,8.0
1,0,Sports,0,1,61.0,10.0,90.0,24.0,8.0
1,1,Sports,0,1,85.0,7.0,98.0,22.0,8.0
2,0,Sports,1,1,77.0,9.0,99.0,19.0,8.0
1,0,Arts,1,0,60.0,16.0,,26.0,8.0
2,0,Sports,1,0,66.0,9.0,98.0,23.0,8.0
0,0,Clubs,1,0,82.0,8.0,94.0,24.0,8.0
1,0,Sports,1,1,60.0,15.0,96.0,28.0,8.0
1,0,Arts,0,0,47.0,12.0,68.0,30.0,6.0
1,0,Clubs,0,1,68.0,8.0,94.0,28.0,8.0
1,0,Arts,0,0,58.0,11.0,99.0,27.0,8.0
1,0,Arts,0,1,58.0,7.0,96.0,27.0,8.0
0,0,Clubs,0,0,76.0,6.0,96.0,27.0,8.0
1,0,Arts,1,1,60.0,7.0,92.0,22.0,8.0
0,0,No CCA,1,1,91.0,9.0,93.0,18.0,8.0
0,0,Clubs,0,1,62.0,16.0,94.0,21.0,8.0
0,1,No CCA,1,0,69.0,17.0,,16.0,8.0
1,0,Arts,0,0,53.0,17.0,95.0,29.0,8.0
0,0,No CCA,1,0,79.0,5.0,99.0,27.0,8.0
1,0,Arts,0,1,50.0,9.0,96.0,24.0,8.0
0,0,No CCA,0,0,66.0,12.0,95.0,20.0,8.0
0,1,Clubs,0,0,80.0,10.0,93.0,21.0,8.0
0,0,No CCA,1,1,90.0,9.0,98.0,23.0,8.0
1,0,Arts,1,0,60.0,18.0,91.0,26.0,8.0
1,0,No CCA,0,1,58.0,11.0,90.0,22.0,8.0
2,0,Arts,0,0,56.0,12.0,100.0,19.0,8.0
2,1,Clubs,1,0,72.0,14.0,100.0,20.0,8.0
1,0,Clubs,0,1,69.0,13.0,94.0,22.0,8.0
1,0,Arts,0,1,62.0,12.0,92.0,28.0,8.0
1,1,Clubs,0,1,66.0,16.0,93.0,19.0,8.0
0,0,No CCA,1,1,87.0,8.0,98.0,23.0,8.0
2,1,No CCA,1,1,76.0,8.0,97.0,14.0,8.0
1,0,Clubs,1,1,52.0,9.0,92.0,30.0,8.0
0,1,Sports,1,1,76.0,15.0,94.0,16.0,8.0
0,0,No CCA,0,1,62.0,16.0,93.0,21.0,8.0
1,0,Clubs,1,0,61.0,6.0,95.0,26.0,8.0
1,0,Clubs,1,0,49.0,8.0,,30.0,8.0
1,1,Clubs,0,0,47.0,7.0,97.0,25.0,8.0
0,0,Clubs,0,0,55.0,9.0,94.0,21.0,8.0
2,0,Sports,0,0,45.0,13.0,98.0,24.0,8.0
0,0,No CCA,1,0,67.0,7.0,,28.0,8.0
2,0,No CCA,1,1,80.0,7.0,92.0,19.0,8.0
0,0,Sports,0,0,74.0,9.0,91.0,20.0,8.0
1,0,Arts,1,0,85.0,9.0,94.0,25.0,8.0
0,0,Clubs,0,1,78.0,7.0,94.0,22.0,8.0
1,1,Clubs,0,0,69.0,15.0,92.0,19.0,8.0
2,0,No CCA,1,0,69.0,19.0,90.0,22.0,8.0
1,1,Sports,0,1,68.0,14.0,98.0,21.0,8.0
2,0,No CCA,1,0,51.0,16.0,94.0,22.0,8.0
0,1,No CCA,1,1,85.0,8.0,90.0,16.0,8.0
1,0,Clubs,0,1,69.0,14.0,97.0,22.0,8.0
0,1,No CCA,1,1,80.0,10.0,97.0,18.0,8.0
2,0,Sports,0,0,38.0,11.0,75.0,23.0,7.0
0,0,Clubs,0,1,68.0,13.0,92.0,21.0,8.0
1,0,Arts,0,1,53.0,13.0,96.0,30.0,8.0
2,0,Arts,0,1,53.0,13.0,91.0,19.0,8.0
0,0,No CCA,0,0,59.0,17.0,96.0,21.0,8.0
0,0,Clubs,0,1,68.0,11.0,96.0,21.0,8.0
0,1,No CCA,1,1,80.0,5.0,95.0,15.0,8.0
2,0,Arts,0,1,77.0,6.0,91.0,21.0,7.0
2,1,Sports,1,0,68.0,9.0,95.0,14.0,8.0
1,0,Arts,0,0,54.0,20.0,95.0,29.0,8.0
1,0,Sports,1,0,54.0,6.0,98.0,30.0,8.0
1,1,Sports,1,0,85.0,5.0,94.0,17.0,8.0
0,0,No CCA,0,1,66.0,11.0,97.0,22.0,8.0
1,0,No CCA,1,1,61.0,15.0,92.0,28.0,8.0
0,0,No CCA,0,0,91.0,6.0,91.0,21.0,8.0
1,0,Sports,0,1,67.0,8.0,96.0,28.0,8.0
1,0,Sports,0,0,50.0,6.0,99.0,30.0,8.0
0,1,No CCA,1,1,80.0,9.0,98.0,15.0,8.0
2,0,Clubs,1,1,61.0,19.0,100.0,20.0,8.0
0,0,No CCA,1,0,90.0,10.0,97.0,18.0,8.0
1,1,Clubs,0,1,72.0,20.0,94.0,21.0,8.0
0,1,No CCA,1,0,83.0,5.0,95.0,16.0,8.0
2,0,Sports,0,0,41.0,11.0,69.0,23.0,6.0
0,1,No CCA,0,1,75.0,10.0,,15.0,8.0
2,0,Sports,1,0,70.0,8.0,92.0,23.0,8.0
2,0,Clubs,1,0,79.0,5.0,98.0,21.0,8.0
2,1,Clubs,1,1,76.0,7.0,93.0,14.0,8.0
1,1,Arts,1,0,49.0,0.0,92.0,30.0,8.0
2,1,No CCA,1,0,70.0,11.0,96.0,15.0,8.0
1,0,Arts,1,1,76.0,11.0,100.0,25.0,8.0
0,0,Clubs,0,0,63.0,10.0,90.0,27.0,8.0
1,0,Sports,1,1,67.0,11.0,92.0,28.0,8.0
1,1,Sports,0,0,77.0,7.0,93.0,21.0,8.0
2,0,Clubs,0,1,53.0,12.0,94.0,19.0,8.0
1,0,Arts,1,1,79.0,5.0,96.0,25.0,8.0
1,0,Sports,0,0,44.0,9.0,96.0,25.0,8.0
0,0,No CCA,0,0,64.0,6.0,91.0,27.0,8.0
2,1,No CCA,1,0,85.0,6.0,92.0,18.0,8.0
0,0,Sports,0,1,66.0,12.0,100.0,27.0,8.0
2,0,Sports,0,1,60.0,12.0,99.0,22.0,8.0
2,0,Arts,0,0,51.0,14.0,92.0,20.0,8.0
2,0,Sports,0,0,41.0,13.0,99.0,22.0,8.0
2,0,Sports,0,1,69.0,8.0,92.0,23.0,8.0
2,0,No CCA,1,1,78.0,5.0,91.0,17.0,8.0
2,1,Sports,1,0,71.0,13.0,97.0,15.0,8.0
2,0,Clubs,0,0,68.0,6.0,98.0,19.0,8.0
0,0,No CCA,0,1,67.0,16.0,91.0,27.0,8.0
1,0,Sports,0,0,51.0,18.0,95.0,25.0,8.0
1,0,Arts,0,1,52.0,18.0,100.0,25.0,8.0
0,1,Sports,0,1,75.0,6.0,94.0,16.0,8.0
1,0,No CCA,0,0,41.0,13.0,91.0,28.0,8.0
0,1,Clubs,0,0,76.0,0.0,94.0,21.0,8.0
2,0,Arts,0,1,42.0,13.0,97.0,24.0,8.0
1,1,No CCA,0,1,85.0,5.0,,22.0,8.0
1,0,No CCA,0,1,65.0,14.0,92.0,28.0,8.0
0,1,Arts,1,0,78.0,8.0,98.0,20.0,8.0
1,0,Clubs,0,1,67.0,13.0,93.0,28.0,8.0
1,0,Sports,0,1,59.0,16.0,100.0,27.0,8.0
1,1,Sports,1,1,49.0,0.0,89.0,30.0,8.0
0,0,Clubs,1,1,74.0,17.0,100.0,21.0,8.0
2,0,Sports,1,0,74.0,8.0,90.0,23.0,8.0
0,0,Clubs,0,1,58.0,5.0,94.0,27.0,8.0
1,0,Arts,0,1,54.0,12.0,94.0,29.0,8.0
1,1,No CCA,0,1,70.0,6.0,95.0,19.0,8.0
0,0,Arts,0,0,67.0,8.0,96.0,27.0,8.0
0,0,Clubs,0,1,59.0,6.0,95.0,27.0,8.0
2,0,Arts,0,0,54.0,14.0,96.0,22.0,8.0
1,1,No CCA,0,1,78.0,9.0,100.0,21.0,8.0
0,0,No CCA,1,1,94.0,7.0,94.0,25.0,8.0
1,1,Arts,0,1,80.0,8.0,94.0,22.0,8.0
1,0,Clubs,0,0,44.0,7.0,92.0,24.0,8.0
0,1,No CCA,1,1,87.0,6.0,98.0,18.0,8.0
2,0,Arts,0,0,56.0,8.0,,19.0,8.0
0,0,Arts,1,1,91.0,9.0,94.0,23.0,8.0
2,0,Sports,0,1,66.0,5.0,96.0,19.0,8.0
2,0,Arts,0,0,59.0,19.0,96.0,20.0,8.0
1,1,Arts,0,1,72.0,14.0,99.0,20.0,8.0
0,1,Clubs,1,0,80.0,5.0,92.0,21.0,8.0
0,0,No CCA,1,1,72.0,6.0,96.0,27.0,8.0
1,0,Arts,0,1,66.0,10.0,93.0,22.0,8.0
1,1,Clubs,0,1,78.0,8.0,97.0,21.0,8.0
0,1,No CCA,1,0,78.0,10.0,95.0,20.0,8.0
0,0,Clubs,0,0,54.0,9.0,,21.0,8.0
0,0,Clubs,1,1,72.0,16.0,92.0,21.0,8.0
2,0,Sports,0,0,40.0,12.0,54.0,22.0,5.0
1,0,Sports,1,1,79.0,6.0,90.0,25.0,8.0
1,0,Clubs,0,1,59.0,9.0,97.0,27.0,8.0
1,0,Clubs,0,0,47.0,12.0,93.0,25.0,8.0
1,0,Clubs,1,1,77.0,8.0,97.0,25.0,8.0
0,1,No CCA,1,1,79.0,10.0,97.0,17.0,8.0
1,0,Sports,0,1,61.0,8.0,90.0,22.0,8.0
0,0,Sports,0,0,63.0,10.0,99.0,27.0,8.0
1,0,Sports,0,1,63.0,8.0,93.0,28.0,8.0
1,0,No CCA,0,0,62.0,7.0,97.0,28.0,8.0
1,0,Clubs,0,0,53.0,18.0,91.0,31.0,7.0
1,0,Sports,1,0,55.0,15.0,97.0,26.0,8.0
2,1,Sports,1,0,72.0,13.0,100.0,20.0,8.0
1,0,Clubs,0,1,56.0,9.0,93.0,22.0,8.0
0,0,Arts,0,1,71.0,12.0,94.0,21.0,8.0
1,0,Sports,0,0,58.0,12.0,,31.0,8.0
1,0,Sports,1,1,49.0,15.0,67.0,30.0,6.0
0,1,Arts,0,1,82.0,8.0,97.0,20.0,8.0
1,0,Clubs,1,1,47.0,1.0,93.0,30.0,8.0
0,0,No CCA,1,1,87.0,8.0,94.0,23.0,8.0
1,0,No CCA,0,1,65.0,14.0,97.0,28.0,8.0
1,0,Arts,1,0,56.0,14.0,93.0,26.0,8.0
1,0,Clubs,0,1,54.0,11.0,92.0,24.0,8.0
1,1,Clubs,0,1,74.0,16.0,91.0,21.0,8.0
1,0,No CCA,0,1,61.0,15.0,,22.0,8.0
0,0,Clubs,0,0,61.0,14.0,94.0,22.0,8.0
0,0,No CCA,1,1,79.0,5.0,94.0,28.0,8.0
2,0,Arts,0,0,50.0,18.0,85.0,22.0,7.0
2,0,Arts,0,0,53.0,5.0,94.0,19.0,8.0
2,1,Sports,1,1,76.0,7.0,100.0,14.0,8.0
2,0,Clubs,1,1,78.0,10.0,98.0,19.0,8.0
2,0,No CCA,0,1,71.0,6.0,94.0,19.0,8.0
1,0,Sports,0,1,69.0,5.0,98.0,28.0,8.0
0,1,Clubs,1,0,74.0,12.0,98.0,18.0,8.0
0,0,Clubs,1,1,84.0,8.0,96.0,23.0,8.0
0,0,Clubs,1,1,70.0,5.0,99.0,27.0,8.0
2,0,No CCA,0,0,69.0,10.0,92.0,21.0,8.0
1,1,Arts,1,0,55.0,16.0,96.0,27.0,8.0
0,1,Sports,1,0,76.0,16.0,93.0,16.0,8.0
1,1,Clubs,1,1,79.0,9.0,92.0,17.0,8.0
0,0,No CCA,1,1,93.0,9.0,93.0,19.0,8.0
1,0,Sports,0,0,45.0,10.0,57.0,24.0,5.0
1,0,Sports,0,1,63.0,12.0,96.0,28.0,8.0
1,0,Clubs,0,0,52.0,16.0,95.0,25.0,8.0
1,0,No CCA,1,1,81.0,7.0,98.0,25.0,8.0
1,0,Sports,0,0,59.0,17.0,91.0,27.0,8.0
0,1,Clubs,1,0,78.0,8.0,98.0,20.0,8.0
1,0,Clubs,0,1,66.0,10.0,99.0,28.0,8.0
1,0,Sports,0,1,60.0,13.0,98.0,27.0,8.0
0,0,Sports,1,1,74.0,7.0,94.0,28.0,8.0
1,1,Clubs,0,1,77.0,6.0,100.0,20.0,8.0
2,0,Clubs,1,0,53.0,7.0,98.0,22.0,8.0
1,0,Sports,0,0,54.0,13.0,99.0,31.0,8.0
1,0,Arts,0,1,40.0,5.0,91.0,28.0,8.0
2,0,Clubs,0,1,68.0,14.0,94.0,19.0,8.0
1,0,Clubs,0,1,66.0,6.0,100.0,27.0,8.0
1,0,Sports,0,1,48.0,13.0,56.0,30.0,4.0
1,0,Sports,1,1,52.0,12.0,96.0,25.0,8.0
2,0,Clubs,1,1,63.0,18.0,95.0,22.0,8.0
1,1,No CCA,0,1,77.0,10.0,95.0,17.0,8.0
0,1,Sports,0,0,82.0,7.0,97.0,21.0,8.0
1,0,No CCA,0,1,67.0,12.0,98.0,28.0,8.0
0,0,Clubs,0,0,70.0,9.0,97.0,27.0,8.0
0,0,Arts,0,0,64.0,16.0,95.0,27.0,8.0
1,0,Clubs,1,1,54.0,17.0,98.0,26.0,8.0
2,0,No CCA,1,1,68.0,18.0,100.0,19.0,8.0
0,0,Sports,0,0,68.0,10.0,97.0,22.0,8.0
2,0,Arts,1,0,72.0,14.0,94.0,22.0,8.0
0,0,No CCA,0,1,69.0,11.0,97.0,22.0,8.0
0,1,Sports,0,1,77.0,6.0,94.0,19.0,8.0
2,0,Sports,1,1,78.0,6.0,97.0,17.0,8.0
0,1,Arts,0,1,77.0,6.0,,20.0,8.0
0,0,No CCA,0,1,81.0,7.0,100.0,22.0,8.0
1,0,Clubs,0,0,50.0,16.0,98.0,30.0,8.0
1,1,Sports,0,1,77.0,8.0,99.0,20.0,8.0
2,0,Sports,1,0,72.0,20.0,92.0,23.0,8.0
0,0,Clubs,0,0,63.0,13.0,,27.0,8.0
1,0,Arts,1,0,67.0,10.0,97.0,28.0,8.0
2,1,Arts,1,0,84.0,10.0,94.0,18.0,8.0
0,1,Clubs,1,1,75.0,8.0,92.0,18.0,8.0
1,0,Clubs,1,1,49.0,10.0,78.0,30.0,6.0
1,1,Sports,1,1,48.0,4.0,57.0,30.0,5.0
1,0,Arts,0,1,41.0,4.0,92.0,28.0,8.0
2,1,No CCA,1,0,67.0,20.0,94.0,20.0,8.0
0,0,Sports,0,0,66.0,16.0,98.0,20.0,8.0
0,0,Sports,0,1,69.0,13.0,98.0,22.0,8.0
2,0,Clubs,1,1,58.0,17.0,97.0,22.0,8.0
1,0,Arts,1,1,59.0,8.0,91.0,28.0,8.0
1,0,Sports,1,0,56.0,19.0,94.0,28.0,8.0
0,0,Arts,1,0,67.0,7.0,93.0,27.0,8.0
1,0,No CCA,1,1,48.0,13.0,91.0,30.0,8.0
1,0,No CCA,0,1,66.0,9.0,96.0,27.0,8.0
1,0,No CCA,1,1,73.0,16.0,99.0,24.0,8.0
2,0,Clubs,0,1,70.0,11.0,100.0,21.0,8.0
0,0,Sports,1,0,74.0,10.0,97.0,27.0,8.0
1,0,No CCA,0,1,68.0,15.0,92.0,28.0,8.0
1,0,Arts,0,0,58.0,10.0,98.0,31.0,8.0
1,0,Sports,0,1,67.0,8.0,99.0,28.0,8.0
1,0,Sports,1,1,63.0,15.0,97.0,22.0,8.0
0,0,No CCA,0,1,79.0,6.0,92.0,23.0,8.0
0,0,Clubs,1,0,57.0,11.0,91.0,20.0,7.0
0,0,No CCA,0,1,82.0,7.0,97.0,22.0,8.0
1,0,Sports,1,1,59.0,20.0,,28.0,8.0
1,0,Sports,0,1,59.0,9.0,100.0,27.0,8.0
2,0,No CCA,0,1,73.0,14.0,95.0,21.0,8.0
2,1,No CCA,1,0,73.0,18.0,94.0,18.0,8.0
1,0,Arts,1,0,59.0,6.0,,27.0,8.0
0,0,Clubs,1,0,92.0,9.0,98.0,18.0,8.0
1,0,Sports,1,1,63.0,15.0,98.0,22.0,8.0
2,0,No CCA,1,0,75.0,5.0,94.0,22.0,8.0
1,1,Arts,0,0,79.0,8.0,98.0,17.0,8.0
1,0,Clubs,0,0,50.0,8.0,57.0,30.0,4.0
1,0,Sports,0,0,47.0,4.0,99.0,25.0,8.0
0,0,Arts,0,1,61.0,10.0,92.0,27.0,8.0
1,1,Arts,0,0,41.0,2.0,56.0,28.0,4.0
0,0,No CCA,0,1,87.0,6.0,96.0,22.0,8.0
1,0,Clubs,1,1,63.0,13.0,90.0,28.0,8.0
1,0,Clubs,0,1,46.0,6.0,67.0,29.0,7.0
1,1,Arts,0,1,81.0,9.0,92.0,22.0,8.0
2,0,No CCA,1,1,59.0,13.0,94.0,22.0,8.0
2,0,Arts,0,0,55.0,14.0,96.0,20.0,8.0
0,1,Clubs,0,1,72.0,17.0,99.0,19.0,8.0
1,0,Sports,0,0,50.0,6.0,95.0,25.0,8.0
0,1,Arts,1,0,69.0,5.0,99.0,16.0,8.0
2,0,Arts,0,1,58.0,10.0,97.0,18.0,8.0
0,0,Clubs,1,0,61.0,6.0,96.0,22.0,8.0
0,0,No CCA,1,1,90.0,8.0,100.0,18.0,8.0
1,0,Clubs,0,1,61.0,7.0,91.0,24.0,8.0
1,1,Sports,1,0,56.0,19.0,93.0,27.0,8.0
0,0,Clubs,0,0,59.0,13.0,96.0,21.0,8.0
0,0,No CCA,1,0,88.0,7.0,90.0,19.0,8.0
0,0,No CCA,0,1,79.0,6.0,92.0,21.0,8.0
2,0,Arts,1,1,82.0,7.0,90.0,17.0,8.0
2,1,Sports,0,0,60.0,7.0,94.0,16.0,8.0
1,0,Sports,0,1,71.0,17.0,91.0,22.0,8.0
2,1,Clubs,1,0,69.0,18.0,96.0,15.0,8.0
2,0,Arts,1,1,57.0,9.0,94.0,22.0,8.0
2,0,Clubs,1,0,71.0,11.0,96.0,17.0,8.0
0,0,No CCA,0,1,69.0,12.0,93.0,22.0,7.0
1,0,Clubs,1,1,59.0,13.0,95.0,28.0,8.0
2,0,Arts,1,1,78.0,6.0,96.0,17.0,8.0
1,1,No CCA,1,1,82.0,5.0,94.0,17.0,8.0
1,0,Sports,1,0,51.0,12.0,96.0,30.0,8.0
1,0,Arts,1,0,43.0,8.0,58.0,24.0,4.0
1,0,Sports,1,1,58.0,15.0,98.0,28.0,8.0
1,1,No CCA,0,1,74.0,11.0,90.0,17.0,7.0
1,0,Clubs,0,0,47.0,14.0,84.0,25.0,7.0
0,0,Clubs,1,0,77.0,6.0,92.0,28.0,8.0
0,0,No CCA,0,0,93.0,7.0,95.0,25.0,8.0
2,0,Arts,0,0,58.0,13.0,92.0,20.0,8.0
0,0,No CCA,0,0,77.0,6.0,93.0,21.0,8.0
1,1,Clubs,0,0,45.0,6.0,51.0,28.0,4.0
0,0,Sports,1,1,74.0,5.0,100.0,27.0,8.0
0,0,No CCA,1,1,90.0,7.0,91.0,23.0,8.0
1,0,Clubs,0,1,43.0,8.0,50.0,24.0,4.0
1,1,Arts,0,1,64.0,14.0,93.0,19.0,8.0
1,0,Arts,0,0,51.0,15.0,100.0,30.0,8.0
2,0,Clubs,0,1,69.0,11.0,99.0,21.0,8.0
1,0,Clubs,1,0,56.0,6.0,93.0,28.0,8.0
0,0,Clubs,0,1,76.0,18.0,,22.0,8.0
1,1,No CCA,0,1,82.0,6.0,95.0,21.0,8.0
0,0,Clubs,1,1,95.0,8.0,93.0,18.0,8.0
2,0,Arts,0,1,57.0,8.0,92.0,19.0,8.0
0,1,Clubs,0,1,80.0,9.0,95.0,19.0,8.0
1,0,Arts,0,1,70.0,19.0,92.0,28.0,8.0
0,0,Clubs,1,1,67.0,14.0,93.0,20.0,8.0
0,0,Sports,0,1,66.0,16.0,99.0,21.0,8.0
1,0,No CCA,0,1,65.0,16.0,92.0,28.0,8.0
0,1,Clubs,1,1,81.0,8.0,97.0,17.0,8.0
0,1,No CCA,1,0,84.0,9.0,99.0,20.0,8.0
1,1,Clubs,1,0,49.0,1.0,91.0,30.0,8.0
2,0,No CCA,0,1,72.0,10.0,98.0,21.0,8.0
1,0,No CCA,1,1,71.0,9.0,93.0,24.0,8.0
2,0,Sports,1,0,71.0,6.0,94.0,23.0,8.0
1,0,Clubs,1,1,59.0,18.0,100.0,28.0,8.0
1,0,Clubs,1,1,59.0,6.0,93.0,30.0,8.0
1,0,Arts,0,1,56.0,11.0,95.0,28.0,8.0
1,0,No CCA,0,1,65.0,6.0,100.0,28.0,8.0
1,1,No CCA,1,1,100.0,5.0,97.0,17.0,8.0
0,0,Arts,0,0,69.0,14.0,92.0,21.0,7.0
2,1,No CCA,1,1,83.0,8.0,98.0,18.0,8.0
1,1,Sports,1,0,85.0,8.0,91.0,17.0,8.0
1,1,Clubs,1,1,88.0,5.0,98.0,21.0,8.0
0,0,Clubs,0,0,59.0,11.0,94.0,21.0,8.0
1,1,Sports,0,0,49.0,9.0,93.0,25.0,8.0
1,0,No CCA,0,1,63.0,13.0,93.0,24.0,8.0
1,1,Arts,1,1,71.0,16.0,100.0,19.0,8.0
0,1,Arts,1,0,77.0,9.0,93.0,18.0,8.0
0,0,No CCA,1,1,81.0,7.0,96.0,24.0,8.0
0,1,Clubs,1,1,83.0,6.0,93.0,15.0,8.0
0,0,Sports,0,1,73.0,11.0,95.0,21.0,8.0
2,1,Clubs,1,0,73.0,18.0,90.0,14.0,8.0
0,0,No CCA,0,1,92.0,10.0,92.0,25.0,8.0
1,1,Clubs,1,1,78.0,9.0,98.0,17.0,8.0
1,0,Sports,0,1,58.0,6.0,97.0,22.0,8.0
0,0,Sports,1,1,58.0,12.0,100.0,20.0,8.0
1,1,Sports,0,0,53.0,17.0,99.0,25.0,8.0
2,0,Sports,0,1,51.0,7.0,99.0,18.0,8.0
0,1,No CCA,1,1,83.0,10.0,97.0,16.0,8.0
0,0,Sports,0,0,76.0,8.0,91.0,27.0,8.0
0,0,Arts,0,0,55.0,19.0,96.0,22.0,8.0
0,0,Sports,0,0,93.0,10.0,92.0,25.0,8.0
1,1,Sports,0,1,79.0,10.0,98.0,17.0,8.0
0,0,Sports,0,1,66.0,14.0,97.0,21.0,8.0
0,0,Arts,0,1,57.0,8.0,93.0,21.0,8.0
1,1,No CCA,0,1,79.0,5.0,90.0,17.0,8.0
0,1,No CCA,1,0,88.0,5.0,90.0,17.0,7.0
2,1,No CCA,1,0,81.0,9.0,96.0,18.0,8.0
0,0,Arts,0,1,75.0,7.0,97.0,21.0,8.0
2,0,No CCA,1,0,74.0,11.0,,23.0,8.0
0,0,Sports,0,0,82.0,6.0,100.0,22.0,8.0
0,0,Arts,0,0,63.0,15.0,90.0,27.0,7.0
0,0,Clubs,1,1,95.0,7.0,96.0,23.0,8.0
1,1,Sports,1,0,47.0,2.0,99.0,30.0,8.0
1,1,Arts,1,1,49.0,8.0,62.0,30.0,6.0
2,0,Arts,1,1,70.0,11.0,,22.0,8.0
0,1,No CCA,1,1,79.0,8.0,95.0,20.0,8.0
1,1,No CCA,0,1,80.0,6.0,94.0,17.0,8.0
1,0,Sports,1,0,55.0,10.0,99.0,26.0,8.0
1,0,Sports,0,0,47.0,14.0,80.0,25.0,8.0
1,1,Clubs,0,1,43.0,4.0,96.0,24.0,8.0
1,1,Arts,1,1,90.0,6.0,97.0,21.0,8.0
2,0,Arts,0,1,45.0,8.0,74.0,24.0,7.0
0,1,No CCA,1,0,77.0,9.0,95.0,15.0,8.0
2,1,Clubs,1,0,41.0,13.0,67.0,22.0,6.0
1,0,No CCA,0,1,62.0,14.0,,28.0,8.0
2,0,Clubs,1,0,67.0,16.0,98.0,22.0,8.0
1,0,Sports,0,1,58.0,5.0,96.0,24.0,8.0
0,0,Arts,1,1,80.0,6.0,99.0,24.0,8.0
1,0,Sports,1,1,69.0,10.0,96.0,22.0,8.0
1,0,Sports,0,0,54.0,16.0,98.0,25.0,8.0
0,0,Sports,0,0,71.0,13.0,95.0,22.0,8.0
0,0,Sports,0,0,69.0,19.0,100.0,21.0,8.0
1,0,Sports,1,1,57.0,15.0,97.0,28.0,8.0
0,0,No CCA,1,1,91.0,10.0,96.0,23.0,8.0
2,0,Sports,1,0,75.0,10.0,93.0,22.0,8.0
0,0,No CCA,0,1,94.0,5.0,99.0,21.0,8.0
2,0,Clubs,1,1,45.0,4.0,93.0,24.0,8.0
1,1,No CCA,0,0,47.0,11.0,96.0,25.0,8.0
0,1,Arts,1,1,80.0,5.0,95.0,19.0,8.0
1,1,No CCA,1,1,81.0,10.0,96.0,17.0,8.0
1,0,Sports,1,0,54.0,12.0,93.0,30.0,8.0
2,0,Sports,1,1,61.0,17.0,95.0,22.0,8.0
0,0,Sports,0,1,64.0,11.0,95.0,22.0,8.0
0,1,Clubs,1,0,80.0,6.0,91.0,19.0,8.0
1,0,Sports,0,0,62.0,18.0,96.0,28.0,8.0
1,0,Sports,1,0,67.0,14.0,93.0,24.0,8.0
0,0,Arts,1,0,71.0,19.0,98.0,28.0,8.0
1,0,Clubs,1,1,78.0,9.0,93.0,25.0,8.0
0,1,Sports,1,1,89.0,6.0,99.0,16.0,8.0
1,1,No CCA,1,1,96.0,7.0,95.0,17.0,8.0
0,0,Arts,0,0,58.0,17.0,99.0,27.0,8.0
0,0,No CCA,0,1,69.0,6.0,96.0,22.0,8.0
0,0,Clubs,0,1,67.0,12.0,93.0,21.0,8.0
0,0,No CCA,1,1,79.0,6.0,91.0,27.0,8.0
0,1,Sports,0,1,79.0,9.0,95.0,20.0,8.0
1,0,Clubs,0,0,65.0,8.0,,28.0,8.0
0,1,Sports,1,0,85.0,9.0,92.0,20.0,8.0
0,0,Sports,0,1,70.0,12.0,95.0,22.0,8.0
0,0,No CCA,1,1,85.0,6.0,90.0,18.0,8.0
1,1,Arts,0,1,85.0,6.0,99.0,22.0,8.0
0,0,No CCA,0,1,90.0,5.0,96.0,22.0,8.0
1,0,No CCA,0,1,64.0,19.0,,28.0,8.0
1,0,Arts,0,0,47.0,6.0,95.0,25.0,8.0
1,0,Clubs,1,1,73.0,15.0,98.0,24.0,8.0
1,1,Sports,0,1,88.0,6.0,98.0,22.0,8.0
0,0,No CCA,1,1,80.0,6.0,,24.0,8.0
0,1,Clubs,1,0,69.0,17.0,91.0,16.0,8.0
0,1,Sports,0,1,71.0,13.0,91.0,20.0,8.0
1,1,No CCA,1,1,100.0,9.0,98.0,17.0,8.0
1,1,Arts,0,1,68.0,11.0,,19.0,8.0
1,1,Sports,0,1,72.0,18.0,100.0,20.0,8.0
1,0,Clubs,0,0,54.0,8.0,95.0,24.0,8.0
1,0,Arts,1,1,70.0,5.0,97.0,22.0,8.0
0,0,No CCA,1,1,92.0,7.0,93.0,23.0,8.0
1,1,Clubs,0,1,52.0,13.0,95.0,25.0,8.0
2,0,No CCA,1,1,61.0,19.0,92.0,22.0,8.0
1,1,Sports,0,1,72.0,9.0,97.0,21.0,8.0
2,0,Sports,0,0,43.0,10.0,89.0,22.0,8.0
2,1,No CCA,0,0,60.0,17.0,98.0,16.0,8.0
0,0,Arts,0,0,76.0,17.0,95.0,27.0,8.0
0,0,No CCA,0,1,90.0,6.0,96.0,25.0,8.0
2,1,Arts,1,0,84.0,10.0,94.0,14.0,8.0
2,0,Sports,0,1,48.0,1.0,75.0,19.0,6.0
0,0,Clubs,0,1,70.0,11.0,97.0,22.0,8.0
1,0,Arts,1,0,55.0,7.0,93.0,30.0,8.0
0,0,No CCA,0,0,94.0,6.0,98.0,25.0,8.0
2,0,Arts,1,1,58.0,11.0,93.0,22.0,8.0
0,0,Sports,0,1,65.0,7.0,91.0,27.0,8.0
0,0,Clubs,1,0,75.0,20.0,97.0,27.0,8.0
2,0,Clubs,0,1,58.0,10.0,91.0,22.0,7.0
0,1,Sports,1,1,67.0,11.0,,16.0,8.0
0,1,No CCA,0,0,73.0,8.0,90.0,21.0,8.0
1,0,Arts,0,1,53.0,7.0,96.0,29.0,8.0
0,1,Arts,1,1,89.0,5.0,97.0,16.0,8.0
0,1,Sports,0,0,79.0,10.0,91.0,19.0,8.0
1,0,Clubs,0,1,69.0,9.0,94.0,28.0,8.0
0,0,Sports,0,0,61.0,7.0,94.0,27.0,8.0
2,0,Sports,1,1,57.0,14.0,97.0,22.0,8.0
2,1,Clubs,0,1,43.0,7.0,88.0,23.0,8.0
1,1,No CCA,0,0,49.0,2.0,94.0,30.0,8.0
1,1,Sports,0,1,73.0,11.0,94.0,20.0,8.0
2,0,Sports,0,1,68.0,13.0,,19.0,8.0
1,0,Clubs,0,0,52.0,8.0,92.0,30.0,8.0
1,0,Sports,1,0,69.0,16.0,93.0,24.0,8.0
0,0,No CCA,1,1,94.0,9.0,96.0,21.0,8.0
2,0,Sports,1,0,71.0,18.0,92.0,17.0,8.0
0,1,Arts,1,0,74.0,9.0,97.0,15.0,8.0
0,1,Sports,1,0,74.0,9.0,95.0,18.0,8.0
2,1,Arts,0,0,41.0,6.0,93.0,22.0,8.0
0,0,Clubs,1,1,57.0,13.0,100.0,20.0,8.0
1,0,Clubs,1,1,74.0,15.0,99.0,25.0,8.0
2,1,No CCA,1,0,81.0,6.0,93.0,18.0,8.0
0,1,No CCA,1,1,88.0,6.0,97.0,16.0,8.0
0,1,No CCA,1,0,87.0,10.0,94.0,20.0,8.0
1,0,Clubs,1,1,53.0,6.0,96.0,30.0,8.0
2,0,Sports,0,1,62.0,8.0,97.0,23.0,8.0
1,1,No CCA,1,1,90.0,7.0,93.0,21.0,8.0
0,0,Sports,1,0,74.0,7.0,95.0,28.0,8.0
2,0,Arts,0,1,71.0,16.0,91.0,21.0,8.0
0,0,Arts,0,1,94.0,7.0,93.0,21.0,8.0
1,0,Sports,0,0,53.0,16.0,93.0,30.0,8.0
0,1,Arts,1,0,83.0,7.0,91.0,20.0,8.0
0,0,Sports,1,1,83.0,8.0,91.0,24.0,7.0
1,0,Sports,1,1,79.0,7.0,90.0,25.0,8.0
0,0,No CCA,0,0,70.0,9.0,92.0,27.0,8.0
1,0,Arts,1,0,55.0,13.0,90.0,26.0,8.0
0,0,Clubs,0,0,61.0,20.0,,22.0,8.0
0,0,Sports,0,1,70.0,13.0,96.0,22.0,8.0
1,0,Sports,1,1,58.0,7.0,100.0,24.0,8.0
1,1,Sports,0,1,79.0,6.0,95.0,17.0,8.0
1,0,Sports,1,1,46.0,8.0,93.0,25.0,8.0
1,1,Sports,1,0,78.0,6.0,96.0,20.0,8.0
0,0,No CCA,0,1,94.0,8.0,94.0,25.0,8.0
0,0,Sports,1,0,75.0,6.0,92.0,27.0,8.0
2,0,Arts,0,1,73.0,6.0,95.0,19.0,8.0
1,0,Sports,0,1,67.0,18.0,96.0,28.0,8.0
0,0,No CCA,1,0,96.0,9.0,94.0,19.0,8.0
0,0,Sports,1,0,66.0,18.0,94.0,20.0,8.0
1,1,Clubs,0,1,53.0,14.0,91.0,25.0,8.0
0,1,Sports,1,1,70.0,13.0,99.0,16.0,8.0
1,0,Arts,0,0,45.0,14.0,95.0,24.0,8.0
0,0,No CCA,0,1,95.0,8.0,99.0,21.0,8.0
0,1,Arts,0,1,75.0,19.0,96.0,15.0,8.0
1,1,Clubs,1,0,43.0,0.0,49.0,30.0,4.0
2,1,Arts,0,0,41.0,4.0,67.0,22.0,6.0
0,0,No CCA,0,1,91.0,9.0,90.0,25.0,8.0
1,1,Clubs,1,1,96.0,6.0,97.0,21.0,8.0
1,1,Arts,0,1,82.0,8.0,95.0,22.0,8.0
0,0,Clubs,0,0,67.0,6.0,97.0,20.0,8.0
1,1,Clubs,0,0,51.0,17.0,91.0,25.0,8.0
0,1,Arts,1,1,84.0,6.0,90.0,20.0,8.0
0,1,No CCA,1,1,87.0,5.0,100.0,20.0,8.0
1,0,Sports,0,1,54.0,18.0,91.0,25.0,8.0
0,1,Arts,1,1,71.0,5.0,95.0,16.0,8.0
2,0,Clubs,1,0,46.0,15.0,94.0,23.0,8.0
0,0,Sports,0,1,79.0,6.0,94.0,21.0,8.0
0,0,Clubs,0,1,94.0,9.0,97.0,25.0,8.0
2,0,Clubs,1,1,68.0,13.0,95.0,23.0,8.0
2,0,Sports,0,0,59.0,13.0,100.0,22.0,8.0
0,1,Arts,1,0,84.0,10.0,,20.0,8.0
1,0,Arts,0,0,59.0,11.0,94.0,27.0,8.0
0,1,Clubs,1,1,72.0,10.0,95.0,15.0,8.0
2,1,Sports,1,1,80.0,9.0,91.0,18.0,7.0
1,1,No CCA,0,0,82.0,8.0,94.0,22.0,8.0
2,0,Arts,0,1,74.0,9.0,,23.0,8.0
0,1,Sports,0,1,75.0,7.0,91.0,15.0,8.0
2,0,Sports,1,0,54.0,18.0,95.0,20.0,8.0
0,0,Sports,0,1,67.0,9.0,95.0,21.0,8.0
1,0,Clubs,0,1,59.0,5.0,97.0,27.0,8.0
0,0,No CCA,0,1,72.0,14.0,96.0,23.0,8.0
0,0,No CCA,0,1,91.0,6.0,94.0,21.0,8.0
1,0,Sports,1,0,59.0,20.0,91.0,26.0,8.0
2,1,Clubs,0,0,43.0,10.0,83.0,24.0,7.0
1,0,Sports,0,1,55.0,15.0,97.0,31.0,8.0
2,0,Arts,0,1,56.0,7.0,96.0,18.0,8.0
1,0,Clubs,1,0,54.0,10.0,96.0,30.0,8.0
0,0,Sports,0,0,87.0,8.0,94.0,22.0,8.0
2,1,Clubs,0,1,58.0,11.0,100.0,16.0,8.0
0,1,Clubs,1,0,87.0,7.0,91.0,16.0,8.0
2,0,Sports,0,1,59.0,20.0,100.0,20.0,8.0
0,0,Arts,1,0,93.0,7.0,93.0,25.0,8.0
0,0,Clubs,0,1,71.0,17.0,94.0,20.0,8.0
2,0,Arts,0,1,56.0,11.0,92.0,18.0,8.0
0,0,Clubs,0,1,60.0,10.0,,21.0,8.0
0,1,Clubs,1,1,75.0,7.0,90.0,16.0,8.0
0,1,Arts,0,0,79.0,9.0,98.0,19.0,8.0
0,0,Arts,1,1,63.0,17.0,95.0,20.0,8.0
0,0,Sports,0,1,65.0,16.0,96.0,27.0,8.0
1,0,Clubs,0,1,61.0,5.0,98.0,28.0,8.0
1,0,Arts,1,0,47.0,13.0,86.0,30.0,8.0
0,1,Clubs,1,1,75.0,6.0,92.0,15.0,7.0
1,1,Arts,1,1,92.0,7.0,95.0,21.0,8.0
2,0,Arts,1,1,80.0,6.0,96.0,19.0,8.0
0,0,Clubs,0,1,90.0,7.0,99.0,22.0,8.0
1,1,No CCA,0,1,75.0,4.0,96.0,21.0,8.0
1,0,Arts,1,0,55.0,8.0,92.0,30.0,8.0
2,0,Arts,0,1,65.0,17.0,93.0,23.0,7.0
1,1,Arts,0,1,69.0,18.0,96.0,19.0,8.0
1,0,Clubs,0,1,68.0,19.0,99.0,28.0,8.0
0,1,Clubs,1,0,49.0,4.0,93.0,20.0,8.0
0,0,No CCA,1,1,91.0,6.0,100.0,23.0,8.0
0,1,No CCA,0,1,73.0,17.0,99.0,16.0,8.0
0,0,Arts,1,1,93.0,7.0,91.0,19.0,8.0
1,1,Sports,1,1,70.0,5.0,97.0,21.0,8.0
2,0,Sports,0,0,53.0,15.0,91.0,20.0,8.0
2,1,Sports,0,0,57.0,9.0,93.0,16.0,8.0
1,0,Clubs,1,0,45.0,14.0,96.0,25.0,8.0
1,0,Sports,0,0,56.0,9.0,100.0,31.0,8.0
1,0,Clubs,0,0,47.0,8.0,97.0,29.0,8.0
0,1,Clubs,0,1,73.0,12.0,,20.0,8.0
0,1,Sports,1,0,83.0,6.0,90.0,20.0,8.0
0,0,Arts,0,0,76.0,9.0,97.0,27.0,8.0
1,0,No CCA,0,1,61.0,16.0,95.0,24.0,8.0
1,0,Clubs,0,1,53.0,20.0,99.0,30.0,8.0
1,0,Clubs,1,0,56.0,9.0,96.0,26.0,8.0
1,1,No CCA,0,1,85.0,7.0,91.0,22.0,8.0
1,1,Sports,0,1,76.0,7.0,93.0,17.0,8.0
1,0,Clubs,1,1,45.0,3.0,94.0,30.0,8.0
2,1,No CCA,1,0,87.0,9.0,91.0,18.0,8.0
